{"assembler":"MINIA","sample_id":"EMS","global":{"contigs":16744,"basepairs":30649738,"max_contig_size":161812,"N50":17967,"mapped_reads":95.97088917432633,"Ns":0},"filtered":{"contigs":3574,"basepairs":28218337,"N50":20782,"mapped_reads":92.195120840772,"Ns":0}}