{"assembler":"MINIA","sample_id":"EMS","global":{"contigs":16749,"basepairs":30649850,"max_contig_size":161812,"N50":17967,"mapped_reads":95.96071358856145,"Ns":0},"filtered":{"contigs":3574,"basepairs":28218370,"N50":20782,"mapped_reads":92.19569563616477,"Ns":0}}