{"assembler":"ABySS","sample_id":"EMS","global":{"contigs":32428,"basepairs":34563475,"max_contig_size":841100,"N50":124246,"mapped_reads":105.6916581253589,"Ns":881},"filtered":{"contigs":497,"basepairs":30987991,"N50":138706,"mapped_reads":105.49846427191349,"Ns":610}}