{"assembler":"MEGAHIT","sample_id":"EMS","global":{"contigs":979,"basepairs":30599129,"max_contig_size":768640,"N50":171540,"mapped_reads":100.89754585131465,"Ns":0},"filtered":{"contigs":518,"basepairs":30418717,"N50":171540,"mapped_reads":99.72676731087383,"Ns":0}}