{"sample_id":"EMS","ReferenceTables":{"Bacillus_subtilis":{"assembler":"MINIA","contiguity":0.032648182244899925,"multiplicity":1.0002838209176017,"validity":0.9999997471120192,"parsimony":1.0002840738774215,"identity":0.9999929305140223,"lowest_identity":0.9991728701406121,"breadth_of_coverage":0.9771410322672819,"L90":66,"aligned_contigs":117,"NA50":65138,"NG50":64960,"aligned_basepairs":3953197,"Ns":0},"Enterococcus_faecalis":{"assembler":"MINIA","contiguity":0.045908612943313255,"multiplicity":1.0007432247072583,"validity":1.0,"parsimony":1.0007432247072583,"identity":0.9999934557115278,"lowest_identity":0.9989071038251366,"breadth_of_coverage":0.9736303468906921,"L90":103,"aligned_contigs":167,"NA50":30453,"NG50":30440,"aligned_basepairs":2770360,"Ns":0},"Escherichia_coli_plasmid":{"assembler":"MINIA","contiguity":0.3306244148099666,"multiplicity":1.0002854424357754,"validity":1.0,"parsimony":1.0002854424357754,"identity":1.0,"lowest_identity":1.0,"breadth_of_coverage":0.9553937476706028,"L90":3,"aligned_contigs":5,"NA50":26838,"NG50":26838,"aligned_basepairs":105100,"Ns":0},"Escherichia_coli":{"assembler":"MINIA","contiguity":0.011346290810029054,"multiplicity":1.0023041273068116,"validity":1.0000298901866285,"parsimony":1.002274169144843,"identity":0.9999863617648962,"lowest_identity":0.9912472647702407,"breadth_of_coverage":0.7915180443166352,"L90":0,"aligned_contigs":1123,"NA50":4469,"NG50":3200,"aligned_basepairs":3771927,"Ns":0},"Lactobacillus_fermentum":{"assembler":"MINIA","contiguity":0.03464433776143068,"multiplicity":1.00080902827665,"validity":1.0004137579652683,"parsimony":1.0003951068327825,"identity":1.0,"lowest_identity":1.0,"breadth_of_coverage":0.9205508958276585,"L90":206,"aligned_contigs":237,"NA50":11209,"NG50":10836,"aligned_basepairs":1753956,"Ns":0},"Listeria_monocytogenes":{"assembler":"MINIA","contiguity":0.054075369727123436,"multiplicity":1.0005942382822663,"validity":1.0000003466932743,"parsimony":1.0005938913830938,"identity":0.999944047691713,"lowest_identity":0.9928940568475452,"breadth_of_coverage":0.9633531193961118,"L90":75,"aligned_contigs":127,"NA50":46368,"NG50":44353,"aligned_basepairs":2882682,"Ns":0},"Pseudomonas_aeruginosa":{"assembler":"MINIA","contiguity":0.015603629387853653,"multiplicity":1.0010379031042878,"validity":1.0000001532860936,"parsimony":1.0010377496591216,"identity":0.9999735541894245,"lowest_identity":0.9918743228602384,"breadth_of_coverage":0.9594625113915255,"L90":336,"aligned_contigs":522,"NA50":22123,"NG50":21276,"aligned_basepairs":6516986,"Ns":0},"Salmonella_enterica":{"assembler":"MINIA","contiguity":0.011955679987965744,"multiplicity":1.002369145371722,"validity":1.0,"parsimony":1.002369145371722,"identity":0.9999745523084627,"lowest_identity":0.9923203510696654,"breadth_of_coverage":0.8036159912734839,"L90":0,"aligned_contigs":1083,"NA50":4996,"NG50":3551,"aligned_basepairs":3825008,"Ns":0},"Staphylococcus_aureus":{"assembler":"MINIA","contiguity":0.033342896446200136,"multiplicity":1.0005773503386455,"validity":0.9999988475035968,"parsimony":1.0005785035017718,"identity":0.9999465587413642,"lowest_identity":0.9907834101382489,"breadth_of_coverage":0.9568777172113963,"L90":112,"aligned_contigs":176,"NA50":29647,"NG50":29165,"aligned_basepairs":2601540,"Ns":0},"Staphylococcus_aureus_plasmid1":{"assembler":"MINIA","contiguity":0.20356635632002526,"multiplicity":1.0,"validity":1.0,"parsimony":1.0,"identity":1.0,"lowest_identity":1.0,"breadth_of_coverage":0.20356635632002526,"L90":0,"aligned_contigs":1,"NA50":1290,"NG50":0,"aligned_basepairs":1290,"Ns":0},"Staphylococcus_aureus_plasmid2":{"assembler":"MINIA","contiguity":0.0,"multiplicity":0,"validity":0,"parsimony":0,"identity":0,"lowest_identity":0,"breadth_of_coverage":0.0,"L90":0,"aligned_contigs":0,"NA50":0,"NG50":0,"aligned_basepairs":0,"Ns":0},"Staphylococcus_aureus_plasmid3":{"assembler":"MINIA","contiguity":0.0,"multiplicity":0,"validity":0,"parsimony":0,"identity":0,"lowest_identity":0,"breadth_of_coverage":0.0,"L90":0,"aligned_contigs":0,"NA50":0,"NG50":0,"aligned_basepairs":0,"Ns":0}}}