{"sample_id":"EMS","ReferenceTables":{"Bacillus_subtilis":{"assembler":"Unicycler","contiguity":0.189923466455676,"multiplicity":1.0,"validity":1.0000407457170466,"parsimony":0.9999592559430992,"identity":1.0,"lowest_identity":1.0,"breadth_of_coverage":0.9827873060553277,"L90":11,"aligned_contigs":20,"NA50":314939,"NG50":314939,"aligned_basepairs":3976040,"Ns":0},"Enterococcus_faecalis":{"assembler":"Unicycler","contiguity":0.2347687067370682,"multiplicity":1.0,"validity":1.0000783298635838,"parsimony":0.9999216762715032,"identity":0.999998057214923,"lowest_identity":0.9999766408353238,"breadth_of_coverage":0.9781850795953598,"L90":8,"aligned_contigs":20,"NA50":377104,"NG50":377104,"aligned_basepairs":2783320,"Ns":0},"Escherichia_coli_plasmid":{"assembler":"Unicycler","contiguity":0.6247875135218668,"multiplicity":1.0,"validity":1.0,"parsimony":1.0,"identity":1.0,"lowest_identity":1.0,"breadth_of_coverage":0.9919550574054379,"L90":1,"aligned_contigs":2,"NA50":68731,"NG50":68731,"aligned_basepairs":109122,"Ns":0},"Escherichia_coli":{"assembler":"Unicycler","contiguity":0.11707097401831607,"multiplicity":1.0016872300066042,"validity":0.9796661239190839,"parsimony":1.0224781745023768,"identity":0.9942713289113619,"lowest_identity":0.5972628901312688,"breadth_of_coverage":0.9748291551199744,"L90":27,"aligned_contigs":71,"NA50":135851,"NG50":137962,"aligned_basepairs":4645484,"Ns":0},"Lactobacillus_fermentum":{"assembler":"Unicycler","contiguity":0.06386285232030306,"multiplicity":1.0,"validity":1.0001362321891893,"parsimony":0.999863786367492,"identity":1.0,"lowest_identity":1.0,"breadth_of_coverage":0.9324464542418569,"L90":49,"aligned_contigs":77,"NA50":46784,"NG50":45959,"aligned_basepairs":1776621,"Ns":0},"Listeria_monocytogenes":{"assembler":"Unicycler","contiguity":0.2434160266440133,"multiplicity":1.0,"validity":1.0001235599761817,"parsimony":0.9998764552889998,"identity":1.0,"lowest_identity":1.0,"breadth_of_coverage":0.9873189628725594,"L90":7,"aligned_contigs":14,"NA50":350985,"NG50":350985,"aligned_basepairs":2954396,"Ns":0},"Pseudomonas_aeruginosa":{"assembler":"Unicycler","contiguity":0.12480444854711123,"multiplicity":1.0,"validity":1.0000719149384747,"parsimony":0.9999280902329117,"identity":0.9995663760647321,"lowest_identity":0.9710238248551192,"breadth_of_coverage":0.9888728904514357,"L90":24,"aligned_contigs":67,"NA50":256472,"NG50":256472,"aligned_basepairs":6716751,"Ns":0},"Salmonella_enterica":{"assembler":"Unicycler","contiguity":0.11135005943594468,"multiplicity":1.0005417486384973,"validity":0.9705631661146246,"parsimony":1.0308878222155118,"identity":0.9874026471149258,"lowest_identity":0.43523137453790467,"breadth_of_coverage":0.9796066848945301,"L90":18,"aligned_contigs":45,"NA50":229307,"NG50":229307,"aligned_basepairs":4662679,"Ns":0},"Staphylococcus_aureus":{"assembler":"Unicycler","contiguity":0.4796780173460155,"multiplicity":1.0,"validity":1.0001423509350327,"parsimony":0.9998576693258718,"identity":0.9999976130726137,"lowest_identity":0.9999670918400927,"breadth_of_coverage":0.9845831586226175,"L90":5,"aligned_contigs":17,"NA50":394880,"NG50":394880,"aligned_basepairs":2676865,"Ns":0},"Staphylococcus_aureus_plasmid1":{"assembler":"Unicycler","contiguity":0.9818526116458892,"multiplicity":1.0,"validity":1.0,"parsimony":1.0,"identity":1.0,"lowest_identity":1.0,"breadth_of_coverage":0.9818526116458892,"L90":0,"aligned_contigs":1,"NA50":6222,"NG50":6222,"aligned_basepairs":6222,"Ns":0},"Staphylococcus_aureus_plasmid2":{"assembler":"Unicycler","contiguity":0.0,"multiplicity":0,"validity":0,"parsimony":0,"identity":0,"lowest_identity":0,"breadth_of_coverage":0.0,"L90":0,"aligned_contigs":0,"NA50":0,"NG50":0,"aligned_basepairs":0,"Ns":0},"Staphylococcus_aureus_plasmid3":{"assembler":"Unicycler","contiguity":0.0,"multiplicity":0,"validity":0,"parsimony":0,"identity":0,"lowest_identity":0,"breadth_of_coverage":0.0,"L90":0,"aligned_contigs":0,"NA50":0,"NG50":0,"aligned_basepairs":0,"Ns":0}}}