{"sample_id":"EMS","ReferenceTables":{"Bacillus_subtilis":{"assembler":"SKESA","contiguity":0.0977828927025069,"multiplicity":1.0,"validity":1.0,"parsimony":1.0,"identity":1.0,"lowest_identity":1.0,"breadth_of_coverage":0.9815724290396886,"L90":14,"aligned_contigs":26,"NA50":269493,"NG50":263164,"aligned_basepairs":3971125,"Ns":0},"Enterococcus_faecalis":{"assembler":"SKESA","contiguity":0.1357106507644641,"multiplicity":1.0,"validity":0.9777406637687044,"parsimony":1.022766094380791,"identity":0.985751299964453,"lowest_identity":0.3730571984359342,"breadth_of_coverage":0.9851113660261925,"L90":22,"aligned_contigs":44,"NA50":127539,"NG50":127539,"aligned_basepairs":2803028,"Ns":0},"Escherichia_coli_plasmid":{"assembler":"SKESA","contiguity":0.9975001590807858,"multiplicity":1.0,"validity":1.0,"parsimony":1.0,"identity":1.0,"lowest_identity":1.0,"breadth_of_coverage":0.9975001590807858,"L90":0,"aligned_contigs":1,"NA50":109732,"NG50":109732,"aligned_basepairs":109732,"Ns":0},"Escherichia_coli":{"assembler":"SKESA","contiguity":0.027602732510826927,"multiplicity":1.0000188262861363,"validity":0.9369278626786338,"parsimony":1.0673381229448426,"identity":0.9931650209386697,"lowest_identity":0.06019819920447282,"breadth_of_coverage":0.9585865631545836,"L90":86,"aligned_contigs":188,"NA50":59370,"NG50":59874,"aligned_basepairs":4568081,"Ns":0},"Lactobacillus_fermentum":{"assembler":"SKESA","contiguity":0.06386022810710779,"multiplicity":1.0,"validity":1.0,"parsimony":1.0,"identity":1.0,"lowest_identity":1.0,"breadth_of_coverage":0.9321116046381394,"L90":56,"aligned_contigs":86,"NA50":40164,"NG50":39869,"aligned_basepairs":1775983,"Ns":0},"Listeria_monocytogenes":{"assembler":"SKESA","contiguity":0.21121014910728786,"multiplicity":1.0,"validity":1.0,"parsimony":1.0,"identity":1.0,"lowest_identity":1.0,"breadth_of_coverage":0.9728603882844942,"L90":11,"aligned_contigs":20,"NA50":350999,"NG50":350999,"aligned_basepairs":2911131,"Ns":0},"Pseudomonas_aeruginosa":{"assembler":"SKESA","contiguity":0.06800376306804881,"multiplicity":1.0,"validity":0.9971233708487395,"parsimony":1.0028849280193002,"identity":0.9993955981797878,"lowest_identity":0.9398638543974285,"breadth_of_coverage":0.9866609837861234,"L90":35,"aligned_contigs":101,"NA50":171244,"NG50":187153,"aligned_basepairs":6701727,"Ns":0},"Salmonella_enterica":{"assembler":"SKESA","contiguity":0.05944350811997111,"multiplicity":1.0008846145171337,"validity":0.9918323830056831,"parsimony":1.0091267755182771,"identity":0.9972800858995212,"lowest_identity":0.6272080639773643,"breadth_of_coverage":0.9687592573217142,"L90":90,"aligned_contigs":171,"NA50":58245,"NG50":55131,"aligned_basepairs":4611048,"Ns":0},"Staphylococcus_aureus":{"assembler":"SKESA","contiguity":0.06682887177336894,"multiplicity":1.0000180614223821,"validity":1.0,"parsimony":1.0000180614223821,"identity":0.9999996855565428,"lowest_identity":0.9999789322883749,"breadth_of_coverage":0.977496524176285,"L90":41,"aligned_contigs":67,"NA50":53152,"NG50":53152,"aligned_basepairs":2657598,"Ns":0},"Staphylococcus_aureus_plasmid1":{"assembler":"SKESA","contiguity":0.9600757456209563,"multiplicity":1.0,"validity":1.0,"parsimony":1.0,"identity":1.0,"lowest_identity":1.0,"breadth_of_coverage":0.9600757456209563,"L90":0,"aligned_contigs":1,"NA50":6084,"NG50":6084,"aligned_basepairs":6084,"Ns":0},"Staphylococcus_aureus_plasmid2":{"assembler":"SKESA","contiguity":0.0,"multiplicity":0,"validity":0,"parsimony":0,"identity":0,"lowest_identity":0,"breadth_of_coverage":0.0,"L90":0,"aligned_contigs":0,"NA50":0,"NG50":0,"aligned_basepairs":0,"Ns":0},"Staphylococcus_aureus_plasmid3":{"assembler":"SKESA","contiguity":0.0,"multiplicity":0,"validity":0,"parsimony":0,"identity":0,"lowest_identity":0,"breadth_of_coverage":0.0,"L90":0,"aligned_contigs":0,"NA50":0,"NG50":0,"aligned_basepairs":0,"Ns":0}}}