{"sample_id":"EMS","ReferenceTables":{"Bacillus_subtilis":{"assembler":"GATBMiniaPipeline","contiguity":0.09783677737990452,"multiplicity":1.0000783045459554,"validity":0.9999997490436052,"parsimony":1.0000785555220641,"identity":0.9999698840536064,"lowest_identity":0.9991266375545852,"breadth_of_coverage":0.9848643379093289,"L90":14,"aligned_contigs":29,"NA50":263418,"NG50":263418,"aligned_basepairs":3984443,"Ns":0},"Enterococcus_faecalis":{"assembler":"GATBMiniaPipeline","contiguity":0.16534277175166023,"multiplicity":1.00092857309507,"validity":1.0007723143951222,"parsimony":1.0001561381122361,"identity":0.9999671188010152,"lowest_identity":0.9897172236503856,"breadth_of_coverage":0.979125196106547,"L90":13,"aligned_contigs":31,"NA50":190533,"NG50":197435,"aligned_basepairs":2785995,"Ns":0},"Escherichia_coli_plasmid":{"assembler":"GATBMiniaPipeline","contiguity":0.5024862054232913,"multiplicity":1.0023103545892043,"validity":1.0,"parsimony":1.0023103545892043,"identity":1.0,"lowest_identity":1.0,"breadth_of_coverage":0.9954548346923378,"L90":2,"aligned_contigs":4,"NA50":55277,"NG50":55277,"aligned_basepairs":109507,"Ns":0},"Escherichia_coli":{"assembler":"GATBMiniaPipeline","contiguity":0.027653095185034563,"multiplicity":1.001741304648653,"validity":0.9854950237038289,"parsimony":1.016485401299912,"identity":0.996926880198804,"lowest_identity":0.45317627801359256,"breadth_of_coverage":0.9720329774790711,"L90":94,"aligned_contigs":184,"NA50":62118,"NG50":62118,"aligned_basepairs":4632159,"Ns":0},"Lactobacillus_fermentum":{"assembler":"GATBMiniaPipeline","contiguity":0.0640082337313215,"multiplicity":1.0013820352093892,"validity":1.0,"parsimony":1.0013820352093892,"identity":1.0,"lowest_identity":1.0,"breadth_of_coverage":0.9444648258335945,"L90":53,"aligned_contigs":89,"NA50":40446,"NG50":40151,"aligned_basepairs":1799520,"Ns":0},"Listeria_monocytogenes":{"assembler":"GATBMiniaPipeline","contiguity":0.21135418344560883,"multiplicity":1.0001958957306911,"validity":1.0,"parsimony":1.0001958957306911,"identity":1.0,"lowest_identity":1.0,"breadth_of_coverage":0.9877393693635287,"L90":10,"aligned_contigs":21,"NA50":351164,"NG50":351164,"aligned_basepairs":2955654,"Ns":0},"Pseudomonas_aeruginosa":{"assembler":"GATBMiniaPipeline","contiguity":0.06852641140816185,"multiplicity":1.0006598616879898,"validity":0.9999962820021091,"parsimony":1.0006635821530778,"identity":0.9999883804806949,"lowest_identity":0.9988845261467071,"breadth_of_coverage":0.9892908618986416,"L90":35,"aligned_contigs":96,"NA50":211563,"NG50":211046,"aligned_basepairs":6719590,"Ns":0},"Salmonella_enterica":{"assembler":"GATBMiniaPipeline","contiguity":0.05949687231209397,"multiplicity":1.0026161492831336,"validity":0.9894316494532579,"parsimony":1.0133253265520272,"identity":0.999158123041558,"lowest_identity":0.5667712453962624,"breadth_of_coverage":0.9792642296458677,"L90":72,"aligned_contigs":161,"NA50":72071,"NG50":72071,"aligned_basepairs":4661049,"Ns":0},"Staphylococcus_aureus":{"assembler":"GATBMiniaPipeline","contiguity":0.11611641986479229,"multiplicity":1.0013212327971868,"validity":1.0001629587035796,"parsimony":1.001158085373516,"identity":1.0010930256627553,"lowest_identity":0.9996522948539638,"breadth_of_coverage":0.9852062322070929,"L90":28,"aligned_contigs":48,"NA50":100213,"NG50":108194,"aligned_basepairs":2678559,"Ns":0},"Staphylococcus_aureus_plasmid1":{"assembler":"GATBMiniaPipeline","contiguity":0.997632949345116,"multiplicity":1.0,"validity":1.0,"parsimony":1.0,"identity":1.0,"lowest_identity":1.0,"breadth_of_coverage":0.997632949345116,"L90":0,"aligned_contigs":1,"NA50":6322,"NG50":6322,"aligned_basepairs":6322,"Ns":0},"Staphylococcus_aureus_plasmid2":{"assembler":"GATBMiniaPipeline","contiguity":0.0,"multiplicity":0,"validity":0,"parsimony":0,"identity":0,"lowest_identity":0,"breadth_of_coverage":0.0,"L90":0,"aligned_contigs":0,"NA50":0,"NG50":0,"aligned_basepairs":0,"Ns":0},"Staphylococcus_aureus_plasmid3":{"assembler":"GATBMiniaPipeline","contiguity":0.0,"multiplicity":0,"validity":0,"parsimony":0,"identity":0,"lowest_identity":0,"breadth_of_coverage":0.0,"L90":0,"aligned_contigs":0,"NA50":0,"NG50":0,"aligned_basepairs":0,"Ns":0}}}