{"assembler":"BCALM2","sample_id":"EMS","global":{"contigs":252182,"basepairs":39571553,"max_contig_size":38021,"N50":645,"mapped_reads":65.26531360210615,"Ns":0},"filtered":{"contigs":6250,"basepairs":16407295,"N50":3056,"mapped_reads":27.01312411539843,"Ns":0}}