{"assembler":"metaSPAdes","sample_id":"EMS","global":{"contigs":761,"basepairs":30482042,"max_contig_size":917726,"N50":208969,"mapped_reads":100.07153641670277,"Ns":0},"filtered":{"contigs":365,"basepairs":30402517,"N50":208969,"mapped_reads":99.49951825316835,"Ns":0}}