{"sample_id":"EMS","ReferenceTables":{"Bacillus_subtilis":{"assembler":"VelvetOptimiser","contiguity":0.04598290965887786,"multiplicity":1.0002815311042546,"validity":1.0,"parsimony":1.0002815311042546,"identity":1.0,"lowest_identity":1.0,"breadth_of_coverage":0.9771867600898441,"L90":63,"aligned_contigs":113,"NA50":69010,"NG50":65138,"aligned_basepairs":3953382,"Ns":0},"Enterococcus_faecalis":{"assembler":"VelvetOptimiser","contiguity":0.02819822365424518,"multiplicity":1.0006767473983635,"validity":1.0,"parsimony":1.0006767473983635,"identity":0.9999998135154318,"lowest_identity":0.9999696030153808,"breadth_of_coverage":0.9607337055843272,"L90":106,"aligned_contigs":163,"NA50":30356,"NG50":29167,"aligned_basepairs":2733664,"Ns":0},"Escherichia_coli_plasmid":{"assembler":"VelvetOptimiser","contiguity":0.36757660876126064,"multiplicity":0.9989096094165012,"validity":1.0,"parsimony":0.9989096094165012,"identity":0.9985724121303063,"lowest_identity":0.9966627938595407,"breadth_of_coverage":0.9754015653549319,"L90":3,"aligned_contigs":4,"NA50":27962,"NG50":27962,"aligned_basepairs":107301,"Ns":194},"Escherichia_coli":{"assembler":"VelvetOptimiser","contiguity":0.011654342500599105,"multiplicity":1.0021789432835428,"validity":1.0,"parsimony":1.0021789432835428,"identity":0.9999991613749425,"lowest_identity":0.9990791896869244,"breadth_of_coverage":0.797603114427773,"L90":0,"aligned_contigs":1098,"NA50":4593,"NG50":3335,"aligned_basepairs":3800925,"Ns":0},"Lactobacillus_fermentum":{"assembler":"VelvetOptimiser","contiguity":0.026160781343733615,"multiplicity":1.000687206243629,"validity":0.9999994286739408,"parsimony":1.0006877779626335,"identity":0.9999807620493267,"lowest_identity":0.9985196150999259,"breadth_of_coverage":0.9180080332414334,"L90":207,"aligned_contigs":235,"NA50":11578,"NG50":10959,"aligned_basepairs":1749111,"Ns":0},"Listeria_monocytogenes":{"assembler":"VelvetOptimiser","contiguity":0.05407570391352325,"multiplicity":1.0005787906156371,"validity":1.0,"parsimony":1.0005787906156371,"identity":0.999992218972109,"lowest_identity":0.9990530303030303,"breadth_of_coverage":0.9746299052715232,"L90":74,"aligned_contigs":125,"NA50":44320,"NG50":44320,"aligned_basepairs":2916426,"Ns":0},"Pseudomonas_aeruginosa":{"assembler":"VelvetOptimiser","contiguity":0.08452121731423533,"multiplicity":0.9997609166016292,"validity":0.9993725753598678,"parsimony":1.0003885850495964,"identity":0.9947269459756937,"lowest_identity":0.8820694087403599,"breadth_of_coverage":0.987725272476455,"L90":14,"aligned_contigs":69,"NA50":338923,"NG50":464977,"aligned_basepairs":6708956,"Ns":6228},"Salmonella_enterica":{"assembler":"VelvetOptimiser","contiguity":0.011955679987965744,"multiplicity":1.0022081634206648,"validity":1.0,"parsimony":1.0022081634206648,"identity":0.9999844566616535,"lowest_identity":0.9939024390243902,"breadth_of_coverage":0.8113947677039909,"L90":0,"aligned_contigs":1058,"NA50":5129,"NG50":3737,"aligned_basepairs":3862033,"Ns":0},"Staphylococcus_aureus":{"assembler":"VelvetOptimiser","contiguity":0.023254915807825568,"multiplicity":1.0005502752529076,"validity":1.0,"parsimony":1.0005502752529076,"identity":1.0,"lowest_identity":1.0,"breadth_of_coverage":0.9571697599658671,"L90":113,"aligned_contigs":175,"NA50":29915,"NG50":27455,"aligned_basepairs":2602334,"Ns":0},"Staphylococcus_aureus_plasmid1":{"assembler":"VelvetOptimiser","contiguity":0.9998421966230078,"multiplicity":1.0,"validity":1.0,"parsimony":1.0,"identity":1.0,"lowest_identity":1.0,"breadth_of_coverage":0.9998421966230078,"L90":0,"aligned_contigs":1,"NA50":6336,"NG50":6336,"aligned_basepairs":6336,"Ns":0},"Staphylococcus_aureus_plasmid2":{"assembler":"VelvetOptimiser","contiguity":0.0,"multiplicity":0,"validity":0,"parsimony":0,"identity":0,"lowest_identity":0,"breadth_of_coverage":0.0,"L90":0,"aligned_contigs":0,"NA50":0,"NG50":0,"aligned_basepairs":0,"Ns":0},"Staphylococcus_aureus_plasmid3":{"assembler":"VelvetOptimiser","contiguity":0.0,"multiplicity":0,"validity":0,"parsimony":0,"identity":0,"lowest_identity":0,"breadth_of_coverage":0.0,"L90":0,"aligned_contigs":0,"NA50":0,"NG50":0,"aligned_basepairs":0,"Ns":0}}}