{"sample_id":"EMS","ReferenceTables":{"Bacillus_subtilis":{"assembler":"Unicycler","contiguity":0.18991778137503315,"multiplicity":1.0000002515147475,"validity":1.0,"parsimony":1.0000002515147475,"identity":0.9999805077491274,"lowest_identity":0.9996124865446717,"breadth_of_coverage":0.9827551729908245,"L90":11,"aligned_contigs":20,"NA50":314937,"NG50":314937,"aligned_basepairs":3975910,"Ns":0},"Enterococcus_faecalis":{"assembler":"Unicycler","contiguity":0.23476800384621874,"multiplicity":0.9998408379611882,"validity":1.0,"parsimony":0.9998408379611882,"identity":0.9999993456978109,"lowest_identity":0.9999895211306401,"breadth_of_coverage":0.9781875397133329,"L90":8,"aligned_contigs":20,"NA50":377104,"NG50":377104,"aligned_basepairs":2783327,"Ns":0},"Escherichia_coli_plasmid":{"assembler":"Unicycler","contiguity":0.0,"multiplicity":0,"validity":0,"parsimony":0,"identity":0,"lowest_identity":0,"breadth_of_coverage":0.0,"L90":0,"aligned_contigs":0,"NA50":0,"NG50":0,"aligned_basepairs":0,"Ns":0},"Escherichia_coli":{"assembler":"Unicycler","contiguity":0.11707097401831607,"multiplicity":1.00000194426442,"validity":1.0,"parsimony":1.00000194426442,"identity":0.9997709761889391,"lowest_identity":0.9927631578947368,"breadth_of_coverage":0.9713700787798132,"L90":35,"aligned_contigs":72,"NA50":124073,"NG50":119183,"aligned_basepairs":4629000,"Ns":0},"Lactobacillus_fermentum":{"assembler":"Unicycler","contiguity":0.06386285232030306,"multiplicity":0.9998563725796668,"validity":1.0,"parsimony":0.9998563725796668,"identity":0.9999459177440699,"lowest_identity":0.995835666293393,"breadth_of_coverage":0.9318197921308243,"L90":49,"aligned_contigs":77,"NA50":45959,"NG50":40306,"aligned_basepairs":1775427,"Ns":0},"Listeria_monocytogenes":{"assembler":"Unicycler","contiguity":0.21122852935927777,"multiplicity":1.0000362272102916,"validity":0.9999857806908553,"parsimony":1.000050447236761,"identity":0.9982525230084409,"lowest_identity":0.9725,"breadth_of_coverage":0.9870466009567088,"L90":9,"aligned_contigs":16,"NA50":350996,"NG50":350996,"aligned_basepairs":2953581,"Ns":0},"Pseudomonas_aeruginosa":{"assembler":"Unicycler","contiguity":0.12477809529277877,"multiplicity":0.9997544479719722,"validity":0.9998689545038597,"parsimony":0.9998854784605806,"identity":0.9974901554909701,"lowest_identity":0.8643403952287698,"breadth_of_coverage":0.9898850615326404,"L90":22,"aligned_contigs":60,"NA50":283759,"NG50":283759,"aligned_basepairs":6723626,"Ns":0},"Salmonella_enterica":{"assembler":"Unicycler","contiguity":0.11135005943594468,"multiplicity":1.0000328318007534,"validity":1.0,"parsimony":1.0000328318007534,"identity":0.9998051972367619,"lowest_identity":0.994833255049319,"breadth_of_coverage":0.9790682107826763,"L90":20,"aligned_contigs":50,"NA50":223960,"NG50":223960,"aligned_basepairs":4660116,"Ns":0},"Staphylococcus_aureus":{"assembler":"Unicycler","contiguity":0.4796780173460155,"multiplicity":0.9998678236947309,"validity":1.0,"parsimony":0.9998678236947309,"identity":0.9999992185811114,"lowest_identity":0.9999900297191066,"breadth_of_coverage":0.9850892679804912,"L90":5,"aligned_contigs":16,"NA50":394879,"NG50":394879,"aligned_basepairs":2678241,"Ns":0},"Staphylococcus_aureus_plasmid1":{"assembler":"Unicycler","contiguity":0.9831150386618274,"multiplicity":1.0,"validity":1.0,"parsimony":1.0,"identity":1.0,"lowest_identity":1.0,"breadth_of_coverage":0.9831150386618274,"L90":0,"aligned_contigs":1,"NA50":6230,"NG50":6230,"aligned_basepairs":6230,"Ns":0},"Staphylococcus_aureus_plasmid2":{"assembler":"Unicycler","contiguity":0.9517148014440433,"multiplicity":1.0,"validity":1.0,"parsimony":1.0,"identity":1.0,"lowest_identity":1.0,"breadth_of_coverage":0.9517148014440433,"L90":0,"aligned_contigs":1,"NA50":2109,"NG50":2109,"aligned_basepairs":2109,"Ns":0},"Staphylococcus_aureus_plasmid3":{"assembler":"Unicycler","contiguity":0.9642499164717675,"multiplicity":1.0,"validity":1.0,"parsimony":1.0,"identity":1.0,"lowest_identity":1.0,"breadth_of_coverage":0.9642499164717675,"L90":0,"aligned_contigs":1,"NA50":2886,"NG50":2886,"aligned_basepairs":2886,"Ns":0}}}