{"sample_id":"EMS","ReferenceTables":{"Bacillus_subtilis":{"assembler":"IDBA-UD","contiguity":0.08476035036904825,"multiplicity":1.0000613397455154,"validity":0.9999768738526478,"parsimony":1.0000844678462837,"identity":0.9976957897080482,"lowest_identity":0.922165820642978,"breadth_of_coverage":0.9832334612970833,"L90":18,"aligned_contigs":34,"NA50":212969,"NG50":212969,"aligned_basepairs":3977845,"Ns":0},"Enterococcus_faecalis":{"assembler":"IDBA-UD","contiguity":0.13575528433340645,"multiplicity":1.0002283395729552,"validity":0.9999992888246618,"parsimony":1.0002290509111886,"identity":0.9999739512010448,"lowest_identity":0.9987771323754203,"breadth_of_coverage":0.988124659097938,"L90":28,"aligned_contigs":53,"NA50":113206,"NG50":113206,"aligned_basepairs":2811602,"Ns":0},"Escherichia_coli_plasmid":{"assembler":"IDBA-UD","contiguity":0.32962447844228093,"multiplicity":1.0001698225354505,"validity":1.0,"parsimony":1.0001698225354505,"identity":1.0,"lowest_identity":1.0,"breadth_of_coverage":0.9635114129100876,"L90":3,"aligned_contigs":5,"NA50":26780,"NG50":26780,"aligned_basepairs":105993,"Ns":0},"Escherichia_coli":{"assembler":"IDBA-UD","contiguity":0.0189634354394584,"multiplicity":1.0044027238963984,"validity":0.9931890559323977,"parsimony":1.011290567386965,"identity":0.99415538150649,"lowest_identity":0.46293053123175715,"breadth_of_coverage":0.9484344972567031,"L90":283,"aligned_contigs":439,"NA50":19013,"NG50":18446,"aligned_basepairs":4519702,"Ns":0},"Lactobacillus_fermentum":{"assembler":"IDBA-UD","contiguity":0.06396519663491894,"multiplicity":1.000538032711048,"validity":1.0,"parsimony":1.000538032711048,"identity":0.9999663133309379,"lowest_identity":0.9970355731225297,"breadth_of_coverage":0.9393916968844817,"L90":56,"aligned_contigs":88,"NA50":40069,"NG50":37467,"aligned_basepairs":1789854,"Ns":0},"Listeria_monocytogenes":{"assembler":"IDBA-UD","contiguity":0.15650717732130887,"multiplicity":0.9999149731291088,"validity":1.0,"parsimony":0.9999149731291088,"identity":0.9998330000083575,"lowest_identity":0.9958391123439667,"breadth_of_coverage":0.9747298270050683,"L90":13,"aligned_contigs":25,"NA50":254629,"NG50":254629,"aligned_basepairs":2916725,"Ns":0},"Pseudomonas_aeruginosa":{"assembler":"IDBA-UD","contiguity":0.05008914466758829,"multiplicity":1.0006619533715506,"validity":0.9998481460316068,"parsimony":1.0008139309385868,"identity":0.9991091542878199,"lowest_identity":0.9519548725928808,"breadth_of_coverage":0.9861648359252274,"L90":76,"aligned_contigs":164,"NA50":84458,"NG50":83502,"aligned_basepairs":6698357,"Ns":0},"Salmonella_enterica":{"assembler":"IDBA-UD","contiguity":0.019672688416566768,"multiplicity":1.0062985309394186,"validity":0.9912438814355794,"parsimony":1.015187634229869,"identity":0.9932718572358693,"lowest_identity":0.6016016016016016,"breadth_of_coverage":0.9624940070331484,"L90":200,"aligned_contigs":386,"NA50":25944,"NG50":26117,"aligned_basepairs":4581227,"Ns":0},"Staphylococcus_aureus":{"assembler":"IDBA-UD","contiguity":0.06690243418003664,"multiplicity":1.0005237640071178,"validity":0.9992138816124471,"parsimony":1.0013109129274276,"identity":0.9938421315932511,"lowest_identity":0.5717791411042945,"breadth_of_coverage":0.9789331979785051,"L90":42,"aligned_contigs":72,"NA50":53248,"NG50":51887,"aligned_basepairs":2661504,"Ns":0},"Staphylococcus_aureus_plasmid1":{"assembler":"IDBA-UD","contiguity":0.9954237020672242,"multiplicity":1.0,"validity":1.0,"parsimony":1.0,"identity":1.0,"lowest_identity":1.0,"breadth_of_coverage":0.9954237020672242,"L90":0,"aligned_contigs":1,"NA50":6308,"NG50":6308,"aligned_basepairs":6308,"Ns":0},"Staphylococcus_aureus_plasmid2":{"assembler":"IDBA-UD","contiguity":0.9995487364620939,"multiplicity":1.0,"validity":1.0,"parsimony":1.0,"identity":1.0,"lowest_identity":1.0,"breadth_of_coverage":0.9995487364620939,"L90":0,"aligned_contigs":1,"NA50":2215,"NG50":2215,"aligned_basepairs":2215,"Ns":0},"Staphylococcus_aureus_plasmid3":{"assembler":"IDBA-UD","contiguity":0.9512195121951219,"multiplicity":1.0,"validity":1.0,"parsimony":1.0,"identity":1.0,"lowest_identity":1.0,"breadth_of_coverage":0.9512195121951219,"L90":0,"aligned_contigs":1,"NA50":2847,"NG50":2847,"aligned_basepairs":2847,"Ns":0}}}