{"sample_id":"EMS","ReferenceTables":{"Bacillus_subtilis":{"assembler":"MINIA","contiguity":0.032648182244899925,"multiplicity":1.0002840736618435,"validity":1.0,"parsimony":1.0002840736618435,"identity":0.9999929305140223,"lowest_identity":0.9991728701406121,"breadth_of_coverage":0.9771417737995396,"L90":66,"aligned_contigs":117,"NA50":65138,"NG50":64960,"aligned_basepairs":3953200,"Ns":0},"Enterococcus_faecalis":{"assembler":"MINIA","contiguity":0.045908612943313255,"multiplicity":1.0007349413725428,"validity":1.0,"parsimony":1.0007349413725428,"identity":0.9999934557115278,"lowest_identity":0.9989071038251366,"breadth_of_coverage":0.9736053942655353,"L90":103,"aligned_contigs":167,"NA50":30453,"NG50":30453,"aligned_basepairs":2770289,"Ns":0},"Escherichia_coli_plasmid":{"assembler":"MINIA","contiguity":0.13774577981401184,"multiplicity":1.0029369143077964,"validity":1.0,"parsimony":1.0029369143077964,"identity":1.0,"lowest_identity":1.0,"breadth_of_coverage":0.9409401219922369,"L90":17,"aligned_contigs":21,"NA50":7186,"NG50":6638,"aligned_basepairs":103510,"Ns":0},"Escherichia_coli":{"assembler":"MINIA","contiguity":0.011346290810029054,"multiplicity":1.0022905514553657,"validity":1.0,"parsimony":1.0022905514553657,"identity":0.9999835689697182,"lowest_identity":0.9917550058892816,"breadth_of_coverage":0.7916286323554161,"L90":0,"aligned_contigs":1122,"NA50":4469,"NG50":3200,"aligned_basepairs":3772454,"Ns":0},"Lactobacillus_fermentum":{"assembler":"MINIA","contiguity":0.03464433776143068,"multiplicity":1.000401967302098,"validity":1.0,"parsimony":1.000401967302098,"identity":1.0,"lowest_identity":1.0,"breadth_of_coverage":0.9205078587312558,"L90":207,"aligned_contigs":238,"NA50":11293,"NG50":10836,"aligned_basepairs":1753874,"Ns":0},"Listeria_monocytogenes":{"assembler":"MINIA","contiguity":0.054075369727123436,"multiplicity":1.0005949285721472,"validity":1.0,"parsimony":1.0005949285721472,"identity":0.9999441918986931,"lowest_identity":0.9929123711340206,"breadth_of_coverage":0.9633588005649086,"L90":75,"aligned_contigs":127,"NA50":46368,"NG50":44353,"aligned_basepairs":2882699,"Ns":0},"Pseudomonas_aeruginosa":{"assembler":"MINIA","contiguity":0.015603629387853653,"multiplicity":1.0010385654481089,"validity":1.0,"parsimony":1.0010385654481089,"identity":0.9999696125020067,"lowest_identity":0.9897074756229686,"breadth_of_coverage":0.959701162929363,"L90":335,"aligned_contigs":523,"NA50":22207,"NG50":21734,"aligned_basepairs":6518607,"Ns":0},"Salmonella_enterica":{"assembler":"MINIA","contiguity":0.011955679987965744,"multiplicity":1.00235026903914,"validity":1.0,"parsimony":1.00235026903914,"identity":0.9999743328439881,"lowest_identity":0.9900611620795107,"breadth_of_coverage":0.8036340594645176,"L90":0,"aligned_contigs":1083,"NA50":4996,"NG50":3551,"aligned_basepairs":3825094,"Ns":0},"Staphylococcus_aureus":{"assembler":"MINIA","contiguity":0.033342896446200136,"multiplicity":1.0005771933636223,"validity":0.9999996156827569,"parsimony":1.0005775779028385,"identity":0.9999974965711373,"lowest_identity":0.9996706192358367,"breadth_of_coverage":0.9565007098772244,"L90":112,"aligned_contigs":175,"NA50":29647,"NG50":29165,"aligned_basepairs":2600515,"Ns":0},"Staphylococcus_aureus_plasmid1":{"assembler":"MINIA","contiguity":0.995265898690232,"multiplicity":1.0,"validity":1.0,"parsimony":1.0,"identity":1.0,"lowest_identity":1.0,"breadth_of_coverage":0.995265898690232,"L90":0,"aligned_contigs":1,"NA50":6307,"NG50":6307,"aligned_basepairs":6307,"Ns":0},"Staphylococcus_aureus_plasmid2":{"assembler":"MINIA","contiguity":0.0,"multiplicity":0,"validity":0,"parsimony":0,"identity":0,"lowest_identity":0,"breadth_of_coverage":0.0,"L90":0,"aligned_contigs":0,"NA50":0,"NG50":0,"aligned_basepairs":0,"Ns":0},"Staphylococcus_aureus_plasmid3":{"assembler":"MINIA","contiguity":0.0,"multiplicity":0,"validity":0,"parsimony":0,"identity":0,"lowest_identity":0,"breadth_of_coverage":0.0,"L90":0,"aligned_contigs":0,"NA50":0,"NG50":0,"aligned_basepairs":0,"Ns":0}}}