{"assembler":"SKESA","sample_id":"SRR8073716","global":{"contigs":8612,"basepairs":30258631,"max_contig_size":451511,"N50":30082,"mapped_reads":80.48852032078099,"Ns":0},"filtered":{"contigs":2716,"basepairs":27619442,"N50":34960,"mapped_reads":74.72017255782437,"Ns":0}}