{"assembler":"metaSPAdes","sample_id":"SRR8073716","global":{"contigs":4251,"basepairs":49062416,"max_contig_size":1237485,"N50":118524,"mapped_reads":96.07458418256037,"Ns":0},"filtered":{"contigs":1302,"basepairs":48357131,"N50":122363,"mapped_reads":95.07901716702479,"Ns":0}}