{"assembler":"MEGAHIT","sample_id":"SRR8073716","global":{"contigs":2806,"basepairs":49074360,"max_contig_size":1037953,"N50":114742,"mapped_reads":96.76787945908501,"Ns":0},"filtered":{"contigs":1513,"basepairs":48470460,"N50":115470,"mapped_reads":95.9735921710074,"Ns":0}}