{"assembler":"GATBMiniaPipeline","sample_id":"SRR8073716","global":{"contigs":8370,"basepairs":50006704,"max_contig_size":984007,"N50":48639,"mapped_reads":96.62387267872182,"Ns":0},"filtered":{"contigs":3982,"basepairs":47507995,"N50":54313,"mapped_reads":89.05789992256497,"Ns":0}}