{"assembler":"IDBA-UD","sample_id":"SRR8073716","global":{"contigs":8700,"basepairs":48875595,"max_contig_size":908381,"N50":38560,"mapped_reads":96.67576672893765,"Ns":0},"filtered":{"contigs":4070,"basepairs":46615378,"N50":44194,"mapped_reads":91.04570935005324,"Ns":0}}