{"assembler":"Unicycler","sample_id":"SRR8073716","global":{"contigs":3986,"basepairs":37381909,"max_contig_size":2778544,"N50":132926,"mapped_reads":93.82061545314652,"Ns":0},"filtered":{"contigs":1328,"basepairs":36255499,"N50":140943,"mapped_reads":89.4769136456895,"Ns":0}}