{"assembler":"GATBMiniaPipeline","sample_id":"LHS","global":{"contigs":989,"basepairs":13638625,"max_contig_size":632215,"N50":90987,"mapped_reads":97.46082124156787,"Ns":0},"filtered":{"contigs":762,"basepairs":13507672,"N50":91722,"mapped_reads":97.01378676178516,"Ns":0}}