{"assembler":"metaSPAdes","sample_id":"LHS","global":{"contigs":2099,"basepairs":14157309,"max_contig_size":917728,"N50":193256,"mapped_reads":97.82898056536897,"Ns":0},"filtered":{"contigs":184,"basepairs":13672885,"N50":196786,"mapped_reads":97.73672749051734,"Ns":0}}