{"assembler":"MINIA","sample_id":"LHS","global":{"contigs":24654,"basepairs":15334799,"max_contig_size":163543,"N50":7727,"mapped_reads":91.15574264153834,"Ns":0},"filtered":{"contigs":2171,"basepairs":12920975,"N50":10582,"mapped_reads":81.99316440402343,"Ns":0}}