{"assembler":"VelvetOptimiser","sample_id":"LHS","global":{"contigs":185614,"basepairs":22242266,"max_contig_size":17566,"N50":175,"mapped_reads":9.675074413759065,"Ns":0},"filtered":{"contigs":3237,"basepairs":6701756,"N50":2177,"mapped_reads":2.5582557250970006,"Ns":0}}