{"assembler":"IDBA-UD","sample_id":"LHS","global":{"contigs":1025,"basepairs":13791669,"max_contig_size":632213,"N50":99726,"mapped_reads":97.62864210130373,"Ns":0},"filtered":{"contigs":568,"basepairs":13601126,"N50":106347,"mapped_reads":97.20217520486885,"Ns":0}}