{"ERR2984773":{"assembler":"Unicycler","mapped_reads_original":82.82308552356086,"mapped_reads_filtered":81.94163923297903}}