{"ERR2984773":{"assembler":"SKESA","mapped_reads_original":81.47971409550327,"mapped_reads_filtered":80.66413028124808}}