{"ERR2984773":{"assembler":"MEGAHIT","mapped_reads_original":86.16612550509457,"mapped_reads_filtered":84.13858220790051}}