{"ERR2984773":{"assembler":"VelvetOptimiser","mapped_reads_original":3.1439273522032485,"mapped_reads_filtered":0.002139833327471556}}