{"ERR2984773":{"assembler":"IDBA-UD","mapped_reads_original":84.33677288776539,"mapped_reads_filtered":81.5967390761224}}