{"ERR2984773":{"assembler":"MEGAHIT","mapped_reads_original":86.1663929842605,"mapped_reads_filtered":84.13891228857337}}