{"ERR2984773":{"assembler":"ABySS","mapped_reads_original":92.3436706632607,"mapped_reads_filtered":82.01961225537181}}