{"ERR2984773":{"assembler":"MINIA","mapped_reads_original":80.6659400339027,"mapped_reads_filtered":74.38805604223485}}