{"sample_id":"LNN","ReferenceTables":{"Bacillus_subtilis":{"assembler":"VelvetOptimiser","contiguity":0.18991357935890582,"multiplicity":1.0003370622630583,"validity":0.9981032943008091,"parsimony":1.0022380128139081,"identity":0.9797246838931,"lowest_identity":0.7244444444444444,"breadth_of_coverage":0.9811937532333896,"L90":11,"aligned_contigs":28,"NA50":295224,"NG50":295224,"aligned_basepairs":3969593,"Ns":8396},"Enterococcus_faecalis":{"assembler":"VelvetOptimiser","contiguity":0.0,"multiplicity":0,"validity":0,"parsimony":0,"identity":0,"lowest_identity":0,"breadth_of_coverage":0.0,"L90":0,"aligned_contigs":0,"NA50":0,"NG50":0,"aligned_basepairs":0,"Ns":0},"Escherichia_coli_plasmid":{"assembler":"VelvetOptimiser","contiguity":0.0,"multiplicity":0,"validity":0,"parsimony":0,"identity":0,"lowest_identity":0,"breadth_of_coverage":0.0,"L90":0,"aligned_contigs":0,"NA50":0,"NG50":0,"aligned_basepairs":0,"Ns":0},"Escherichia_coli":{"assembler":"VelvetOptimiser","contiguity":0.0007128416845139393,"multiplicity":1.0257445589919816,"validity":0.9142631068456787,"parsimony":1.1219358533791524,"identity":0.7781749602549063,"lowest_identity":0.47983310152990266,"breadth_of_coverage":0.0073277690972112924,"L90":0,"aligned_contigs":29,"NA50":1297,"NG50":0,"aligned_basepairs":34920,"Ns":6970},"Lactobacillus_fermentum":{"assembler":"VelvetOptimiser","contiguity":0.0012097622830234925,"multiplicity":1.0322962962962963,"validity":0.9286951885912301,"parsimony":1.1115555555555556,"identity":0.8582922770251034,"lowest_identity":0.6428966279712548,"breadth_of_coverage":0.0035426878136262793,"L90":0,"aligned_contigs":4,"NA50":1844,"NG50":0,"aligned_basepairs":6750,"Ns":863},"Listeria_monocytogenes":{"assembler":"VelvetOptimiser","contiguity":0.11732582706121159,"multiplicity":1.000170251113555,"validity":1.0,"parsimony":1.000170251113555,"identity":1.0,"lowest_identity":1.0,"breadth_of_coverage":0.977525630425934,"L90":33,"aligned_contigs":60,"NA50":96259,"NG50":96259,"aligned_basepairs":2925091,"Ns":0},"Pseudomonas_aeruginosa":{"assembler":"VelvetOptimiser","contiguity":0.1247869287858511,"multiplicity":1.0000019404971912,"validity":0.9987843424379436,"parsimony":1.0012190800431209,"identity":0.9968171807615489,"lowest_identity":0.9151348039215687,"breadth_of_coverage":0.9863057301397311,"L90":19,"aligned_contigs":76,"NA50":264843,"NG50":339022,"aligned_basepairs":6699314,"Ns":10999},"Salmonella_enterica":{"assembler":"VelvetOptimiser","contiguity":0.00039161753589372206,"multiplicity":1.0539296407185628,"validity":0.9723430702299565,"parsimony":1.0839071856287426,"identity":0.7828690277287093,"lowest_identity":0.4750479846449136,"breadth_of_coverage":0.005613744935128891,"L90":0,"aligned_contigs":24,"NA50":1132,"NG50":0,"aligned_basepairs":26720,"Ns":5739},"Staphylococcus_aureus":{"assembler":"VelvetOptimiser","contiguity":0.0,"multiplicity":0,"validity":0,"parsimony":0,"identity":0,"lowest_identity":0,"breadth_of_coverage":0.0,"L90":0,"aligned_contigs":0,"NA50":0,"NG50":0,"aligned_basepairs":0,"Ns":0},"Staphylococcus_aureus_plasmid1":{"assembler":"VelvetOptimiser","contiguity":0.0,"multiplicity":0,"validity":0,"parsimony":0,"identity":0,"lowest_identity":0,"breadth_of_coverage":0.0,"L90":0,"aligned_contigs":0,"NA50":0,"NG50":0,"aligned_basepairs":0,"Ns":0},"Staphylococcus_aureus_plasmid2":{"assembler":"VelvetOptimiser","contiguity":0.0,"multiplicity":0,"validity":0,"parsimony":0,"identity":0,"lowest_identity":0,"breadth_of_coverage":0.0,"L90":0,"aligned_contigs":0,"NA50":0,"NG50":0,"aligned_basepairs":0,"Ns":0},"Staphylococcus_aureus_plasmid3":{"assembler":"VelvetOptimiser","contiguity":0.0,"multiplicity":0,"validity":0,"parsimony":0,"identity":0,"lowest_identity":0,"breadth_of_coverage":0.0,"L90":0,"aligned_contigs":0,"NA50":0,"NG50":0,"aligned_basepairs":0,"Ns":0}}}