{"EMS":{"assembler":"GATBMiniaPipeline","mapped_reads_original":100.1163306200335,"mapped_reads_filtered":98.94594476159365}}