{"EMS":{"assembler":"MINIA","mapped_reads_original":95.96071358856145,"mapped_reads_filtered":92.19569563616477}}