{"EMS":{"assembler":"IDBA-UD","mapped_reads_original":99.24203268138636,"mapped_reads_filtered":97.57860896100327}}