{"EMS":{"assembler":"MetaHipMer2","mapped_reads_original":98.48367268077173,"mapped_reads_filtered":97.57127889698471}}