{"EMS":{"assembler":"BCALM2","mapped_reads_original":65.26531360210615,"mapped_reads_filtered":27.01312411539843}}