{"EMS":{"assembler":"MINIA","mapped_reads_original":95.96477130257173,"mapped_reads_filtered":92.19537693772916}}