{"SRR8073716":{"assembler":"metaSPAdes","mapped_reads_original":96.07458418256037,"mapped_reads_filtered":95.07901716702479}}