{"SRR8073716":{"assembler":"SKESA","mapped_reads_original":80.48852032078099,"mapped_reads_filtered":74.72017255782437}}