{"SRR8073716":{"assembler":"GATBMiniaPipeline","mapped_reads_original":96.62387267872182,"mapped_reads_filtered":89.05789992256497}}