{"SRR8073716":{"assembler":"MEGAHIT","mapped_reads_original":96.76787945908501,"mapped_reads_filtered":95.9735921710074}}