{"SRR8073716":{"assembler":"Unicycler","mapped_reads_original":93.82061545314652,"mapped_reads_filtered":89.4769136456895}}