{"SRR8073716":{"assembler":"SPAdes","mapped_reads_original":96.67003744204415,"mapped_reads_filtered":92.74062905343531}}