{"SRR8073716":{"assembler":"IDBA-UD","mapped_reads_original":96.67576672893765,"mapped_reads_filtered":91.04570935005324}}