{"assembler":"Unicycler","sample_id":"EMS","global":{"contigs":656,"basepairs":30301867,"max_contig_size":1303875,"N50":245050,"mapped_reads":99.07119324678015,"Ns":0},"filtered":{"contigs":334,"basepairs":30188943,"N50":245050,"mapped_reads":98.04842736549647,"Ns":0}}