{"assembler":"VelvetOptimiser","sample_id":"EMS","global":{"contigs":11069,"basepairs":30526291,"max_contig_size":847777,"N50":29176,"mapped_reads":95.89394057526206,"Ns":4383},"filtered":{"contigs":3035,"basepairs":28467054,"N50":33291,"mapped_reads":92.2742206542765,"Ns":4383}}