{"assembler":"MINIA","sample_id":"EMS","global":{"contigs":16748,"basepairs":30648944,"max_contig_size":161812,"N50":17967,"mapped_reads":95.96477130257173,"Ns":0},"filtered":{"contigs":3574,"basepairs":28218335,"N50":20782,"mapped_reads":92.19537693772916,"Ns":0}}