{"assembler":"ABySS","sample_id":"EMS","global":{"contigs":32430,"basepairs":34563847,"max_contig_size":841100,"N50":124246,"mapped_reads":105.69144186570615,"Ns":882},"filtered":{"contigs":498,"basepairs":30988173,"N50":138706,"mapped_reads":105.49849272713097,"Ns":612}}