{"assembler":"MEGAHIT","sample_id":"EMS","global":{"contigs":979,"basepairs":30599036,"max_contig_size":768640,"N50":171540,"mapped_reads":100.89785316766327,"Ns":0},"filtered":{"contigs":518,"basepairs":30418624,"N50":171540,"mapped_reads":99.72628926322044,"Ns":0}}