{"EMS":{"assembler":"SKESA","mapped_reads_original":98.2490195754823,"mapped_reads_filtered":97.44250765587626}}