{"EMS":{"assembler":"ABySS","mapped_reads_original":105.69144186570615,"mapped_reads_filtered":105.49849272713097}}