{"EMS":{"assembler":"metaSPAdes","mapped_reads_original":100.07153641670277,"mapped_reads_filtered":99.49951825316835}}