{"EMS":{"assembler":"SPAdes","mapped_reads_original":99.42862492438026,"mapped_reads_filtered":98.66552428453625}}