{"EMS":{"assembler":"MEGAHIT","mapped_reads_original":100.89752308714068,"mapped_reads_filtered":99.72673316461287}}