{"EMS":{"assembler":"GATBMiniaPipeline","mapped_reads_original":100.11596070220648,"mapped_reads_filtered":98.94554069750568}}