{"sample_id":"LHS","ReferenceTables":{"Bacillus_subtilis":{"assembler":"metaSPAdes","contiguity":0.18994373500405495,"multiplicity":1.0000110628647287,"validity":0.9999962286247881,"parsimony":1.0000148342958863,"identity":0.9997255696437509,"lowest_identity":0.9950106913756237,"breadth_of_coverage":0.9830913342810116,"L90":11,"aligned_contigs":24,"NA50":294377,"NG50":294377,"aligned_basepairs":3977270,"Ns":0},"Enterococcus_faecalis":{"assembler":"metaSPAdes","contiguity":0.2094656904918549,"multiplicity":1.0001051017303082,"validity":0.9998690088406608,"parsimony":1.0002361238197803,"identity":0.9986759144769313,"lowest_identity":0.9760076775431862,"breadth_of_coverage":0.9897824271664502,"L90":11,"aligned_contigs":22,"NA50":279719,"NG50":279719,"aligned_basepairs":2816319,"Ns":0},"Escherichia_coli_plasmid":{"assembler":"metaSPAdes","contiguity":1.000499968183843,"multiplicity":1.000499968183843,"validity":1.0,"parsimony":1.000499968183843,"identity":1.0,"lowest_identity":1.0,"breadth_of_coverage":1.0,"L90":0,"aligned_contigs":1,"NA50":110062,"NG50":110062,"aligned_basepairs":110007,"Ns":0},"Escherichia_coli":{"assembler":"metaSPAdes","contiguity":0.04230884322393302,"multiplicity":1.0001200930689174,"validity":1.0001575611587767,"parsimony":0.9999625378127263,"identity":0.9995404255708633,"lowest_identity":0.9934070195850301,"breadth_of_coverage":0.9802626581335508,"L90":49,"aligned_contigs":83,"NA50":98774,"NG50":93543,"aligned_basepairs":4671377,"Ns":0},"Lactobacillus_fermentum":{"assembler":"metaSPAdes","contiguity":0.06391901048268203,"multiplicity":1.0004091383457856,"validity":0.9999064822208314,"parsimony":1.0005027031366351,"identity":0.9996477658291417,"lowest_identity":0.9855985598559855,"breadth_of_coverage":0.9479891441548538,"L90":46,"aligned_contigs":75,"NA50":46142,"NG50":46069,"aligned_basepairs":1806235,"Ns":0},"Listeria_monocytogenes":{"assembler":"metaSPAdes","contiguity":0.26072220354491565,"multiplicity":1.0000352773191155,"validity":1.0000955627705257,"parsimony":0.9999397203090841,"identity":0.9974072134596994,"lowest_identity":0.958664546899841,"breadth_of_coverage":0.9757317178317184,"L90":10,"aligned_contigs":16,"NA50":327114,"NG50":327114,"aligned_basepairs":2919723,"Ns":0},"Pseudomonas_aeruginosa":{"assembler":"metaSPAdes","contiguity":0.09423099289934382,"multiplicity":1.0001993038326038,"validity":0.9999581295613909,"parsimony":1.0002411843697083,"identity":0.999166633105923,"lowest_identity":0.9792217604835664,"breadth_of_coverage":0.991329632099736,"L90":24,"aligned_contigs":53,"NA50":264296,"NG50":264296,"aligned_basepairs":6733438,"Ns":0},"Salmonella_enterica":{"assembler":"metaSPAdes","contiguity":0.07700074751888021,"multiplicity":1.0001827098369054,"validity":0.9998216284955207,"parsimony":1.0003611457594972,"identity":0.9993210195466935,"lowest_identity":0.9816799844084974,"breadth_of_coverage":0.983151411861053,"L90":32,"aligned_contigs":63,"NA50":150696,"NG50":150696,"aligned_basepairs":4679551,"Ns":0},"Staphylococcus_aureus":{"assembler":"metaSPAdes","contiguity":0.10709251943886597,"multiplicity":1.0000892282799139,"validity":1.0000966958035888,"parsimony":0.9999925331983334,"identity":0.9995792238957234,"lowest_identity":0.9953367875647668,"breadth_of_coverage":0.9851929909738927,"L90":19,"aligned_contigs":34,"NA50":133994,"NG50":133994,"aligned_basepairs":2678523,"Ns":0},"Staphylococcus_aureus_plasmid1":{"assembler":"metaSPAdes","contiguity":1.0086791857345747,"multiplicity":1.0086791857345747,"validity":1.0,"parsimony":1.0086791857345747,"identity":1.0,"lowest_identity":1.0,"breadth_of_coverage":1.0,"L90":0,"aligned_contigs":1,"NA50":6392,"NG50":6392,"aligned_basepairs":6337,"Ns":0},"Staphylococcus_aureus_plasmid2":{"assembler":"metaSPAdes","contiguity":0.9783393501805054,"multiplicity":1.0,"validity":1.0,"parsimony":1.0,"identity":0.9621771217712177,"lowest_identity":0.9621771217712177,"breadth_of_coverage":0.9783393501805054,"L90":0,"aligned_contigs":1,"NA50":2168,"NG50":2168,"aligned_basepairs":2168,"Ns":0},"Staphylococcus_aureus_plasmid3":{"assembler":"metaSPAdes","contiguity":1.018376211159372,"multiplicity":1.018376211159372,"validity":1.0,"parsimony":1.018376211159372,"identity":1.0,"lowest_identity":1.0,"breadth_of_coverage":1.0,"L90":0,"aligned_contigs":1,"NA50":3048,"NG50":3048,"aligned_basepairs":2993,"Ns":0}}}