{"sample_id":"LHS","ReferenceTables":{"Bacillus_subtilis":{"assembler":"MEGAHIT","contiguity":0.136714077767454,"multiplicity":1.0003482627825595,"validity":1.0000954349529387,"parsimony":1.0002528037033112,"identity":0.9937232975559188,"lowest_identity":0.8706992230854605,"breadth_of_coverage":0.9865441556505871,"L90":11,"aligned_contigs":28,"NA50":268085,"NG50":269819,"aligned_basepairs":3991239,"Ns":0},"Enterococcus_faecalis":{"assembler":"MEGAHIT","contiguity":0.20947412518204872,"multiplicity":1.0005464651567426,"validity":1.000155764302052,"parsimony":1.0003906400069227,"identity":0.9971578228985332,"lowest_identity":0.926775956284153,"breadth_of_coverage":0.9788363079674084,"L90":12,"aligned_contigs":30,"NA50":235316,"NG50":235316,"aligned_basepairs":2785173,"Ns":0},"Escherichia_coli_plasmid":{"assembler":"MEGAHIT","contiguity":1.0012817366167608,"multiplicity":1.0012817366167608,"validity":1.0,"parsimony":1.0012817366167608,"identity":1.0,"lowest_identity":1.0,"breadth_of_coverage":1.0,"L90":0,"aligned_contigs":1,"NA50":110148,"NG50":110148,"aligned_basepairs":110007,"Ns":0},"Escherichia_coli":{"assembler":"MEGAHIT","contiguity":0.07228365768993968,"multiplicity":1.0012855925448108,"validity":1.00065001909861,"parsimony":1.0006351605796933,"identity":0.9972403990468879,"lowest_identity":0.6819329246303643,"breadth_of_coverage":0.9756127143928549,"L90":57,"aligned_contigs":131,"NA50":81004,"NG50":88313,"aligned_basepairs":4649218,"Ns":0},"Lactobacillus_fermentum":{"assembler":"MEGAHIT","contiguity":0.06400928341659962,"multiplicity":1.0014337655665977,"validity":1.0024609590813602,"parsimony":0.9989753281607058,"identity":0.99601338120533,"lowest_identity":0.7272434866516565,"breadth_of_coverage":0.9480925381547477,"L90":37,"aligned_contigs":79,"NA50":46241,"NG50":46241,"aligned_basepairs":1806432,"Ns":0},"Listeria_monocytogenes":{"assembler":"MEGAHIT","contiguity":0.21129737175764,"multiplicity":1.0003037169344657,"validity":1.0008596010815491,"parsimony":0.9994445932811328,"identity":0.9993602528069497,"lowest_identity":0.9896373056994818,"breadth_of_coverage":0.9891894041523328,"L90":6,"aligned_contigs":17,"NA50":543079,"NG50":543079,"aligned_basepairs":2959993,"Ns":0},"Pseudomonas_aeruginosa":{"assembler":"MEGAHIT","contiguity":0.06899944496218528,"multiplicity":1.0007914009907146,"validity":1.0003883386723094,"parsimony":1.0004029058544806,"identity":0.9999562509383577,"lowest_identity":0.9988734509951183,"breadth_of_coverage":0.9909855675445687,"L90":29,"aligned_contigs":81,"NA50":250191,"NG50":250191,"aligned_basepairs":6731101,"Ns":0},"Salmonella_enterica":{"assembler":"MEGAHIT","contiguity":0.08749878669996256,"multiplicity":1.0014907520217378,"validity":1.000169068628005,"parsimony":1.0013214599763076,"identity":0.9999450854184054,"lowest_identity":0.9979868370112273,"breadth_of_coverage":0.9841308758912766,"L90":46,"aligned_contigs":102,"NA50":117581,"NG50":117581,"aligned_basepairs":4684213,"Ns":0},"Staphylococcus_aureus":{"assembler":"MEGAHIT","contiguity":0.1529410250185745,"multiplicity":1.0009102224582196,"validity":1.0009550118919677,"parsimony":0.9999552532998827,"identity":0.9996042499720253,"lowest_identity":0.9939457752040011,"breadth_of_coverage":0.986384334149876,"L90":20,"aligned_contigs":37,"NA50":126979,"NG50":126979,"aligned_basepairs":2681762,"Ns":0},"Staphylococcus_aureus_plasmid1":{"assembler":"MEGAHIT","contiguity":1.0222502761559098,"multiplicity":1.0222502761559098,"validity":1.0,"parsimony":1.0222502761559098,"identity":1.0,"lowest_identity":1.0,"breadth_of_coverage":1.0,"L90":0,"aligned_contigs":1,"NA50":6478,"NG50":6478,"aligned_basepairs":6337,"Ns":0},"Staphylococcus_aureus_plasmid2":{"assembler":"MEGAHIT","contiguity":1.0636281588447654,"multiplicity":1.0636281588447654,"validity":1.0,"parsimony":1.0636281588447654,"identity":0.9991514637250742,"lowest_identity":0.9991514637250742,"breadth_of_coverage":1.0,"L90":0,"aligned_contigs":1,"NA50":2357,"NG50":2357,"aligned_basepairs":2216,"Ns":0},"Staphylococcus_aureus_plasmid3":{"assembler":"MEGAHIT","contiguity":1.047109923154026,"multiplicity":1.047109923154026,"validity":1.0,"parsimony":1.047109923154026,"identity":1.0,"lowest_identity":1.0,"breadth_of_coverage":1.0,"L90":0,"aligned_contigs":1,"NA50":3134,"NG50":3134,"aligned_basepairs":2993,"Ns":0}}}