{"sample_id":"LHS","ReferenceTables":{"Bacillus_subtilis":{"assembler":"IDBA-UD","contiguity":0.12837554752888083,"multiplicity":1.0000248773346374,"validity":1.0000630752475137,"parsimony":0.9999618044963146,"identity":0.9993480091084581,"lowest_identity":0.9859550561797753,"breadth_of_coverage":0.9836489665388513,"L90":15,"aligned_contigs":29,"NA50":257266,"NG50":252653,"aligned_basepairs":3979526,"Ns":0},"Enterococcus_faecalis":{"assembler":"IDBA-UD","contiguity":0.15580594870583736,"multiplicity":1.000585653012102,"validity":0.9999992809461885,"parsimony":1.0005863724875468,"identity":0.9999561087538593,"lowest_identity":0.9990458015267175,"breadth_of_coverage":0.9769490460365391,"L90":24,"aligned_contigs":46,"NA50":128462,"NG50":128462,"aligned_basepairs":2779803,"Ns":0},"Escherichia_coli_plasmid":{"assembler":"IDBA-UD","contiguity":0.0,"multiplicity":0,"validity":0,"parsimony":0,"identity":0,"lowest_identity":0,"breadth_of_coverage":0.0,"L90":0,"aligned_contigs":0,"NA50":0,"NG50":0,"aligned_basepairs":0,"Ns":0},"Escherichia_coli":{"assembler":"IDBA-UD","contiguity":0.018964064972885997,"multiplicity":1.0007094261198368,"validity":0.9998428830250731,"parsimony":1.000866679264788,"identity":1.0004153219840115,"lowest_identity":0.9303720722445593,"breadth_of_coverage":0.9394439205327364,"L90":404,"aligned_contigs":536,"NA50":15281,"NG50":14292,"aligned_basepairs":4476858,"Ns":0},"Lactobacillus_fermentum":{"assembler":"IDBA-UD","contiguity":0.06396519663491894,"multiplicity":1.0007430201392562,"validity":1.0,"parsimony":1.0007430201392562,"identity":1.0,"lowest_identity":1.0,"breadth_of_coverage":0.9387576869765023,"L90":54,"aligned_contigs":86,"NA50":40364,"NG50":40069,"aligned_basepairs":1788646,"Ns":0},"Listeria_monocytogenes":{"assembler":"IDBA-UD","contiguity":0.2112769863872512,"multiplicity":1.0001286103549611,"validity":1.000176678505029,"parsimony":0.9999519403410408,"identity":0.9998267949201712,"lowest_identity":0.9958391123439667,"breadth_of_coverage":0.9874075222685108,"L90":11,"aligned_contigs":25,"NA50":418347,"NG50":418347,"aligned_basepairs":2954661,"Ns":0},"Pseudomonas_aeruginosa":{"assembler":"IDBA-UD","contiguity":0.06358421925907605,"multiplicity":1.0004747541366643,"validity":1.0000714972172686,"parsimony":1.0004032280897093,"identity":1.0010815553497043,"lowest_identity":0.9872685185185185,"breadth_of_coverage":0.9880029386086954,"L90":45,"aligned_contigs":116,"NA50":187353,"NG50":187353,"aligned_basepairs":6710842,"Ns":0},"Salmonella_enterica":{"assembler":"IDBA-UD","contiguity":0.05949035935951204,"multiplicity":1.003061844502606,"validity":0.9996940108114757,"parsimony":1.0033688645272534,"identity":0.9995675008715114,"lowest_identity":0.9346448319863888,"breadth_of_coverage":0.9806086291159234,"L90":84,"aligned_contigs":165,"NA50":56474,"NG50":56474,"aligned_basepairs":4667448,"Ns":0},"Staphylococcus_aureus":{"assembler":"IDBA-UD","contiguity":0.06690243418003664,"multiplicity":1.0006852893100484,"validity":1.0,"parsimony":1.0006852893100484,"identity":1.0,"lowest_identity":1.0,"breadth_of_coverage":0.9822070928872509,"L90":41,"aligned_contigs":67,"NA50":53352,"NG50":53248,"aligned_basepairs":2670405,"Ns":0},"Staphylococcus_aureus_plasmid1":{"assembler":"IDBA-UD","contiguity":0.0,"multiplicity":0,"validity":0,"parsimony":0,"identity":0,"lowest_identity":0,"breadth_of_coverage":0.0,"L90":0,"aligned_contigs":0,"NA50":0,"NG50":0,"aligned_basepairs":0,"Ns":0},"Staphylococcus_aureus_plasmid2":{"assembler":"IDBA-UD","contiguity":0.0,"multiplicity":0,"validity":0,"parsimony":0,"identity":0,"lowest_identity":0,"breadth_of_coverage":0.0,"L90":0,"aligned_contigs":0,"NA50":0,"NG50":0,"aligned_basepairs":0,"Ns":0},"Staphylococcus_aureus_plasmid3":{"assembler":"IDBA-UD","contiguity":0.0,"multiplicity":0,"validity":0,"parsimony":0,"identity":0,"lowest_identity":0,"breadth_of_coverage":0.0,"L90":0,"aligned_contigs":0,"NA50":0,"NG50":0,"aligned_basepairs":0,"Ns":0}}}