{"sample_id":"LHS","ReferenceTables":{"Bacillus_subtilis":{"assembler":"metaSPAdes","contiguity":0.04777865360976667,"multiplicity":1.0000989459611542,"validity":1.0002132743249188,"parsimony":0.9998856960143409,"identity":0.9996965973964003,"lowest_identity":0.9761513157894737,"breadth_of_coverage":0.9817553403299374,"L90":66,"aligned_contigs":110,"NA50":66647,"NG50":63281,"aligned_basepairs":3971865,"Ns":0},"Enterococcus_faecalis":{"assembler":"metaSPAdes","contiguity":0.0,"multiplicity":0,"validity":0,"parsimony":0,"identity":0,"lowest_identity":0,"breadth_of_coverage":0.0,"L90":0,"aligned_contigs":0,"NA50":0,"NG50":0,"aligned_basepairs":0,"Ns":0},"Escherichia_coli_plasmid":{"assembler":"metaSPAdes","contiguity":0.0,"multiplicity":0,"validity":0,"parsimony":0,"identity":0,"lowest_identity":0,"breadth_of_coverage":0.0,"L90":0,"aligned_contigs":0,"NA50":0,"NG50":0,"aligned_basepairs":0,"Ns":0},"Escherichia_coli":{"assembler":"metaSPAdes","contiguity":0.0003533780973569249,"multiplicity":1.0,"validity":0.9825542384254082,"parsimony":1.0177555201456863,"identity":0.9784739033096197,"lowest_identity":0.9540493968983343,"breadth_of_coverage":0.000921846782475636,"L90":0,"aligned_contigs":3,"NA50":1684,"NG50":0,"aligned_basepairs":4393,"Ns":0},"Lactobacillus_fermentum":{"assembler":"metaSPAdes","contiguity":0.0,"multiplicity":0,"validity":0,"parsimony":0,"identity":0,"lowest_identity":0,"breadth_of_coverage":0.0,"L90":0,"aligned_contigs":0,"NA50":0,"NG50":0,"aligned_basepairs":0,"Ns":0},"Listeria_monocytogenes":{"assembler":"metaSPAdes","contiguity":0.3066915479580877,"multiplicity":1.0000107930314792,"validity":1.000000674557642,"parsimony":1.0000101184670118,"identity":0.9999651393499948,"lowest_identity":0.9997312963034048,"breadth_of_coverage":0.9908212363426373,"L90":5,"aligned_contigs":12,"NA50":593167,"NG50":593167,"aligned_basepairs":2964876,"Ns":0},"Pseudomonas_aeruginosa":{"assembler":"metaSPAdes","contiguity":0.12479429003007804,"multiplicity":1.0002248735067947,"validity":1.0000169400201437,"parsimony":1.0002079299643132,"identity":0.9995556801614274,"lowest_identity":0.9826218360408009,"breadth_of_coverage":0.9905624432264039,"L90":24,"aligned_contigs":58,"NA50":285156,"NG50":253547,"aligned_basepairs":6728227,"Ns":0},"Salmonella_enterica":{"assembler":"metaSPAdes","contiguity":0.0002869901040937899,"multiplicity":1.0,"validity":1.046539862403885,"parsimony":0.9555297757153906,"identity":0.9879198033001508,"lowest_identity":0.984149855907781,"breadth_of_coverage":0.0005433063024791659,"L90":0,"aligned_contigs":2,"NA50":1388,"NG50":0,"aligned_basepairs":2586,"Ns":0},"Staphylococcus_aureus":{"assembler":"metaSPAdes","contiguity":0.0,"multiplicity":0,"validity":0,"parsimony":0,"identity":0,"lowest_identity":0,"breadth_of_coverage":0.0,"L90":0,"aligned_contigs":0,"NA50":0,"NG50":0,"aligned_basepairs":0,"Ns":0},"Staphylococcus_aureus_plasmid1":{"assembler":"metaSPAdes","contiguity":0.0,"multiplicity":0,"validity":0,"parsimony":0,"identity":0,"lowest_identity":0,"breadth_of_coverage":0.0,"L90":0,"aligned_contigs":0,"NA50":0,"NG50":0,"aligned_basepairs":0,"Ns":0},"Staphylococcus_aureus_plasmid2":{"assembler":"metaSPAdes","contiguity":0.0,"multiplicity":0,"validity":0,"parsimony":0,"identity":0,"lowest_identity":0,"breadth_of_coverage":0.0,"L90":0,"aligned_contigs":0,"NA50":0,"NG50":0,"aligned_basepairs":0,"Ns":0},"Staphylococcus_aureus_plasmid3":{"assembler":"metaSPAdes","contiguity":0.0,"multiplicity":0,"validity":0,"parsimony":0,"identity":0,"lowest_identity":0,"breadth_of_coverage":0.0,"L90":0,"aligned_contigs":0,"NA50":0,"NG50":0,"aligned_basepairs":0,"Ns":0}}}