{"sample_id":"LHS","ReferenceTables":{"Bacillus_subtilis":{"assembler":"MINIA","contiguity":0.0336843499864176,"multiplicity":1.0002821349850164,"validity":1.0,"parsimony":1.0002821349850164,"identity":1.0,"lowest_identity":1.0,"breadth_of_coverage":0.9768473854932067,"L90":65,"aligned_contigs":115,"NA50":65138,"NG50":64960,"aligned_basepairs":3952009,"Ns":0},"Enterococcus_faecalis":{"assembler":"MINIA","contiguity":0.045908612943313255,"multiplicity":1.0007515051760731,"validity":0.9999985572723213,"parsimony":1.0007529489900522,"identity":0.9999803381413981,"lowest_identity":0.9968823070927514,"breadth_of_coverage":0.9736584625246715,"L90":103,"aligned_contigs":167,"NA50":32803,"NG50":30356,"aligned_basepairs":2770440,"Ns":0},"Escherichia_coli_plasmid":{"assembler":"MINIA","contiguity":0.011172016326233785,"multiplicity":1.0,"validity":1.0,"parsimony":1.0,"identity":1.0,"lowest_identity":1.0,"breadth_of_coverage":0.011172016326233785,"L90":0,"aligned_contigs":1,"NA50":1229,"NG50":0,"aligned_basepairs":1229,"Ns":0},"Escherichia_coli":{"assembler":"MINIA","contiguity":0.011346290810029054,"multiplicity":1.002286625247647,"validity":1.0000275610437368,"parsimony":1.0022590019434587,"identity":0.9999870474690347,"lowest_identity":0.9944444444444445,"breadth_of_coverage":0.7900512314303377,"L90":0,"aligned_contigs":1117,"NA50":4469,"NG50":3200,"aligned_basepairs":3764937,"Ns":0},"Lactobacillus_fermentum":{"assembler":"MINIA","contiguity":0.03464433776143068,"multiplicity":1.0007781959091084,"validity":1.0004060626522735,"parsimony":1.0003719822087527,"identity":0.9999902665311502,"lowest_identity":0.9987330316742081,"breadth_of_coverage":0.9199294821430165,"L90":207,"aligned_contigs":237,"NA50":11217,"NG50":10234,"aligned_basepairs":1752772,"Ns":0},"Listeria_monocytogenes":{"assembler":"MINIA","contiguity":0.054075369727123436,"multiplicity":1.0006150436982824,"validity":1.000001040044486,"parsimony":1.0006140030152058,"identity":0.9999338318004367,"lowest_identity":0.9915966386554622,"breadth_of_coverage":0.9633664868521045,"L90":76,"aligned_contigs":127,"NA50":46368,"NG50":44353,"aligned_basepairs":2882722,"Ns":0},"Pseudomonas_aeruginosa":{"assembler":"MINIA","contiguity":0.015603629387853653,"multiplicity":1.0010087709331483,"validity":1.0000001533872898,"parsimony":1.0010086173911494,"identity":0.9999737593798335,"lowest_identity":0.9880823401950163,"breadth_of_coverage":0.9588574171160706,"L90":333,"aligned_contigs":516,"NA50":22276,"NG50":21921,"aligned_basepairs":6512876,"Ns":0},"Salmonella_enterica":{"assembler":"MINIA","contiguity":0.011955679987965744,"multiplicity":1.0023407225913297,"validity":1.0,"parsimony":1.0023407225913297,"identity":0.9999927329123581,"lowest_identity":0.9950698438783895,"breadth_of_coverage":0.8043086752948582,"L90":0,"aligned_contigs":1084,"NA50":4996,"NG50":3551,"aligned_basepairs":3828305,"Ns":0},"Staphylococcus_aureus":{"assembler":"MINIA","contiguity":0.033340689574000104,"multiplicity":1.0005925881489293,"validity":1.0,"parsimony":1.0005925881489293,"identity":0.999999679077413,"lowest_identity":0.9999670586685114,"breadth_of_coverage":0.9564793767792907,"L90":113,"aligned_contigs":176,"NA50":29647,"NG50":29165,"aligned_basepairs":2600457,"Ns":0},"Staphylococcus_aureus_plasmid1":{"assembler":"MINIA","contiguity":0.0,"multiplicity":0,"validity":0,"parsimony":0,"identity":0,"lowest_identity":0,"breadth_of_coverage":0.0,"L90":0,"aligned_contigs":0,"NA50":0,"NG50":0,"aligned_basepairs":0,"Ns":0},"Staphylococcus_aureus_plasmid2":{"assembler":"MINIA","contiguity":0.0,"multiplicity":0,"validity":0,"parsimony":0,"identity":0,"lowest_identity":0,"breadth_of_coverage":0.0,"L90":0,"aligned_contigs":0,"NA50":0,"NG50":0,"aligned_basepairs":0,"Ns":0},"Staphylococcus_aureus_plasmid3":{"assembler":"MINIA","contiguity":0.0,"multiplicity":0,"validity":0,"parsimony":0,"identity":0,"lowest_identity":0,"breadth_of_coverage":0.0,"L90":0,"aligned_contigs":0,"NA50":0,"NG50":0,"aligned_basepairs":0,"Ns":0}}}