{"ENN":{"assembler":"MEGAHIT","mapped_reads_original":101.58265661127459,"mapped_reads_filtered":100.79058846989903}}