{"ENN":{"assembler":"IDBA-UD","mapped_reads_original":100.02820481475993,"mapped_reads_filtered":98.24583808250968}}