{"ENN":{"assembler":"BCALM2","mapped_reads_original":96.57067354873251,"mapped_reads_filtered":92.63068970674504}}