{"ENN":{"assembler":"MetaHipMer2","mapped_reads_original":99.29491377726664,"mapped_reads_filtered":98.36003457423136}}