{"ENN":{"assembler":"MetaHipMer2","mapped_reads_original":99.29415117735184,"mapped_reads_filtered":98.35980124142161}}