{"ENN":{"assembler":"BCALM2","mapped_reads_original":96.57062232933527,"mapped_reads_filtered":92.63063848734778}}