{"ENN":{"assembler":"SKESA","mapped_reads_original":98.5569959208872,"mapped_reads_filtered":97.59844197422777}}