{"ENN":{"assembler":"SPAdes","mapped_reads_original":100.17151668830402,"mapped_reads_filtered":99.16282464276746}}