{"ENN":{"assembler":"IDBA-UD","mapped_reads_original":100.02930318627902,"mapped_reads_filtered":98.24580393624483}}