{"ENN":{"assembler":"GATBMiniaPipeline","mapped_reads_original":100.06718846712181,"mapped_reads_filtered":98.9806144825236}}