{"assembler":"SPAdes","sample_id":"ERR2935805","global":{"contigs":36214,"basepairs":29517365,"max_contig_size":847683,"N50":1972,"mapped_reads":107.69180039376111,"Ns":0},"filtered":{"contigs":4999,"basepairs":19595813,"N50":55465,"mapped_reads":75.94997595047874,"Ns":0}}