{"assembler":"IDBA-UD","sample_id":"ERR2935805","global":{"contigs":14156,"basepairs":23587252,"max_contig_size":632213,"N50":51161,"mapped_reads":90.20766673273744,"Ns":0},"filtered":{"contigs":2725,"basepairs":17534580,"N50":113853,"mapped_reads":89.45148505872142,"Ns":0}}