{"assembler":"MetaHipMer2","sample_id":"ERR2935805","global":{"contigs":11973,"basepairs":15029183,"max_contig_size":14760,"N50":1516,"mapped_reads":85.3079125841349,"Ns":0},"filtered":{"contigs":5031,"basepairs":10253731,"N50":2177,"mapped_reads":74.31879498466243,"Ns":0}}