{"assembler":"GATBMiniaPipeline","sample_id":"ERR2935805","global":{"contigs":6776,"basepairs":17147130,"max_contig_size":542997,"N50":55204,"mapped_reads":89.68045360238246,"Ns":0},"filtered":{"contigs":603,"basepairs":13912407,"N50":90095,"mapped_reads":89.11538549907633,"Ns":0}}