{"assembler":"MINIA","sample_id":"ERR2935805","global":{"contigs":37281,"basepairs":20757924,"max_contig_size":163543,"N50":7485,"mapped_reads":87.69379715107408,"Ns":0},"filtered":{"contigs":1463,"basepairs":13446596,"N50":18288,"mapped_reads":84.2541030582248,"Ns":0}}