{"assembler":"metaSPAdes","sample_id":"ERR2935805","global":{"contigs":26282,"basepairs":27822010,"max_contig_size":622107,"N50":3674,"mapped_reads":90.5365630389831,"Ns":0},"filtered":{"contigs":3392,"basepairs":18792639,"N50":87983,"mapped_reads":89.77434259049481,"Ns":0}}