{"assembler":"VelvetOptimiser","sample_id":"ERR2935805","global":{"contigs":525998,"basepairs":47958628,"max_contig_size":2044,"N50":88,"mapped_reads":1.4031699290648358,"Ns":0},"filtered":{"contigs":340,"basepairs":409222,"N50":1180,"mapped_reads":0.020349112454858934,"Ns":0}}