{"sample_id":"EMS","ReferenceTables":{"Bacillus_subtilis":{"assembler":"MEGAHIT","contiguity":0.18999119306855194,"multiplicity":1.0001035487121475,"validity":1.0000727075072255,"parsimony":1.0000308389626977,"identity":0.9964784995472189,"lowest_identity":0.9227799227799228,"breadth_of_coverage":0.9858574967798962,"L90":13,"aligned_contigs":26,"NA50":264102,"NG50":264102,"aligned_basepairs":3988461,"Ns":0},"Enterococcus_faecalis":{"assembler":"MEGAHIT","contiguity":0.23483723859489308,"multiplicity":1.0005552557418653,"validity":1.000778311064989,"parsimony":0.9997771181482876,"identity":0.9972678859065052,"lowest_identity":0.933920704845815,"breadth_of_coverage":0.9918222164116579,"L90":12,"aligned_contigs":30,"NA50":235316,"NG50":238546,"aligned_basepairs":2822123,"Ns":0},"Escherichia_coli_plasmid":{"assembler":"MEGAHIT","contiguity":1.0012817366167608,"multiplicity":1.0012817366167608,"validity":1.0,"parsimony":1.0012817366167608,"identity":0.9999727639176381,"lowest_identity":0.9999727639176381,"breadth_of_coverage":1.0,"L90":0,"aligned_contigs":1,"NA50":110148,"NG50":110148,"aligned_basepairs":110007,"Ns":0},"Escherichia_coli":{"assembler":"MEGAHIT","contiguity":0.05956519385222836,"multiplicity":1.001366902504062,"validity":0.9569384654499393,"parsimony":1.0464276843895421,"identity":0.988844826031168,"lowest_identity":0.002723540051857303,"breadth_of_coverage":0.9733056842251934,"L90":49,"aligned_contigs":135,"NA50":81127,"NG50":93686,"aligned_basepairs":4638224,"Ns":0},"Lactobacillus_fermentum":{"assembler":"MEGAHIT","contiguity":0.06400928341659962,"multiplicity":1.0017478958873558,"validity":1.0023866242771495,"parsimony":0.999362792385369,"identity":0.9995022201823884,"lowest_identity":0.9188370684433677,"breadth_of_coverage":0.9488567090372129,"L90":37,"aligned_contigs":79,"NA50":46241,"NG50":46241,"aligned_basepairs":1807888,"Ns":0},"Listeria_monocytogenes":{"assembler":"MEGAHIT","contiguity":0.2113033871128367,"multiplicity":1.0002691427342234,"validity":1.0005428798080525,"parsimony":0.9997264114518695,"identity":0.9996299977176442,"lowest_identity":0.994823123382226,"breadth_of_coverage":0.9771941175173159,"L90":8,"aligned_contigs":18,"NA50":447850,"NG50":447850,"aligned_basepairs":2924099,"Ns":0},"Pseudomonas_aeruginosa":{"assembler":"MEGAHIT","contiguity":0.06899944496218528,"multiplicity":1.0008390418284931,"validity":1.0002927916825781,"parsimony":1.0005460902552303,"identity":0.9998528884214297,"lowest_identity":0.9910313901345291,"breadth_of_coverage":0.9910425435748852,"L90":30,"aligned_contigs":83,"NA50":244434,"NG50":244434,"aligned_basepairs":6731488,"Ns":0},"Salmonella_enterica":{"assembler":"MEGAHIT","contiguity":0.08749878669996256,"multiplicity":1.0060665581117874,"validity":0.9800017848474789,"parsimony":1.0265966589727844,"identity":0.9935797970689304,"lowest_identity":0.4775677038098767,"breadth_of_coverage":0.9814971219052445,"L90":32,"aligned_contigs":110,"NA50":121384,"NG50":145399,"aligned_basepairs":4671677,"Ns":0},"Staphylococcus_aureus":{"assembler":"MEGAHIT","contiguity":0.13352054965830262,"multiplicity":1.0008643744956573,"validity":1.000941263515746,"parsimony":0.9999231832846829,"identity":0.9986814887064004,"lowest_identity":0.9733218588640276,"breadth_of_coverage":0.9863644723000757,"L90":9,"aligned_contigs":39,"NA50":224825,"NG50":362351,"aligned_basepairs":2681708,"Ns":0},"Staphylococcus_aureus_plasmid1":{"assembler":"MEGAHIT","contiguity":0.9998421966230078,"multiplicity":1.0,"validity":1.0,"parsimony":1.0,"identity":1.0,"lowest_identity":1.0,"breadth_of_coverage":0.9998421966230078,"L90":0,"aligned_contigs":1,"NA50":6336,"NG50":6336,"aligned_basepairs":6336,"Ns":0},"Staphylococcus_aureus_plasmid2":{"assembler":"MEGAHIT","contiguity":0.0,"multiplicity":0,"validity":0,"parsimony":0,"identity":0,"lowest_identity":0,"breadth_of_coverage":0.0,"L90":0,"aligned_contigs":0,"NA50":0,"NG50":0,"aligned_basepairs":0,"Ns":0},"Staphylococcus_aureus_plasmid3":{"assembler":"MEGAHIT","contiguity":0.0,"multiplicity":0,"validity":0,"parsimony":0,"identity":0,"lowest_identity":0,"breadth_of_coverage":0.0,"L90":0,"aligned_contigs":0,"NA50":0,"NG50":0,"aligned_basepairs":0,"Ns":0}}}