{"sample_id":"EMS","ReferenceTables":{"Bacillus_subtilis":{"assembler":"MINIA","contiguity":0.032648182244899925,"multiplicity":1.0002838209176017,"validity":0.9999997471120192,"parsimony":1.0002840738774215,"identity":0.9999929305140223,"lowest_identity":0.9991728701406121,"breadth_of_coverage":0.9771410322672819,"L90":66,"aligned_contigs":117,"NA50":65138,"NG50":64960,"aligned_basepairs":3953197,"Ns":0},"Enterococcus_faecalis":{"assembler":"MINIA","contiguity":0.045908612943313255,"multiplicity":1.0007432247072583,"validity":1.0,"parsimony":1.0007432247072583,"identity":0.9999934557115278,"lowest_identity":0.9989071038251366,"breadth_of_coverage":0.9736303468906921,"L90":103,"aligned_contigs":167,"NA50":30453,"NG50":30440,"aligned_basepairs":2770360,"Ns":0},"Escherichia_coli_plasmid":{"assembler":"MINIA","contiguity":0.3306244148099666,"multiplicity":1.0005082687800608,"validity":1.0,"parsimony":1.0005082687800608,"identity":1.0,"lowest_identity":1.0,"breadth_of_coverage":0.9657839955639187,"L90":3,"aligned_contigs":6,"NA50":26838,"NG50":26838,"aligned_basepairs":106243,"Ns":0},"Escherichia_coli":{"assembler":"MINIA","contiguity":0.011346290810029054,"multiplicity":1.0023216645079354,"validity":1.0000299175044671,"parsimony":1.0022916784421683,"identity":0.9999941454033969,"lowest_identity":0.9938884644766998,"breadth_of_coverage":0.7907814902063485,"L90":0,"aligned_contigs":1121,"NA50":4469,"NG50":3200,"aligned_basepairs":3768417,"Ns":0},"Lactobacillus_fermentum":{"assembler":"MINIA","contiguity":0.03464433776143068,"multiplicity":1.0007953340402969,"validity":1.0004137579652683,"parsimony":1.0003814182601853,"identity":1.0,"lowest_identity":1.0,"breadth_of_coverage":0.9205634920509959,"L90":206,"aligned_contigs":237,"NA50":11209,"NG50":10836,"aligned_basepairs":1753980,"Ns":0},"Listeria_monocytogenes":{"assembler":"MINIA","contiguity":0.054075369727123436,"multiplicity":1.0005839194212016,"validity":1.0,"parsimony":1.0005839194212016,"identity":0.9999709445913357,"lowest_identity":0.996309963099631,"breadth_of_coverage":0.9632077483121916,"L90":75,"aligned_contigs":127,"NA50":46368,"NG50":44353,"aligned_basepairs":2882247,"Ns":0},"Pseudomonas_aeruginosa":{"assembler":"MINIA","contiguity":0.015603629387853653,"multiplicity":1.0010374418136465,"validity":1.0000001532860232,"parsimony":1.0010372883686216,"identity":0.999975019226405,"lowest_identity":0.9929577464788732,"breadth_of_coverage":0.9594633947408326,"L90":336,"aligned_contigs":522,"NA50":22123,"NG50":21276,"aligned_basepairs":6516992,"Ns":0},"Salmonella_enterica":{"assembler":"MINIA","contiguity":0.011955679987965744,"multiplicity":1.002363540545067,"validity":1.0,"parsimony":1.002363540545067,"identity":0.9999646903873242,"lowest_identity":0.9906747120131651,"breadth_of_coverage":0.8040994204312583,"L90":0,"aligned_contigs":1084,"NA50":4996,"NG50":3551,"aligned_basepairs":3827309,"Ns":0},"Staphylococcus_aureus":{"assembler":"MINIA","contiguity":0.033342896446200136,"multiplicity":1.0005775912292272,"validity":0.9999988470230134,"parsimony":1.0005787448734933,"identity":0.9999989195905248,"lowest_identity":0.9998109283418416,"breadth_of_coverage":0.9564786411552241,"L90":112,"aligned_contigs":175,"NA50":29647,"NG50":29165,"aligned_basepairs":2600455,"Ns":0},"Staphylococcus_aureus_plasmid1":{"assembler":"MINIA","contiguity":0.20356635632002526,"multiplicity":1.0,"validity":1.0,"parsimony":1.0,"identity":1.0,"lowest_identity":1.0,"breadth_of_coverage":0.20356635632002526,"L90":0,"aligned_contigs":1,"NA50":1290,"NG50":0,"aligned_basepairs":1290,"Ns":0},"Staphylococcus_aureus_plasmid2":{"assembler":"MINIA","contiguity":0.0,"multiplicity":0,"validity":0,"parsimony":0,"identity":0,"lowest_identity":0,"breadth_of_coverage":0.0,"L90":0,"aligned_contigs":0,"NA50":0,"NG50":0,"aligned_basepairs":0,"Ns":0},"Staphylococcus_aureus_plasmid3":{"assembler":"MINIA","contiguity":0.0,"multiplicity":0,"validity":0,"parsimony":0,"identity":0,"lowest_identity":0,"breadth_of_coverage":0.0,"L90":0,"aligned_contigs":0,"NA50":0,"NG50":0,"aligned_basepairs":0,"Ns":0}}}