{"sample_id":"EMS","ReferenceTables":{"Bacillus_subtilis":{"assembler":"SPAdes","contiguity":0.163234484611599,"multiplicity":1.0000072827468713,"validity":1.0000205928686896,"parsimony":0.9999866901522697,"identity":0.9999953509632736,"lowest_identity":0.9999545540125561,"breadth_of_coverage":0.9842639439579581,"L90":11,"aligned_contigs":21,"NA50":315091,"NG50":315091,"aligned_basepairs":3982014,"Ns":0},"Enterococcus_faecalis":{"assembler":"SPAdes","contiguity":0.18954014069063244,"multiplicity":1.0002187976288872,"validity":1.0000159803519797,"parsimony":1.0002028140358679,"identity":0.9998995066946825,"lowest_identity":0.9987397605545053,"breadth_of_coverage":0.9894548800305898,"L90":13,"aligned_contigs":26,"NA50":235086,"NG50":235086,"aligned_basepairs":2815387,"Ns":0},"Escherichia_coli_plasmid":{"assembler":"SPAdes","contiguity":0.6260237984855509,"multiplicity":1.0,"validity":1.0,"parsimony":1.0,"identity":1.0,"lowest_identity":1.0,"breadth_of_coverage":0.9943821756797294,"L90":1,"aligned_contigs":2,"NA50":68867,"NG50":68867,"aligned_basepairs":109389,"Ns":0},"Escherichia_coli":{"assembler":"SPAdes","contiguity":0.09489272120860345,"multiplicity":1.0002459718349348,"validity":1.000693934014318,"parsimony":0.9995523484612462,"identity":1.0005635738307819,"lowest_identity":0.9990426041168023,"breadth_of_coverage":0.9759738567358188,"L90":40,"aligned_contigs":83,"NA50":102174,"NG50":102174,"aligned_basepairs":4650939,"Ns":0},"Lactobacillus_fermentum":{"assembler":"SPAdes","contiguity":0.06398094191409061,"multiplicity":1.000558175118661,"validity":1.0002753851908548,"parsimony":1.000282712073088,"identity":1.0,"lowest_identity":1.0,"breadth_of_coverage":0.9412233976947861,"L90":48,"aligned_contigs":81,"NA50":46806,"NG50":46392,"aligned_basepairs":1793344,"Ns":0},"Listeria_monocytogenes":{"assembler":"SPAdes","contiguity":0.211434053995165,"multiplicity":1.0000527105547068,"validity":1.0000359384118302,"parsimony":1.000016771540134,"identity":0.999878407508448,"lowest_identity":0.9982316534040672,"breadth_of_coverage":0.9763643326865713,"L90":8,"aligned_contigs":15,"NA50":448684,"NG50":448684,"aligned_basepairs":2921616,"Ns":0},"Pseudomonas_aeruginosa":{"assembler":"SPAdes","contiguity":0.12480592079595662,"multiplicity":1.0002574196150775,"validity":1.0000234773595043,"parsimony":1.0002339367633557,"identity":0.9995410736592045,"lowest_identity":0.9746764209341587,"breadth_of_coverage":0.9905752517913587,"L90":26,"aligned_contigs":60,"NA50":253094,"NG50":253094,"aligned_basepairs":6728314,"Ns":0},"Salmonella_enterica":{"assembler":"SPAdes","contiguity":0.11138199391312058,"multiplicity":1.000193221688899,"validity":0.9999274005054981,"parsimony":1.0002658404832856,"identity":0.9997003112234247,"lowest_identity":0.9926457290975947,"breadth_of_coverage":0.9807693519780257,"L90":24,"aligned_contigs":53,"NA50":177711,"NG50":177711,"aligned_basepairs":4668213,"Ns":0},"Staphylococcus_aureus":{"assembler":"SPAdes","contiguity":0.18643104627811002,"multiplicity":1.0000287463922344,"validity":1.0001672749051052,"parsimony":0.9998614946555976,"identity":0.9999400040138124,"lowest_identity":0.999478170116542,"breadth_of_coverage":0.9852202090643597,"L90":8,"aligned_contigs":16,"NA50":379014,"NG50":379014,"aligned_basepairs":2678597,"Ns":0},"Staphylococcus_aureus_plasmid1":{"assembler":"SPAdes","contiguity":0.9998421966230078,"multiplicity":1.0,"validity":1.0,"parsimony":1.0,"identity":1.0,"lowest_identity":1.0,"breadth_of_coverage":0.9998421966230078,"L90":0,"aligned_contigs":1,"NA50":6336,"NG50":6336,"aligned_basepairs":6336,"Ns":0},"Staphylococcus_aureus_plasmid2":{"assembler":"SPAdes","contiguity":0.0,"multiplicity":0,"validity":0,"parsimony":0,"identity":0,"lowest_identity":0,"breadth_of_coverage":0.0,"L90":0,"aligned_contigs":0,"NA50":0,"NG50":0,"aligned_basepairs":0,"Ns":0},"Staphylococcus_aureus_plasmid3":{"assembler":"SPAdes","contiguity":0.0,"multiplicity":0,"validity":0,"parsimony":0,"identity":0,"lowest_identity":0,"breadth_of_coverage":0.0,"L90":0,"aligned_contigs":0,"NA50":0,"NG50":0,"aligned_basepairs":0,"Ns":0}}}