{"sample_id":"EMS","ReferenceTables":{"Bacillus_subtilis":{"assembler":"IDBA-UD","contiguity":0.08473587980454199,"multiplicity":1.000024882030273,"validity":1.0000635898719683,"parsimony":0.999961294619575,"identity":0.9998527549547958,"lowest_identity":0.9951409135082604,"breadth_of_coverage":0.9834633362969906,"L90":16,"aligned_contigs":33,"NA50":252653,"NG50":249172,"aligned_basepairs":3978775,"Ns":0},"Enterococcus_faecalis":{"assembler":"IDBA-UD","contiguity":0.1357566901151054,"multiplicity":1.0006363017337063,"validity":1.0008780061089642,"parsimony":0.999758507656495,"identity":1.0015996530014335,"lowest_identity":0.9986504723346828,"breadth_of_coverage":0.9765107935918848,"L90":26,"aligned_contigs":53,"NA50":112536,"NG50":112536,"aligned_basepairs":2778556,"Ns":0},"Escherichia_coli_plasmid":{"assembler":"IDBA-UD","contiguity":0.36855836446771567,"multiplicity":1.0,"validity":1.0,"parsimony":1.0,"identity":0.9999815015785319,"lowest_identity":0.9999260063141279,"breadth_of_coverage":0.9810375703364331,"L90":3,"aligned_contigs":4,"NA50":28269,"NG50":28269,"aligned_basepairs":107921,"Ns":0},"Escherichia_coli":{"assembler":"IDBA-UD","contiguity":0.021857820295066513,"multiplicity":1.005875811526384,"validity":0.9788405737212723,"parsimony":1.0276196538342617,"identity":0.99177162994722,"lowest_identity":0.012219916133677835,"breadth_of_coverage":0.9487945903772877,"L90":252,"aligned_contigs":415,"NA50":19626,"NG50":19434,"aligned_basepairs":4521418,"Ns":0},"Lactobacillus_fermentum":{"assembler":"IDBA-UD","contiguity":0.06396519663491894,"multiplicity":1.000597328799302,"validity":1.0,"parsimony":1.000597328799302,"identity":0.9999988516781575,"lowest_identity":0.9999012443215485,"breadth_of_coverage":0.93839764492611,"L90":55,"aligned_contigs":86,"NA50":40364,"NG50":40069,"aligned_basepairs":1787960,"Ns":0},"Listeria_monocytogenes":{"assembler":"IDBA-UD","contiguity":0.15660141788605714,"multiplicity":1.0000775675362585,"validity":1.0003398281276046,"parsimony":0.9997378285019033,"identity":0.9998093370124106,"lowest_identity":0.9958391123439667,"breadth_of_coverage":0.98660714584095,"L90":12,"aligned_contigs":23,"NA50":254629,"NG50":254629,"aligned_basepairs":2952266,"Ns":0},"Pseudomonas_aeruginosa":{"assembler":"IDBA-UD","contiguity":0.05212747319402915,"multiplicity":1.0007114517003264,"validity":1.0000927925684788,"parsimony":1.0006186017302041,"identity":0.9991052963042761,"lowest_identity":0.9605651296382549,"breadth_of_coverage":0.9862564098034106,"L90":68,"aligned_contigs":159,"NA50":97738,"NG50":97738,"aligned_basepairs":6698979,"Ns":0},"Salmonella_enterica":{"assembler":"IDBA-UD","contiguity":0.02262389631715642,"multiplicity":1.0075993961625949,"validity":0.9934322356636142,"parsimony":1.0142608222185552,"identity":0.9941281588278649,"lowest_identity":0.6444085442469933,"breadth_of_coverage":0.9600180345757946,"L90":236,"aligned_contigs":399,"NA50":22917,"NG50":22509,"aligned_basepairs":4569442,"Ns":0},"Staphylococcus_aureus":{"assembler":"IDBA-UD","contiguity":0.06690243418003664,"multiplicity":1.0007827223081878,"validity":0.9973613429999085,"parsimony":1.003430431039154,"identity":0.9935189052001658,"lowest_identity":0.5959845712590248,"breadth_of_coverage":0.9774207548974172,"L90":43,"aligned_contigs":75,"NA50":53248,"NG50":53248,"aligned_basepairs":2657392,"Ns":0},"Staphylococcus_aureus_plasmid1":{"assembler":"IDBA-UD","contiguity":0.0,"multiplicity":0,"validity":0,"parsimony":0,"identity":0,"lowest_identity":0,"breadth_of_coverage":0.0,"L90":0,"aligned_contigs":0,"NA50":0,"NG50":0,"aligned_basepairs":0,"Ns":0},"Staphylococcus_aureus_plasmid2":{"assembler":"IDBA-UD","contiguity":0.0,"multiplicity":0,"validity":0,"parsimony":0,"identity":0,"lowest_identity":0,"breadth_of_coverage":0.0,"L90":0,"aligned_contigs":0,"NA50":0,"NG50":0,"aligned_basepairs":0,"Ns":0},"Staphylococcus_aureus_plasmid3":{"assembler":"IDBA-UD","contiguity":0.0,"multiplicity":0,"validity":0,"parsimony":0,"identity":0,"lowest_identity":0,"breadth_of_coverage":0.0,"L90":0,"aligned_contigs":0,"NA50":0,"NG50":0,"aligned_basepairs":0,"Ns":0}}}