{"assembler":"BCALM2","sample_id":"LNN","global":{"contigs":44825,"basepairs":19635512,"max_contig_size":163543,"N50":18682,"mapped_reads":98.33987532172651,"Ns":0},"filtered":{"contigs":784,"basepairs":13397815,"N50":31436,"mapped_reads":97.22871988933393,"Ns":0}}