{"assembler":"MINIA","sample_id":"LNN","global":{"contigs":14997,"basepairs":16400784,"max_contig_size":177038,"N50":26474,"mapped_reads":99.05952958562612,"Ns":0},"filtered":{"contigs":762,"basepairs":13501499,"N50":33550,"mapped_reads":97.55813990438979,"Ns":0}}