{"assembler":"VelvetOptimiser","sample_id":"LNN","global":{"contigs":15386,"basepairs":15546803,"max_contig_size":395655,"N50":5219,"mapped_reads":97.28976618266155,"Ns":124182},"filtered":{"contigs":2372,"basepairs":12274643,"N50":13110,"mapped_reads":95.07042609810993,"Ns":12292}}