{"sample_id":"EMS","ReferenceTables":{"Bacillus_subtilis":{"assembler":"SPAdes","contiguity":0.19005298742336574,"multiplicity":0.999921634227758,"validity":0.9999989952328824,"parsimony":0.9999226389171457,"identity":0.9999946739543819,"lowest_identity":0.9999107824075214,"breadth_of_coverage":0.9840948746031876,"L90":11,"aligned_contigs":22,"NA50":315090,"NG50":315090,"aligned_basepairs":3981330,"Ns":0},"Enterococcus_faecalis":{"assembler":"SPAdes","contiguity":0.18946001113379105,"multiplicity":1.0001768773808342,"validity":0.9999982027867589,"parsimony":1.0001786749151924,"identity":0.999933351073219,"lowest_identity":0.9987269255251432,"breadth_of_coverage":0.9775763761197052,"L90":14,"aligned_contigs":26,"NA50":235662,"NG50":215153,"aligned_basepairs":2781588,"Ns":0},"Escherichia_coli_plasmid":{"assembler":"SPAdes","contiguity":0.3680038543001809,"multiplicity":1.0,"validity":1.0,"parsimony":1.0,"identity":1.0,"lowest_identity":1.0,"breadth_of_coverage":0.9783013808212204,"L90":3,"aligned_contigs":5,"NA50":26837,"NG50":26837,"aligned_basepairs":107620,"Ns":0},"Escherichia_coli":{"assembler":"SPAdes","contiguity":0.09487572380605838,"multiplicity":1.0000947489690666,"validity":0.9999636125542286,"parsimony":1.0001311411867309,"identity":0.9997884850066031,"lowest_identity":0.9909936955869109,"breadth_of_coverage":0.9744862692464107,"L90":45,"aligned_contigs":84,"NA50":98812,"NG50":96999,"aligned_basepairs":4643850,"Ns":0},"Lactobacillus_fermentum":{"assembler":"SPAdes","contiguity":0.06398094191409061,"multiplicity":1.0014881516799157,"validity":1.0,"parsimony":1.0014881516799157,"identity":0.999990454652405,"lowest_identity":0.9990482233502538,"breadth_of_coverage":0.9409525788930334,"L90":76,"aligned_contigs":109,"NA50":32241,"NG50":29397,"aligned_basepairs":1792828,"Ns":0},"Listeria_monocytogenes":{"assembler":"SPAdes","contiguity":0.181479590234004,"multiplicity":1.0001369284084185,"validity":1.0,"parsimony":1.0001369284084185,"identity":0.9999086748576277,"lowest_identity":0.9982316534040672,"breadth_of_coverage":0.9884398240575443,"L90":10,"aligned_contigs":20,"NA50":255092,"NG50":255092,"aligned_basepairs":2957750,"Ns":0},"Pseudomonas_aeruginosa":{"assembler":"SPAdes","contiguity":0.12516647453819235,"multiplicity":1.0002495211690252,"validity":0.9999994056967826,"parsimony":1.0002501156208872,"identity":0.9995688586290978,"lowest_identity":0.9746764209341587,"breadth_of_coverage":0.9906597588750841,"L90":26,"aligned_contigs":63,"NA50":252244,"NG50":252244,"aligned_basepairs":6728888,"Ns":0},"Salmonella_enterica":{"assembler":"SPAdes","contiguity":0.08224745606173102,"multiplicity":1.0002353168097213,"validity":0.9999997857364313,"parsimony":1.0002355311237556,"identity":0.9996253327290537,"lowest_identity":0.9928894245254595,"breadth_of_coverage":0.9803149159640031,"L90":27,"aligned_contigs":60,"NA50":164404,"NG50":157954,"aligned_basepairs":4666050,"Ns":0},"Staphylococcus_aureus":{"assembler":"SPAdes","contiguity":0.18643104627811002,"multiplicity":0.9999018138308099,"validity":1.0,"parsimony":0.9999018138308099,"identity":0.9999483833665134,"lowest_identity":0.9997631641272599,"breadth_of_coverage":0.9852157953199597,"L90":11,"aligned_contigs":21,"NA50":280950,"NG50":280950,"aligned_basepairs":2678585,"Ns":0},"Staphylococcus_aureus_plasmid1":{"assembler":"SPAdes","contiguity":0.9998421966230078,"multiplicity":1.0,"validity":1.0,"parsimony":1.0,"identity":1.0,"lowest_identity":1.0,"breadth_of_coverage":0.9998421966230078,"L90":0,"aligned_contigs":1,"NA50":6336,"NG50":6336,"aligned_basepairs":6336,"Ns":0},"Staphylococcus_aureus_plasmid2":{"assembler":"SPAdes","contiguity":0.7125451263537906,"multiplicity":1.0,"validity":1.0,"parsimony":1.0,"identity":1.0,"lowest_identity":1.0,"breadth_of_coverage":0.7125451263537906,"L90":0,"aligned_contigs":1,"NA50":1579,"NG50":1579,"aligned_basepairs":1579,"Ns":0},"Staphylococcus_aureus_plasmid3":{"assembler":"SPAdes","contiguity":0.9996658870698296,"multiplicity":1.0,"validity":1.0,"parsimony":1.0,"identity":1.0,"lowest_identity":1.0,"breadth_of_coverage":0.9996658870698296,"L90":0,"aligned_contigs":1,"NA50":2992,"NG50":2992,"aligned_basepairs":2992,"Ns":0}}}