{"sample_id":"EMS","ReferenceTables":{"Bacillus_subtilis":{"assembler":"metaSPAdes","contiguity":0.18994373500405495,"multiplicity":0.9999806589714492,"validity":0.9999984928799883,"parsimony":0.999982166064583,"identity":0.9982510920308967,"lowest_identity":0.9710247349823321,"breadth_of_coverage":0.9840563149257837,"L90":11,"aligned_contigs":23,"NA50":307964,"NG50":307964,"aligned_basepairs":3981174,"Ns":0},"Enterococcus_faecalis":{"assembler":"metaSPAdes","contiguity":0.18953030021873962,"multiplicity":1.0001618552705245,"validity":1.0,"parsimony":1.0001618552705245,"identity":0.9983355269253785,"lowest_identity":0.980796586059744,"breadth_of_coverage":0.9792815893205576,"L90":11,"aligned_contigs":23,"NA50":238611,"NG50":238611,"aligned_basepairs":2786440,"Ns":0},"Escherichia_coli_plasmid":{"assembler":"metaSPAdes","contiguity":0.36780386702664375,"multiplicity":1.0,"validity":1.0,"parsimony":1.0,"identity":1.0,"lowest_identity":1.0,"breadth_of_coverage":0.9648658721717709,"L90":3,"aligned_contigs":4,"NA50":26814,"NG50":26814,"aligned_basepairs":106142,"Ns":0},"Escherichia_coli":{"assembler":"metaSPAdes","contiguity":0.11712868124917898,"multiplicity":0.9998997168715864,"validity":1.0,"parsimony":0.9998997168715864,"identity":0.9995152440254389,"lowest_identity":0.9874723655121592,"breadth_of_coverage":0.9792994719893299,"L90":39,"aligned_contigs":86,"NA50":107748,"NG50":107748,"aligned_basepairs":4666787,"Ns":0},"Lactobacillus_fermentum":{"assembler":"metaSPAdes","contiguity":0.06391901048268203,"multiplicity":1.0004514511845444,"validity":1.0,"parsimony":1.0004514511845444,"identity":0.9998491205811961,"lowest_identity":0.9909245604083948,"breadth_of_coverage":0.9428425372362731,"L90":48,"aligned_contigs":78,"NA50":46069,"NG50":45077,"aligned_basepairs":1796429,"Ns":0},"Listeria_monocytogenes":{"assembler":"metaSPAdes","contiguity":0.3066915479580877,"multiplicity":1.0000817234599686,"validity":0.9999989869830701,"parsimony":1.0000827365607121,"identity":0.998881065981605,"lowest_identity":0.988909426987061,"breadth_of_coverage":0.9895947722553103,"L90":6,"aligned_contigs":13,"NA50":475510,"NG50":475510,"aligned_basepairs":2961206,"Ns":0},"Pseudomonas_aeruginosa":{"assembler":"metaSPAdes","contiguity":0.12479429003007804,"multiplicity":1.0001852269193285,"validity":1.0,"parsimony":1.0001852269193285,"identity":0.9994956772831299,"lowest_identity":0.9788439743105403,"breadth_of_coverage":0.9903647202064682,"L90":24,"aligned_contigs":57,"NA50":256394,"NG50":256394,"aligned_basepairs":6726884,"Ns":0},"Salmonella_enterica":{"assembler":"metaSPAdes","contiguity":0.07435480800866265,"multiplicity":1.0001666472600947,"validity":1.0,"parsimony":1.0001666472600947,"identity":0.9994596776795499,"lowest_identity":0.9921052631578947,"breadth_of_coverage":0.9833602465341638,"L90":28,"aligned_contigs":55,"NA50":164359,"NG50":157908,"aligned_basepairs":4680545,"Ns":0},"Staphylococcus_aureus":{"assembler":"metaSPAdes","contiguity":0.17271092181051795,"multiplicity":0.9999742792793128,"validity":0.9999966450483523,"parsimony":0.9999776341559242,"identity":0.9996892331571601,"lowest_identity":0.9947121034077556,"breadth_of_coverage":0.9867153649798807,"L90":13,"aligned_contigs":23,"NA50":204472,"NG50":204472,"aligned_basepairs":2682662,"Ns":0},"Staphylococcus_aureus_plasmid1":{"assembler":"metaSPAdes","contiguity":0.9998421966230078,"multiplicity":1.0,"validity":1.0,"parsimony":1.0,"identity":1.0,"lowest_identity":1.0,"breadth_of_coverage":0.9998421966230078,"L90":0,"aligned_contigs":1,"NA50":6336,"NG50":6336,"aligned_basepairs":6336,"Ns":0},"Staphylococcus_aureus_plasmid2":{"assembler":"metaSPAdes","contiguity":0.9368231046931408,"multiplicity":1.0,"validity":1.0,"parsimony":1.0,"identity":0.9995183044315993,"lowest_identity":0.9995183044315993,"breadth_of_coverage":0.9368231046931408,"L90":0,"aligned_contigs":1,"NA50":2076,"NG50":2076,"aligned_basepairs":2076,"Ns":0},"Staphylococcus_aureus_plasmid3":{"assembler":"metaSPAdes","contiguity":0.5603073838957567,"multiplicity":1.0193185809624166,"validity":1.0,"parsimony":1.0193185809624166,"identity":1.0,"lowest_identity":1.0,"breadth_of_coverage":0.9512195121951219,"L90":1,"aligned_contigs":2,"NA50":1677,"NG50":1677,"aligned_basepairs":2847,"Ns":0}}}