{"sample_id":"EMS","ReferenceTables":{"Bacillus_subtilis":{"assembler":"MEGAHIT","contiguity":0.18999045153629418,"multiplicity":0.9999515862526028,"validity":0.9996827620416884,"parsimony":1.0002689095192214,"identity":0.9994211970638158,"lowest_identity":0.9956361724500525,"breadth_of_coverage":0.9853656137155784,"L90":13,"aligned_contigs":27,"NA50":263586,"NG50":263586,"aligned_basepairs":3986471,"Ns":0},"Enterococcus_faecalis":{"assembler":"MEGAHIT","contiguity":0.23483583281319412,"multiplicity":1.000026570380332,"validity":0.9999560734013464,"parsimony":1.000070500075814,"identity":0.9980767729101571,"lowest_identity":0.9507002801120448,"breadth_of_coverage":0.9920221888583366,"L90":13,"aligned_contigs":32,"NA50":235316,"NG50":238546,"aligned_basepairs":2822692,"Ns":0},"Escherichia_coli_plasmid":{"assembler":"MEGAHIT","contiguity":0.3661312461934241,"multiplicity":1.0,"validity":1.0,"parsimony":1.0,"identity":1.0,"lowest_identity":1.0,"breadth_of_coverage":0.9791922332215223,"L90":3,"aligned_contigs":4,"NA50":28353,"NG50":28353,"aligned_basepairs":107718,"Ns":0},"Escherichia_coli":{"assembler":"MEGAHIT","contiguity":0.059565403696704225,"multiplicity":1.0005481624868562,"validity":0.9998763390530272,"parsimony":1.0006719065224259,"identity":0.9979794559669986,"lowest_identity":0.8633633633633634,"breadth_of_coverage":0.9784735241323246,"L90":55,"aligned_contigs":141,"NA50":74104,"NG50":74550,"aligned_basepairs":4662851,"Ns":0},"Lactobacillus_fermentum":{"assembler":"MEGAHIT","contiguity":0.06400928341659962,"multiplicity":0.9990371302497153,"validity":0.9997474822988414,"parsimony":0.9992894685291003,"identity":0.9992919861089404,"lowest_identity":0.9753129959442779,"breadth_of_coverage":0.9484420833523589,"L90":35,"aligned_contigs":81,"NA50":46932,"NG50":52972,"aligned_basepairs":1807098,"Ns":0},"Listeria_monocytogenes":{"assembler":"MEGAHIT","contiguity":0.2113033871128367,"multiplicity":0.9996438079324862,"validity":0.9999336647814699,"parsimony":0.9997101239220233,"identity":0.9926084573838411,"lowest_identity":0.8721568627450981,"breadth_of_coverage":0.9776248837866794,"L90":8,"aligned_contigs":19,"NA50":447852,"NG50":447852,"aligned_basepairs":2925388,"Ns":0},"Pseudomonas_aeruginosa":{"assembler":"MEGAHIT","contiguity":0.06899944496218528,"multiplicity":1.0005818924056133,"validity":1.0,"parsimony":1.0005818924056133,"identity":0.9999010209124328,"lowest_identity":0.9954716981132076,"breadth_of_coverage":0.9910421019002316,"L90":30,"aligned_contigs":82,"NA50":250917,"NG50":250917,"aligned_basepairs":6731485,"Ns":0},"Salmonella_enterica":{"assembler":"MEGAHIT","contiguity":0.08749878669996256,"multiplicity":1.0009476370081472,"validity":0.999998289156137,"parsimony":1.0009493494761987,"identity":0.9995155461576646,"lowest_identity":0.9725730688935282,"breadth_of_coverage":0.9814851464763036,"L90":42,"aligned_contigs":102,"NA50":120785,"NG50":120785,"aligned_basepairs":4671620,"Ns":0},"Staphylococcus_aureus":{"assembler":"MEGAHIT","contiguity":0.15285054325837324,"multiplicity":0.9998802744512393,"validity":0.9998344059032058,"parsimony":1.0000458761448523,"identity":0.9986122408155269,"lowest_identity":0.9733218588640276,"breadth_of_coverage":0.9861526125688728,"L90":19,"aligned_contigs":37,"NA50":126941,"NG50":126941,"aligned_basepairs":2681132,"Ns":0},"Staphylococcus_aureus_plasmid1":{"assembler":"MEGAHIT","contiguity":0.9954237020672242,"multiplicity":1.0,"validity":1.0,"parsimony":1.0,"identity":1.0,"lowest_identity":1.0,"breadth_of_coverage":0.9954237020672242,"L90":0,"aligned_contigs":1,"NA50":6308,"NG50":6308,"aligned_basepairs":6308,"Ns":0},"Staphylococcus_aureus_plasmid2":{"assembler":"MEGAHIT","contiguity":0.9995487364620939,"multiplicity":1.0,"validity":1.0,"parsimony":1.0,"identity":1.0,"lowest_identity":1.0,"breadth_of_coverage":0.9995487364620939,"L90":0,"aligned_contigs":1,"NA50":2215,"NG50":2215,"aligned_basepairs":2215,"Ns":0},"Staphylococcus_aureus_plasmid3":{"assembler":"MEGAHIT","contiguity":0.9996658870698296,"multiplicity":1.0,"validity":1.0,"parsimony":1.0,"identity":1.0,"lowest_identity":1.0,"breadth_of_coverage":0.9996658870698296,"L90":0,"aligned_contigs":1,"NA50":2992,"NG50":2992,"aligned_basepairs":2992,"Ns":0}}}