{"sample_id":"EMS","ReferenceTables":{"Bacillus_subtilis":{"assembler":"GATBMiniaPipeline","contiguity":0.18997685677823514,"multiplicity":1.000073291277861,"validity":0.9999794201346877,"parsimony":1.0000938730750686,"identity":0.9998644089024218,"lowest_identity":0.9968479117415288,"breadth_of_coverage":0.9847802975867821,"L90":13,"aligned_contigs":27,"NA50":263445,"NG50":263445,"aligned_basepairs":3984103,"Ns":0},"Enterococcus_faecalis":{"assembler":"GATBMiniaPipeline","contiguity":0.1894818007501251,"multiplicity":1.0004777408920666,"validity":1.0,"parsimony":1.0004777408920666,"identity":0.9999899330210332,"lowest_identity":0.999708057609965,"breadth_of_coverage":0.9909074039710521,"L90":13,"aligned_contigs":29,"NA50":235254,"NG50":235254,"aligned_basepairs":2819520,"Ns":0},"Escherichia_coli_plasmid":{"assembler":"GATBMiniaPipeline","contiguity":0.19163325970165535,"multiplicity":1.0006077699590705,"validity":1.0,"parsimony":1.0006077699590705,"identity":1.0,"lowest_identity":1.0,"breadth_of_coverage":0.9572390847855137,"L90":7,"aligned_contigs":10,"NA50":18762,"NG50":18762,"aligned_basepairs":105303,"Ns":0},"Escherichia_coli":{"assembler":"GATBMiniaPipeline","contiguity":0.027645121094951687,"multiplicity":1.001596936786856,"validity":0.9999956832712515,"parsimony":1.0016012604278113,"identity":0.999832064583035,"lowest_identity":0.9901215805471124,"breadth_of_coverage":0.9706840971882099,"L90":100,"aligned_contigs":184,"NA50":59575,"NG50":59530,"aligned_basepairs":4625731,"Ns":0},"Lactobacillus_fermentum":{"assembler":"GATBMiniaPipeline","contiguity":0.0640082337313215,"multiplicity":1.0014595958837729,"validity":1.0,"parsimony":1.0014595958837729,"identity":1.0,"lowest_identity":1.0,"breadth_of_coverage":0.9438995703113314,"L90":53,"aligned_contigs":89,"NA50":40446,"NG50":40151,"aligned_basepairs":1798443,"Ns":0},"Listeria_monocytogenes":{"assembler":"GATBMiniaPipeline","contiguity":0.2113638748512035,"multiplicity":1.0000592608222936,"validity":1.0,"parsimony":1.0000592608222936,"identity":1.0,"lowest_identity":1.0,"breadth_of_coverage":0.9755896886117964,"L90":10,"aligned_contigs":19,"NA50":351186,"NG50":351186,"aligned_basepairs":2919298,"Ns":0},"Pseudomonas_aeruginosa":{"assembler":"GATBMiniaPipeline","contiguity":0.0680336497196102,"multiplicity":1.000612370874313,"validity":0.9999986608418245,"parsimony":1.0006137108543445,"identity":0.999990621669376,"lowest_identity":0.99953509995351,"breadth_of_coverage":0.9888385870533382,"L90":39,"aligned_contigs":98,"NA50":204303,"NG50":204303,"aligned_basepairs":6716518,"Ns":0},"Salmonella_enterica":{"assembler":"GATBMiniaPipeline","contiguity":0.07709108847404883,"multiplicity":1.002761052269131,"validity":1.0,"parsimony":1.002761052269131,"identity":0.9995186215561839,"lowest_identity":0.9376324040335565,"breadth_of_coverage":0.9774836724480676,"L90":82,"aligned_contigs":158,"NA50":64572,"NG50":60374,"aligned_basepairs":4652574,"Ns":0},"Staphylococcus_aureus":{"assembler":"GATBMiniaPipeline","contiguity":0.1529362434621411,"multiplicity":1.0009503350995033,"validity":1.0,"parsimony":1.0009503350995033,"identity":1.0,"lowest_identity":1.0,"breadth_of_coverage":0.9853886669756288,"L90":24,"aligned_contigs":41,"NA50":112739,"NG50":108199,"aligned_basepairs":2679055,"Ns":0},"Staphylococcus_aureus_plasmid1":{"assembler":"GATBMiniaPipeline","contiguity":0.9995265898690232,"multiplicity":1.0,"validity":1.0,"parsimony":1.0,"identity":1.0,"lowest_identity":1.0,"breadth_of_coverage":0.9995265898690232,"L90":0,"aligned_contigs":1,"NA50":6334,"NG50":6334,"aligned_basepairs":6334,"Ns":0},"Staphylococcus_aureus_plasmid2":{"assembler":"GATBMiniaPipeline","contiguity":0.9819494584837545,"multiplicity":1.0,"validity":1.0,"parsimony":1.0,"identity":1.0,"lowest_identity":1.0,"breadth_of_coverage":0.9819494584837545,"L90":0,"aligned_contigs":1,"NA50":2176,"NG50":2176,"aligned_basepairs":2176,"Ns":0},"Staphylococcus_aureus_plasmid3":{"assembler":"GATBMiniaPipeline","contiguity":0.9318409622452389,"multiplicity":1.0,"validity":1.0,"parsimony":1.0,"identity":1.0,"lowest_identity":1.0,"breadth_of_coverage":0.9318409622452389,"L90":0,"aligned_contigs":1,"NA50":2789,"NG50":2789,"aligned_basepairs":2789,"Ns":0}}}