{"sample_id":"EMS","ReferenceTables":{"Bacillus_subtilis":{"assembler":"MINIA","contiguity":0.032648182244899925,"multiplicity":1.0002840736618435,"validity":1.0,"parsimony":1.0002840736618435,"identity":0.9999929305140223,"lowest_identity":0.9991728701406121,"breadth_of_coverage":0.9771417737995396,"L90":66,"aligned_contigs":117,"NA50":65138,"NG50":64960,"aligned_basepairs":3953200,"Ns":0},"Enterococcus_faecalis":{"assembler":"MINIA","contiguity":0.045908612943313255,"multiplicity":1.000722597254423,"validity":1.0,"parsimony":1.000722597254423,"identity":0.9999901244321548,"lowest_identity":0.9983606557377049,"breadth_of_coverage":0.9610556295933917,"L90":107,"aligned_contigs":166,"NA50":30453,"NG50":30356,"aligned_basepairs":2734580,"Ns":0},"Escherichia_coli_plasmid":{"assembler":"MINIA","contiguity":0.13774577981401184,"multiplicity":1.0029369143077964,"validity":1.0,"parsimony":1.0029369143077964,"identity":1.0,"lowest_identity":1.0,"breadth_of_coverage":0.9409401219922369,"L90":17,"aligned_contigs":21,"NA50":7186,"NG50":6638,"aligned_basepairs":103510,"Ns":0},"Escherichia_coli":{"assembler":"MINIA","contiguity":0.011346290810029054,"multiplicity":1.0022823140278547,"validity":1.0,"parsimony":1.0022823140278547,"identity":0.9999858140854814,"lowest_identity":0.9934354485776805,"breadth_of_coverage":0.7916355572231196,"L90":0,"aligned_contigs":1122,"NA50":4469,"NG50":3200,"aligned_basepairs":3772487,"Ns":0},"Lactobacillus_fermentum":{"assembler":"MINIA","contiguity":0.03464433776143068,"multiplicity":1.0003740186997947,"validity":1.0,"parsimony":1.0003740186997947,"identity":1.0,"lowest_identity":1.0,"breadth_of_coverage":0.9205335760205696,"L90":207,"aligned_contigs":238,"NA50":11293,"NG50":10836,"aligned_basepairs":1753923,"Ns":0},"Listeria_monocytogenes":{"assembler":"MINIA","contiguity":0.054075369727123436,"multiplicity":1.0006082083108325,"validity":1.0,"parsimony":1.0006082083108325,"identity":0.9999446278994846,"lowest_identity":0.9929123711340206,"breadth_of_coverage":0.9752922627159596,"L90":72,"aligned_contigs":128,"NA50":46368,"NG50":44353,"aligned_basepairs":2918408,"Ns":0},"Pseudomonas_aeruginosa":{"assembler":"MINIA","contiguity":0.015603629387853653,"multiplicity":1.0010385654481089,"validity":1.0,"parsimony":1.0010385654481089,"identity":0.999969388333663,"lowest_identity":0.9886240520043337,"breadth_of_coverage":0.959701162929363,"L90":335,"aligned_contigs":523,"NA50":22207,"NG50":21734,"aligned_basepairs":6518607,"Ns":0},"Salmonella_enterica":{"assembler":"MINIA","contiguity":0.011955679987965744,"multiplicity":1.0023680884783528,"validity":1.0,"parsimony":1.0023680884783528,"identity":0.9999705833341405,"lowest_identity":0.9892966360856269,"breadth_of_coverage":0.8036197729878863,"L90":0,"aligned_contigs":1083,"NA50":4996,"NG50":3551,"aligned_basepairs":3825026,"Ns":0},"Staphylococcus_aureus":{"assembler":"MINIA","contiguity":0.033342896446200136,"multiplicity":1.0005887288609423,"validity":0.999999615687631,"parsimony":1.000589113399715,"identity":0.9999974965711373,"lowest_identity":0.9996706192358367,"breadth_of_coverage":0.9565018133133244,"L90":112,"aligned_contigs":175,"NA50":29647,"NG50":29165,"aligned_basepairs":2600518,"Ns":0},"Staphylococcus_aureus_plasmid1":{"assembler":"MINIA","contiguity":0.995265898690232,"multiplicity":1.0,"validity":1.0,"parsimony":1.0,"identity":1.0,"lowest_identity":1.0,"breadth_of_coverage":0.995265898690232,"L90":0,"aligned_contigs":1,"NA50":6307,"NG50":6307,"aligned_basepairs":6307,"Ns":0},"Staphylococcus_aureus_plasmid2":{"assembler":"MINIA","contiguity":0.0,"multiplicity":0,"validity":0,"parsimony":0,"identity":0,"lowest_identity":0,"breadth_of_coverage":0.0,"L90":0,"aligned_contigs":0,"NA50":0,"NG50":0,"aligned_basepairs":0,"Ns":0},"Staphylococcus_aureus_plasmid3":{"assembler":"MINIA","contiguity":0.0,"multiplicity":0,"validity":0,"parsimony":0,"identity":0,"lowest_identity":0,"breadth_of_coverage":0.0,"L90":0,"aligned_contigs":0,"NA50":0,"NG50":0,"aligned_basepairs":0,"Ns":0}}}