{"sample_id":"ERR2984773","ReferenceTables":{"Bacillus_subtilis":{"assembler":"MEGAHIT","contiguity":0.103094241087462,"multiplicity":0.9989720562734646,"validity":0.9874403788401156,"parsimony":1.0116783531243625,"identity":0.9786357671000795,"lowest_identity":0.42089903563236336,"breadth_of_coverage":0.9861187633120488,"L90":14,"aligned_contigs":31,"NA50":294549,"NG50":294549,"aligned_basepairs":3989518,"Ns":0},"Enterococcus_faecalis":{"assembler":"MEGAHIT","contiguity":0.26493889066954573,"multiplicity":1.0004235695643013,"validity":0.9996581754531955,"parsimony":1.0007656558310631,"identity":0.9967498935580171,"lowest_identity":0.9379727685325264,"breadth_of_coverage":0.9790731821836851,"L90":17,"aligned_contigs":34,"NA50":235381,"NG50":235381,"aligned_basepairs":2785847,"Ns":0},"Escherichia_coli_plasmid":{"assembler":"MEGAHIT","contiguity":0.5024862054232913,"multiplicity":1.0025749662149823,"validity":1.0,"parsimony":1.0025749662149823,"identity":0.9983707684375259,"lowest_identity":0.9954198473282443,"breadth_of_coverage":0.9955366476678756,"L90":1,"aligned_contigs":3,"NA50":55277,"NG50":55277,"aligned_basepairs":109516,"Ns":0},"Escherichia_coli":{"assembler":"MEGAHIT","contiguity":0.0462826680633915,"multiplicity":1.023463632396958,"validity":0.9973486975690555,"parsimony":1.0261843574785379,"identity":0.9949841604590944,"lowest_identity":0.7900363967242948,"breadth_of_coverage":0.9806072227629214,"L90":43,"aligned_contigs":132,"NA50":90017,"NG50":102135,"aligned_basepairs":4673019,"Ns":0},"Lactobacillus_fermentum":{"assembler":"MEGAHIT","contiguity":0.06074108830319949,"multiplicity":1.0016512933194812,"validity":0.9985165569341589,"parsimony":1.0031393934968362,"identity":0.9941419956154816,"lowest_identity":0.7273524254821742,"breadth_of_coverage":0.948744392712455,"L90":53,"aligned_contigs":88,"NA50":40505,"NG50":38354,"aligned_basepairs":1807674,"Ns":0},"Listeria_monocytogenes":{"assembler":"MEGAHIT","contiguity":0.40327175169148444,"multiplicity":1.0019466992265231,"validity":0.999898177512335,"parsimony":1.002048730321006,"identity":0.9984667010371832,"lowest_identity":0.9861317483902923,"breadth_of_coverage":0.9891523094619532,"L90":6,"aligned_contigs":19,"NA50":542872,"NG50":542872,"aligned_basepairs":2959882,"Ns":0},"Pseudomonas_aeruginosa":{"assembler":"MEGAHIT","contiguity":0.06901181185248656,"multiplicity":1.0002668453154993,"validity":0.9997580626619189,"parsimony":1.0005089057768894,"identity":0.9949629245295739,"lowest_identity":0.8762962962962964,"breadth_of_coverage":0.9919992108746188,"L90":24,"aligned_contigs":78,"NA50":286027,"NG50":294763,"aligned_basepairs":6737986,"Ns":0},"Salmonella_enterica":{"assembler":"MEGAHIT","contiguity":0.1114097264854049,"multiplicity":1.0172535919458676,"validity":0.9996676377230131,"parsimony":1.0175918010739158,"identity":0.9985807429973635,"lowest_identity":0.9584285061671997,"breadth_of_coverage":0.9808735592193365,"L90":43,"aligned_contigs":105,"NA50":89627,"NG50":94251,"aligned_basepairs":4668709,"Ns":0},"Staphylococcus_aureus":{"assembler":"MEGAHIT","contiguity":0.152904611627274,"multiplicity":1.0005449786428802,"validity":0.9868442836760658,"parsimony":1.013883340252809,"identity":0.9884586332490771,"lowest_identity":0.5799056048614697,"breadth_of_coverage":0.9860448436431046,"L90":15,"aligned_contigs":43,"NA50":112741,"NG50":151247,"aligned_basepairs":2680839,"Ns":0},"Staphylococcus_aureus_plasmid1":{"assembler":"MEGAHIT","contiguity":1.011204039766451,"multiplicity":1.015938141076219,"validity":0.9474613686534217,"parsimony":1.0722739466624587,"identity":0.9430463576158941,"lowest_identity":0.9430463576158941,"breadth_of_coverage":1.0,"L90":0,"aligned_contigs":1,"NA50":6795,"NG50":6795,"aligned_basepairs":6337,"Ns":0},"Staphylococcus_aureus_plasmid2":{"assembler":"MEGAHIT","contiguity":1.0636281588447654,"multiplicity":1.0636281588447654,"validity":1.0,"parsimony":1.0636281588447654,"identity":1.0,"lowest_identity":1.0,"breadth_of_coverage":1.0,"L90":0,"aligned_contigs":1,"NA50":2357,"NG50":2357,"aligned_basepairs":2216,"Ns":0},"Staphylococcus_aureus_plasmid3":{"assembler":"MEGAHIT","contiguity":1.047109923154026,"multiplicity":1.047109923154026,"validity":1.0,"parsimony":1.047109923154026,"identity":1.0,"lowest_identity":1.0,"breadth_of_coverage":1.0,"L90":0,"aligned_contigs":1,"NA50":3134,"NG50":3134,"aligned_basepairs":2993,"Ns":0}}}