{"sample_id":"ERR2984773","ReferenceTables":{"Bacillus_subtilis":{"assembler":"GATBMiniaPipeline","contiguity":0.18994249911695868,"multiplicity":1.000078603519328,"validity":0.9999952289381474,"parsimony":1.000083374978968,"identity":0.9998086538918349,"lowest_identity":0.9953271028037384,"breadth_of_coverage":0.9842629552482811,"L90":15,"aligned_contigs":30,"NA50":263420,"NG50":257358,"aligned_basepairs":3982010,"Ns":0},"Enterococcus_faecalis":{"assembler":"GATBMiniaPipeline","contiguity":0.19309606549818092,"multiplicity":1.001016894705659,"validity":0.999996812159698,"parsimony":1.0010200857978315,"identity":0.9992770747546171,"lowest_identity":0.9734375,"breadth_of_coverage":0.9911994551190135,"L90":18,"aligned_contigs":39,"NA50":179847,"NG50":179847,"aligned_basepairs":2820351,"Ns":0},"Escherichia_coli_plasmid":{"assembler":"GATBMiniaPipeline","contiguity":0.48336924013926386,"multiplicity":1.0024029237094563,"validity":0.9999544286261142,"parsimony":1.0024486066697122,"identity":0.999658172310327,"lowest_identity":0.9994752859691468,"breadth_of_coverage":0.9949366858472642,"L90":2,"aligned_contigs":3,"NA50":28587,"NG50":28587,"aligned_basepairs":109450,"Ns":0},"Escherichia_coli":{"assembler":"GATBMiniaPipeline","contiguity":0.027645330939427552,"multiplicity":1.0011244737866358,"validity":0.9999225952288906,"parsimony":1.0012019715960814,"identity":0.9997162463390272,"lowest_identity":0.9913494809688581,"breadth_of_coverage":0.9720812417085202,"L90":99,"aligned_contigs":180,"NA50":59656,"NG50":59357,"aligned_basepairs":4632389,"Ns":0},"Lactobacillus_fermentum":{"assembler":"GATBMiniaPipeline","contiguity":0.06031281670973,"multiplicity":1.0011735221355542,"validity":0.9999838825493583,"parsimony":1.0011896587604623,"identity":0.9996068729849412,"lowest_identity":0.9840674789128397,"breadth_of_coverage":0.9432230481495886,"L90":55,"aligned_contigs":83,"NA50":40488,"NG50":37549,"aligned_basepairs":1797154,"Ns":0},"Listeria_monocytogenes":{"assembler":"GATBMiniaPipeline","contiguity":0.18151300887398567,"multiplicity":0.9998487428028779,"validity":0.9999880209516977,"parsimony":0.9998607201827406,"identity":0.9985625477484352,"lowest_identity":0.9794841735052755,"breadth_of_coverage":0.9765511428840687,"L90":12,"aligned_contigs":23,"NA50":452364,"NG50":155105,"aligned_basepairs":2922175,"Ns":0},"Pseudomonas_aeruginosa":{"assembler":"GATBMiniaPipeline","contiguity":0.06852729475746909,"multiplicity":1.0005983007721078,"validity":0.9999991055460172,"parsimony":1.0005991957620437,"identity":0.998500608585982,"lowest_identity":0.9207082371054658,"breadth_of_coverage":0.9869935648002968,"L90":40,"aligned_contigs":102,"NA50":204691,"NG50":204691,"aligned_basepairs":6703986,"Ns":0},"Salmonella_enterica":{"assembler":"GATBMiniaPipeline","contiguity":0.05947523250190241,"multiplicity":1.0014216667438298,"validity":0.9984635873860439,"parsimony":1.002962631181704,"identity":0.9974740157506425,"lowest_identity":0.6460342146189736,"breadth_of_coverage":0.9756497510581447,"L90":85,"aligned_contigs":166,"NA50":59024,"NG50":59024,"aligned_basepairs":4643845,"Ns":0},"Staphylococcus_aureus":{"assembler":"GATBMiniaPipeline","contiguity":0.10641096374108976,"multiplicity":1.000735683410283,"validity":1.0,"parsimony":1.000735683410283,"identity":0.9999846574560899,"lowest_identity":0.999482936918304,"breadth_of_coverage":0.9844205857038819,"L90":33,"aligned_contigs":53,"NA50":90967,"NG50":90967,"aligned_basepairs":2676423,"Ns":0},"Staphylococcus_aureus_plasmid1":{"assembler":"GATBMiniaPipeline","contiguity":1.0228814896638787,"multiplicity":1.0276155909736469,"validity":1.0,"parsimony":1.0276155909736469,"identity":0.9953931203931204,"lowest_identity":0.9953931203931204,"breadth_of_coverage":1.0,"L90":0,"aligned_contigs":1,"NA50":6512,"NG50":6512,"aligned_basepairs":6337,"Ns":0},"Staphylococcus_aureus_plasmid2":{"assembler":"GATBMiniaPipeline","contiguity":1.0780685920577617,"multiplicity":1.0780685920577617,"validity":1.0,"parsimony":1.0780685920577617,"identity":1.0,"lowest_identity":1.0,"breadth_of_coverage":1.0,"L90":0,"aligned_contigs":1,"NA50":2389,"NG50":2389,"aligned_basepairs":2216,"Ns":0},"Staphylococcus_aureus_plasmid3":{"assembler":"GATBMiniaPipeline","contiguity":1.047778149014367,"multiplicity":1.047778149014367,"validity":1.0,"parsimony":1.047778149014367,"identity":1.0,"lowest_identity":1.0,"breadth_of_coverage":1.0,"L90":0,"aligned_contigs":1,"NA50":3136,"NG50":3136,"aligned_basepairs":2993,"Ns":0}}}