{"sample_id":"ERR2984773","ReferenceTables":{"Bacillus_subtilis":{"assembler":"SKESA","contiguity":0.09203898383385525,"multiplicity":1.0000073036581505,"validity":1.0,"parsimony":1.0000073036581505,"identity":0.9999929982149797,"lowest_identity":0.9999323913190453,"breadth_of_coverage":0.9814458742010299,"L90":20,"aligned_contigs":34,"NA50":200881,"NG50":200881,"aligned_basepairs":3970613,"Ns":0},"Enterococcus_faecalis":{"assembler":"SKESA","contiguity":0.09176591485461405,"multiplicity":1.0,"validity":1.0,"parsimony":1.0,"identity":1.0,"lowest_identity":1.0,"breadth_of_coverage":0.9830775513532055,"L90":42,"aligned_contigs":72,"NA50":76714,"NG50":76714,"aligned_basepairs":2797241,"Ns":0},"Escherichia_coli_plasmid":{"assembler":"SKESA","contiguity":0.4811239284772787,"multiplicity":1.0,"validity":1.0,"parsimony":1.0,"identity":0.9998230080842574,"lowest_identity":0.9995067643742954,"breadth_of_coverage":0.9800103629769015,"L90":2,"aligned_contigs":3,"NA50":28384,"NG50":28384,"aligned_basepairs":107808,"Ns":0},"Escherichia_coli":{"assembler":"SKESA","contiguity":0.027623716958413442,"multiplicity":1.0000072053440072,"validity":0.9999934497773688,"parsimony":1.000013755656741,"identity":0.9998421846148463,"lowest_identity":0.9897196261682243,"breadth_of_coverage":0.9610738497270134,"L90":129,"aligned_contigs":209,"NA50":42198,"NG50":41112,"aligned_basepairs":4579934,"Ns":0},"Lactobacillus_fermentum":{"assembler":"SKESA","contiguity":0.06016428624287723,"multiplicity":1.0,"validity":0.9999852065703311,"parsimony":1.0000147936485178,"identity":0.9999684509015849,"lowest_identity":0.9984964559318393,"breadth_of_coverage":0.9224167114095017,"L90":69,"aligned_contigs":86,"NA50":34729,"NG50":30688,"aligned_basepairs":1757511,"Ns":0},"Listeria_monocytogenes":{"assembler":"SKESA","contiguity":0.14910160670137304,"multiplicity":0.9999032303560197,"validity":1.0,"parsimony":0.9999032303560197,"identity":0.9999997617256021,"lowest_identity":0.9999926134936697,"breadth_of_coverage":0.973864952602343,"L90":17,"aligned_contigs":31,"NA50":195967,"NG50":195967,"aligned_basepairs":2914137,"Ns":0},"Pseudomonas_aeruginosa":{"assembler":"SKESA","contiguity":0.049408082351711416,"multiplicity":1.0000007496576688,"validity":0.9999971513111091,"parsimony":1.0000035983568103,"identity":0.9991343833283526,"lowest_identity":0.9030154849225754,"breadth_of_coverage":0.9819474318827266,"L90":58,"aligned_contigs":117,"NA50":111919,"NG50":106185,"aligned_basepairs":6669711,"Ns":0},"Salmonella_enterica":{"assembler":"SKESA","contiguity":0.0363592931219439,"multiplicity":1.0000010841119065,"validity":0.9999494829920291,"parsimony":1.000051603726743,"identity":0.9999381560896303,"lowest_identity":0.992955135335558,"breadth_of_coverage":0.9689739746616731,"L90":109,"aligned_contigs":193,"NA50":46989,"NG50":46525,"aligned_basepairs":4612070,"Ns":0},"Staphylococcus_aureus":{"assembler":"SKESA","contiguity":0.06682887177336894,"multiplicity":0.9999755227124751,"validity":1.0,"parsimony":0.9999755227124751,"identity":1.0,"lowest_identity":1.0,"breadth_of_coverage":0.9767333142071076,"L90":42,"aligned_contigs":69,"NA50":53152,"NG50":53048,"aligned_basepairs":2655523,"Ns":0},"Staphylococcus_aureus_plasmid1":{"assembler":"SKESA","contiguity":0.27615590973646836,"multiplicity":1.0,"validity":0.9890176937156803,"parsimony":1.0111042566317088,"identity":0.9879598662207357,"lowest_identity":0.9638795986622074,"breadth_of_coverage":0.7673978223133975,"L90":0,"aligned_contigs":3,"NA50":1672,"NG50":1672,"aligned_basepairs":4863,"Ns":0},"Staphylococcus_aureus_plasmid2":{"assembler":"SKESA","contiguity":0.904783393501805,"multiplicity":1.0,"validity":1.0,"parsimony":1.0,"identity":1.0,"lowest_identity":1.0,"breadth_of_coverage":0.904783393501805,"L90":0,"aligned_contigs":1,"NA50":2005,"NG50":2005,"aligned_basepairs":2005,"Ns":0},"Staphylococcus_aureus_plasmid3":{"assembler":"SKESA","contiguity":0.9295021717340461,"multiplicity":1.0,"validity":1.0,"parsimony":1.0,"identity":1.0,"lowest_identity":1.0,"breadth_of_coverage":0.9295021717340461,"L90":0,"aligned_contigs":1,"NA50":2782,"NG50":2782,"aligned_basepairs":2782,"Ns":0}}}