{"sample_id":"ERR2984773","ReferenceTables":{"Bacillus_subtilis":{"assembler":"MetaHipMer2","contiguity":0.0006181907255571812,"multiplicity":1.0009222184057855,"validity":0.9998871920696025,"parsimony":1.0010351431085347,"identity":0.9998967255938278,"lowest_identity":0.9831697054698457,"breadth_of_coverage":0.05253286409172062,"L90":0,"aligned_contigs":177,"NA50":1149,"NG50":0,"aligned_basepairs":212531,"Ns":0},"Enterococcus_faecalis":{"assembler":"MetaHipMer2","contiguity":0.0009144609951809803,"multiplicity":1.0001467532037172,"validity":1.0,"parsimony":1.0001467532037172,"identity":1.0,"lowest_identity":1.0,"breadth_of_coverage":0.07423898007726176,"L90":0,"aligned_contigs":174,"NA50":1166,"NG50":0,"aligned_basepairs":211239,"Ns":0},"Escherichia_coli_plasmid":{"assembler":"MetaHipMer2","contiguity":0.013662766914832692,"multiplicity":1.0,"validity":1.0,"parsimony":1.0,"identity":1.0,"lowest_identity":1.0,"breadth_of_coverage":0.013662766914832692,"L90":0,"aligned_contigs":1,"NA50":1503,"NG50":0,"aligned_basepairs":1503,"Ns":0},"Escherichia_coli":{"assembler":"MetaHipMer2","contiguity":0.0004383651100823136,"multiplicity":1.0,"validity":0.9993660682141907,"parsimony":1.000634333910238,"identity":0.9993390590038995,"lowest_identity":0.9576923076923077,"breadth_of_coverage":0.02679567065664953,"L90":0,"aligned_contigs":107,"NA50":1161,"NG50":0,"aligned_basepairs":127693,"Ns":0},"Lactobacillus_fermentum":{"assembler":"MetaHipMer2","contiguity":0.0006765221617428555,"multiplicity":1.0,"validity":1.0,"parsimony":1.0,"identity":1.0,"lowest_identity":1.0,"breadth_of_coverage":0.004798636248886678,"L90":0,"aligned_contigs":8,"NA50":1179,"NG50":0,"aligned_basepairs":9143,"Ns":0},"Listeria_monocytogenes":{"assembler":"MetaHipMer2","contiguity":0.0009905284890563979,"multiplicity":1.002202464390933,"validity":0.9999255840014358,"parsimony":1.0022770498384348,"identity":0.9999599864182472,"lowest_identity":0.9855550969872059,"breadth_of_coverage":0.15233987291559586,"L90":0,"aligned_contigs":361,"NA50":1224,"NG50":0,"aligned_basepairs":455853,"Ns":0},"Pseudomonas_aeruginosa":{"assembler":"MetaHipMer2","contiguity":0.00031638627687406235,"multiplicity":1.0010361255314149,"validity":1.0,"parsimony":1.0010361255314149,"identity":1.0,"lowest_identity":1.0,"breadth_of_coverage":0.01378289924076127,"L90":0,"aligned_contigs":81,"NA50":1126,"NG50":0,"aligned_basepairs":93618,"Ns":0},"Salmonella_enterica":{"assembler":"MetaHipMer2","contiguity":0.0005512899217731366,"multiplicity":1.0006326808412738,"validity":0.9989759883626341,"parsimony":1.0016583906900056,"identity":0.9987950214070335,"lowest_identity":0.9107843137254902,"breadth_of_coverage":0.021916715723906275,"L90":0,"aligned_contigs":88,"NA50":1125,"NG50":0,"aligned_basepairs":104318,"Ns":0},"Staphylococcus_aureus":{"assembler":"MetaHipMer2","contiguity":0.0009618284671801322,"multiplicity":1.0013325978013798,"validity":0.9999634949291137,"parsimony":1.001369152853288,"identity":0.9999628955002362,"lowest_identity":0.990983606557377,"breadth_of_coverage":0.11068052582408286,"L90":0,"aligned_contigs":243,"NA50":1221,"NG50":0,"aligned_basepairs":300916,"Ns":0},"Staphylococcus_aureus_plasmid1":{"assembler":"MetaHipMer2","contiguity":0.0,"multiplicity":0,"validity":0,"parsimony":0,"identity":0,"lowest_identity":0,"breadth_of_coverage":0.0,"L90":0,"aligned_contigs":0,"NA50":0,"NG50":0,"aligned_basepairs":0,"Ns":0},"Staphylococcus_aureus_plasmid2":{"assembler":"MetaHipMer2","contiguity":0.0,"multiplicity":0,"validity":0,"parsimony":0,"identity":0,"lowest_identity":0,"breadth_of_coverage":0.0,"L90":0,"aligned_contigs":0,"NA50":0,"NG50":0,"aligned_basepairs":0,"Ns":0},"Staphylococcus_aureus_plasmid3":{"assembler":"MetaHipMer2","contiguity":0.5322418977614434,"multiplicity":1.0,"validity":1.0,"parsimony":1.0,"identity":1.0,"lowest_identity":1.0,"breadth_of_coverage":0.5322418977614434,"L90":0,"aligned_contigs":1,"NA50":1593,"NG50":1593,"aligned_basepairs":1593,"Ns":0}}}