{"sample_id":"ERR2935805","ReferenceTables":{"Bacillus_subtilis":{"assembler":"MINIA","contiguity":0.018236255637807963,"multiplicity":1.000788303374253,"validity":0.9998519670261621,"parsimony":1.000936474977267,"identity":0.9996108928854877,"lowest_identity":0.9823911028730306,"breadth_of_coverage":0.9742191479942665,"L90":175,"aligned_contigs":278,"NA50":24189,"NG50":24106,"aligned_basepairs":3941376,"Ns":0},"Enterococcus_faecalis":{"assembler":"MINIA","contiguity":0.00425143530311465,"multiplicity":1.0,"validity":1.0,"parsimony":1.0,"identity":1.0,"lowest_identity":1.0,"breadth_of_coverage":0.007686111439126841,"L90":0,"aligned_contigs":3,"NA50":12097,"NG50":0,"aligned_basepairs":21870,"Ns":0},"Escherichia_coli_plasmid":{"assembler":"MINIA","contiguity":0.0,"multiplicity":0,"validity":0,"parsimony":0,"identity":0,"lowest_identity":0,"breadth_of_coverage":0.0,"L90":0,"aligned_contigs":0,"NA50":0,"NG50":0,"aligned_basepairs":0,"Ns":0},"Escherichia_coli":{"assembler":"MINIA","contiguity":0.0,"multiplicity":0,"validity":0,"parsimony":0,"identity":0,"lowest_identity":0,"breadth_of_coverage":0.0,"L90":0,"aligned_contigs":0,"NA50":0,"NG50":0,"aligned_basepairs":0,"Ns":0},"Lactobacillus_fermentum":{"assembler":"MINIA","contiguity":0.0,"multiplicity":0,"validity":0,"parsimony":0,"identity":0,"lowest_identity":0,"breadth_of_coverage":0.0,"L90":0,"aligned_contigs":0,"NA50":0,"NG50":0,"aligned_basepairs":0,"Ns":0},"Listeria_monocytogenes":{"assembler":"MINIA","contiguity":0.009597165029933076,"multiplicity":1.0033982954660219,"validity":0.9878341483903873,"parsimony":1.0157558301674379,"identity":0.99830622750947,"lowest_identity":0.00666704655535928,"breadth_of_coverage":0.9430750228416405,"L90":465,"aligned_contigs":589,"NA50":6641,"NG50":6524,"aligned_basepairs":2822003,"Ns":0},"Pseudomonas_aeruginosa":{"assembler":"MINIA","contiguity":0.024077599292142756,"multiplicity":1.0009362103529158,"validity":0.9999438523041784,"parsimony":1.000992413770484,"identity":0.9998667313703332,"lowest_identity":0.9864743011722272,"breadth_of_coverage":0.9561177092396865,"L90":325,"aligned_contigs":497,"NA50":22511,"NG50":21863,"aligned_basepairs":6494267,"Ns":0},"Salmonella_enterica":{"assembler":"MINIA","contiguity":0.0002756449608865683,"multiplicity":1.0007621951219512,"validity":1.0,"parsimony":1.0007621951219512,"identity":0.9992383853769993,"lowest_identity":0.9992383853769993,"breadth_of_coverage":0.0002756449608865683,"L90":0,"aligned_contigs":1,"NA50":1313,"NG50":0,"aligned_basepairs":1312,"Ns":0},"Staphylococcus_aureus":{"assembler":"MINIA","contiguity":0.0,"multiplicity":0,"validity":0,"parsimony":0,"identity":0,"lowest_identity":0,"breadth_of_coverage":0.0,"L90":0,"aligned_contigs":0,"NA50":0,"NG50":0,"aligned_basepairs":0,"Ns":0},"Staphylococcus_aureus_plasmid1":{"assembler":"MINIA","contiguity":0.0,"multiplicity":0,"validity":0,"parsimony":0,"identity":0,"lowest_identity":0,"breadth_of_coverage":0.0,"L90":0,"aligned_contigs":0,"NA50":0,"NG50":0,"aligned_basepairs":0,"Ns":0},"Staphylococcus_aureus_plasmid2":{"assembler":"MINIA","contiguity":0.0,"multiplicity":0,"validity":0,"parsimony":0,"identity":0,"lowest_identity":0,"breadth_of_coverage":0.0,"L90":0,"aligned_contigs":0,"NA50":0,"NG50":0,"aligned_basepairs":0,"Ns":0},"Staphylococcus_aureus_plasmid3":{"assembler":"MINIA","contiguity":0.0,"multiplicity":0,"validity":0,"parsimony":0,"identity":0,"lowest_identity":0,"breadth_of_coverage":0.0,"L90":0,"aligned_contigs":0,"NA50":0,"NG50":0,"aligned_basepairs":0,"Ns":0}}}