{"sample_id":"ERR2935805","ReferenceTables":{"Bacillus_subtilis":{"assembler":"MEGAHIT","contiguity":0.18999242895564822,"multiplicity":0.9998084003513581,"validity":0.9995659299442563,"parsimony":1.0002425757019504,"identity":0.9988935986471974,"lowest_identity":0.9806072375154171,"breadth_of_coverage":0.9843252439579334,"L90":13,"aligned_contigs":27,"NA50":263503,"NG50":263503,"aligned_basepairs":3982262,"Ns":0},"Enterococcus_faecalis":{"assembler":"MEGAHIT","contiguity":0.0,"multiplicity":0,"validity":0,"parsimony":0,"identity":0,"lowest_identity":0,"breadth_of_coverage":0.0,"L90":0,"aligned_contigs":0,"NA50":0,"NG50":0,"aligned_basepairs":0,"Ns":0},"Escherichia_coli_plasmid":{"assembler":"MEGAHIT","contiguity":0.013653676584217367,"multiplicity":0.9993342210386151,"validity":0.9986693280106453,"parsimony":1.0006657789613849,"identity":0.9833666001330672,"lowest_identity":0.9833666001330672,"breadth_of_coverage":0.013653676584217367,"L90":0,"aligned_contigs":1,"NA50":1503,"NG50":0,"aligned_basepairs":1502,"Ns":0},"Escherichia_coli":{"assembler":"MEGAHIT","contiguity":0.0003179143809357133,"multiplicity":1.0,"validity":0.9899211218229623,"parsimony":1.010181496237273,"identity":0.9860490846466394,"lowest_identity":0.9599609375,"breadth_of_coverage":0.0018961546839175614,"L90":0,"aligned_contigs":8,"NA50":1049,"NG50":0,"aligned_basepairs":9036,"Ns":0},"Lactobacillus_fermentum":{"assembler":"MEGAHIT","contiguity":0.0,"multiplicity":0,"validity":0,"parsimony":0,"identity":0,"lowest_identity":0,"breadth_of_coverage":0.0,"L90":0,"aligned_contigs":0,"NA50":0,"NG50":0,"aligned_basepairs":0,"Ns":0},"Listeria_monocytogenes":{"assembler":"MEGAHIT","contiguity":0.13079420734662014,"multiplicity":1.0448928944309965,"validity":0.9988847655619736,"parsimony":1.046059496005166,"identity":0.9306227695874155,"lowest_identity":0.16557911908646003,"breadth_of_coverage":0.990010834323082,"L90":9,"aligned_contigs":26,"NA50":269400,"NG50":274574,"aligned_basepairs":2962451,"Ns":0},"Pseudomonas_aeruginosa":{"assembler":"MEGAHIT","contiguity":0.07592019233458916,"multiplicity":1.0001271714110358,"validity":0.9999899107711568,"parsimony":1.0001372620247468,"identity":0.9987641822729546,"lowest_identity":0.9744011272898074,"breadth_of_coverage":0.9921390745149308,"L90":28,"aligned_contigs":75,"NA50":258176,"NG50":258176,"aligned_basepairs":6738936,"Ns":0},"Salmonella_enterica":{"assembler":"MEGAHIT","contiguity":0.0007653769759982991,"multiplicity":0.999844977263332,"validity":0.9637876070930465,"parsimony":1.0374121537825547,"identity":0.9584159293466226,"lowest_identity":0.7962962962962963,"breadth_of_coverage":0.004065763173076883,"L90":0,"aligned_contigs":15,"NA50":1144,"NG50":0,"aligned_basepairs":19352,"Ns":0},"Staphylococcus_aureus":{"assembler":"MEGAHIT","contiguity":0.0,"multiplicity":0,"validity":0,"parsimony":0,"identity":0,"lowest_identity":0,"breadth_of_coverage":0.0,"L90":0,"aligned_contigs":0,"NA50":0,"NG50":0,"aligned_basepairs":0,"Ns":0},"Staphylococcus_aureus_plasmid1":{"assembler":"MEGAHIT","contiguity":0.0,"multiplicity":0,"validity":0,"parsimony":0,"identity":0,"lowest_identity":0,"breadth_of_coverage":0.0,"L90":0,"aligned_contigs":0,"NA50":0,"NG50":0,"aligned_basepairs":0,"Ns":0},"Staphylococcus_aureus_plasmid2":{"assembler":"MEGAHIT","contiguity":0.0,"multiplicity":0,"validity":0,"parsimony":0,"identity":0,"lowest_identity":0,"breadth_of_coverage":0.0,"L90":0,"aligned_contigs":0,"NA50":0,"NG50":0,"aligned_basepairs":0,"Ns":0},"Staphylococcus_aureus_plasmid3":{"assembler":"MEGAHIT","contiguity":0.0,"multiplicity":0,"validity":0,"parsimony":0,"identity":0,"lowest_identity":0,"breadth_of_coverage":0.0,"L90":0,"aligned_contigs":0,"NA50":0,"NG50":0,"aligned_basepairs":0,"Ns":0}}}