{"sample_id":"ERR2935805","ReferenceTables":{"Bacillus_subtilis":{"assembler":"MetaHipMer2","contiguity":0.003645619756594508,"multiplicity":1.0163191255214539,"validity":0.9969135828296463,"parsimony":1.0194656217209188,"identity":0.9959006158694943,"lowest_identity":0.9238805970149254,"breadth_of_coverage":0.8692265843269248,"L90":0,"aligned_contigs":1412,"NA50":3008,"NG50":2697,"aligned_basepairs":3516610,"Ns":0},"Enterococcus_faecalis":{"assembler":"MetaHipMer2","contiguity":0.0013049168620703228,"multiplicity":1.0067813199105144,"validity":1.0,"parsimony":1.0067813199105144,"identity":1.0,"lowest_identity":1.0,"breadth_of_coverage":0.005027075355522191,"L90":0,"aligned_contigs":7,"NA50":2110,"NG50":0,"aligned_basepairs":14304,"Ns":0},"Escherichia_coli_plasmid":{"assembler":"MetaHipMer2","contiguity":0.0,"multiplicity":0,"validity":0,"parsimony":0,"identity":0,"lowest_identity":0,"breadth_of_coverage":0.0,"L90":0,"aligned_contigs":0,"NA50":0,"NG50":0,"aligned_basepairs":0,"Ns":0},"Escherichia_coli":{"assembler":"MetaHipMer2","contiguity":0.00028370973136969266,"multiplicity":1.0,"validity":1.0,"parsimony":1.0,"identity":1.0,"lowest_identity":1.0,"breadth_of_coverage":0.00028370973136969266,"L90":0,"aligned_contigs":1,"NA50":1352,"NG50":0,"aligned_basepairs":1352,"Ns":0},"Lactobacillus_fermentum":{"assembler":"MetaHipMer2","contiguity":0.0,"multiplicity":0,"validity":0,"parsimony":0,"identity":0,"lowest_identity":0,"breadth_of_coverage":0.0,"L90":0,"aligned_contigs":0,"NA50":0,"NG50":0,"aligned_basepairs":0,"Ns":0},"Listeria_monocytogenes":{"assembler":"MetaHipMer2","contiguity":0.004710691491814772,"multiplicity":1.0156944688201708,"validity":0.996253846446503,"parsimony":1.0195137237793457,"identity":0.9951592599493839,"lowest_identity":0.8388059701492537,"breadth_of_coverage":0.8701916425328389,"L90":0,"aligned_contigs":1073,"NA50":2784,"NG50":2538,"aligned_basepairs":2603911,"Ns":0},"Pseudomonas_aeruginosa":{"assembler":"MetaHipMer2","contiguity":0.0008709824169320395,"multiplicity":1.0129134050398427,"validity":0.9994934825636564,"parsimony":1.013426723345674,"identity":0.9993812797271242,"lowest_identity":0.9367396593673966,"breadth_of_coverage":0.5526830999082789,"L90":0,"aligned_contigs":2391,"NA50":1608,"NG50":1104,"aligned_basepairs":3754006,"Ns":0},"Salmonella_enterica":{"assembler":"MetaHipMer2","contiguity":0.0,"multiplicity":0,"validity":0,"parsimony":0,"identity":0,"lowest_identity":0,"breadth_of_coverage":0.0,"L90":0,"aligned_contigs":0,"NA50":0,"NG50":0,"aligned_basepairs":0,"Ns":0},"Staphylococcus_aureus":{"assembler":"MetaHipMer2","contiguity":0.0,"multiplicity":0,"validity":0,"parsimony":0,"identity":0,"lowest_identity":0,"breadth_of_coverage":0.0,"L90":0,"aligned_contigs":0,"NA50":0,"NG50":0,"aligned_basepairs":0,"Ns":0},"Staphylococcus_aureus_plasmid1":{"assembler":"MetaHipMer2","contiguity":0.0,"multiplicity":0,"validity":0,"parsimony":0,"identity":0,"lowest_identity":0,"breadth_of_coverage":0.0,"L90":0,"aligned_contigs":0,"NA50":0,"NG50":0,"aligned_basepairs":0,"Ns":0},"Staphylococcus_aureus_plasmid2":{"assembler":"MetaHipMer2","contiguity":0.0,"multiplicity":0,"validity":0,"parsimony":0,"identity":0,"lowest_identity":0,"breadth_of_coverage":0.0,"L90":0,"aligned_contigs":0,"NA50":0,"NG50":0,"aligned_basepairs":0,"Ns":0},"Staphylococcus_aureus_plasmid3":{"assembler":"MetaHipMer2","contiguity":0.0,"multiplicity":0,"validity":0,"parsimony":0,"identity":0,"lowest_identity":0,"breadth_of_coverage":0.0,"L90":0,"aligned_contigs":0,"NA50":0,"NG50":0,"aligned_basepairs":0,"Ns":0}}}