Assembler,L90,LSA,NA50,NG50,Ns,basepairs,breadth_of_coverage,contigs,identity,lowest_identity,misassembled contigs,misassembly events,multiplicity,parsimony,validity
GATBMiniaPipeline,78.0,0.04160001060019169,88774.0,88774.0,0.0,6704136.0,0.9870156485329776,166.0,0.999482022924957,0.9573396311413866,3.0,6.0,1.0008417192014005,1.0013081476867414,0.99953418087487
IDBA-UD,71.0,0.05008914466758829,87280.0,87280.0,0.0,6694930.0,0.9856602962459127,161.0,0.9986137004051675,0.8616475558237779,2.0,4.0,1.0006924642976103,1.0008289855159054,0.9998635918620755
MEGAHIT,29.0,0.06899944496218528,244431.0,244431.0,0.0,6730265.0,0.9908624875410942,82.0,0.9998275480927217,0.9890282131661442,0.0,0.0,1.000408750621261,1.0004094935340584,0.9999992573912958
metaSPAdes,24.0,0.1321409589934529,257869.0,257869.0,0.0,6726248.0,0.9902710851799015,56.0,0.9995083127895226,0.9818662636947487,0.0,0.0,1.000116558295204,1.000116558295204,1.0
SKESA,670.0,0.006355403815774557,10114.0,9897.0,0.0,6545484.0,0.9636581261511146,933.0,0.9988216307737822,0.25073449822174115,7.0,15.0,0.9999485141205754,1.0031073332392226,0.9968509659794362
SPAdes,26.0,0.12516146889211802,227620.0,227620.0,0.0,6716697.0,0.9888649403076706,67.0,0.9995292857912178,0.9902985074626866,2.0,3.0,0.9999730522308807,0.99997364776169,0.9999994044534968
Unicycler,25.0,0.12477809529277877,256472.0,239075.0,0.0,6704188.0,0.9870233042269737,77.0,0.9999908050966244,0.9994447529150472,0.0,0.0,1.0,1.0,1.0
