Assembler Type,Ns,basepairs,contigs,filtered_Ns,filtered_basepairs,filtered_contigs,filtered_mapped_reads,filtered_n50,mapped_reads,max_contig,misassembled contigs,misassembly events,n50
Metagenomic,0.0,15514698.0,693.0,0.0,13704539.0,139.0,99.68686805587961,239185.0,99.79800262381985,1080013.0,1.0,2.0,220609.0
Genomic,0.0,15606257.0,185.0,0.0,13640340.0,112.0,99.59185535406934,242687.0,99.7139092641346,847534.0,0.0,0.0,242687.0
