Assembler Type,Type,Ns,basepairs,contigs,filtered_Ns,filtered_basepairs,filtered_contigs,filtered_mapped_reads,filtered_n50,mapped_reads,max_contig,misassembled contigs,misassembly events,n50
Metagenomic,Best,0.0,30545419.0,640.0,0.0,30420265.0,359.0,99.38811031611019,238611.0,99.6938445894219,1036942.0,2.0,6.0,238611.0
Metagenomic,Worst,0.0,30390566.0,1822.0,0.0,30130413.0,1279.0,97.92286563649662,65108.0,99.34027709010994,585610.0,18.0,36.0,63725.0
Genomic,Best,0.0,30442718.0,936.0,0.0,30276227.0,443.0,98.56125282190423,208953.0,99.4194395141032,850138.0,0.0,0.0,204481.0
Genomic,Worst,0.0,30110758.0,2322.0,0.0,29835112.0,1726.0,97.42446675485509,43168.0,98.31339077645647,630384.0,10.0,19.0,42115.0
