Assembler Type,Ns,basepairs,contigs,filtered_Ns,filtered_basepairs,filtered_contigs,filtered_mapped_reads,filtered_n50,mapped_reads,max_contig,misassembled contigs,misassembly events,n50
Metagenomic,0.0,32809112.0,5397.0,0.0,30564396.0,761.0,82.83492859046106,149841.0,84.32610786740455,1205839.0,1.0,2.0,102115.0
Genomic,0.0,30592960.0,895.0,0.0,30432114.0,425.0,81.59809354509034,191424.0,84.20443330213502,882182.0,0.0,0.0,191424.0
