Assembler,L90,LSA,NA50,NG50,Ns,basepairs,breadth_of_coverage,contigs,identity,lowest_identity,misassembled contigs,misassembly events,multiplicity,parsimony,validity
GATBMiniaPipeline,7.0,0.19163325970165535,18762.0,18762.0,0.0,105303.0,0.9572390847855137,10.0,1.0,1.0,0.0,0.0,1.0006077699590705,1.0006077699590705,1.0
IDBA-UD,3.0,0.32962447844228093,26780.0,26780.0,0.0,105993.0,0.9635114129100876,5.0,1.0,1.0,0.0,0.0,1.0001698225354505,1.0001698225354505,1.0
MEGAHIT,3.0,0.3661312461934241,28353.0,28353.0,0.0,107718.0,0.9791922332215223,4.0,1.0,1.0,0.0,0.0,1.0,1.0,1.0
metaSPAdes,3.0,0.36780386702664375,26814.0,26814.0,0.0,106142.0,0.9648658721717709,4.0,1.0,1.0,0.0,0.0,1.0,1.0,1.0
SKESA,0.0,0.04218822438572091,1404.0,0.0,0.0,39927.0,0.3629496304780605,26.0,1.0,1.0,0.0,0.0,1.0,1.0,1.0
SPAdes,3.0,0.3680038543001809,26837.0,26837.0,0.0,107620.0,0.9783013808212204,5.0,1.0,1.0,0.0,0.0,1.0,1.0,1.0
Unicycler,0.0,0.0,0.0,0.0,0.0,0.0,0.0,0.0,0.0,0.0,0.0,0.0,0.0,0.0,0.0
