Assembler,L90,LSA,NA50,NG50,Ns,basepairs,breadth_of_coverage,contigs,identity,lowest_identity,misassembled contigs,misassembly events,multiplicity,parsimony,validity
GATBMiniaPipeline,12.0,0.18151300887398567,452364.0,155105.0,0.0,2957674.0,0.9884144258911581,23.0,0.9986224415922504,0.9794841735052755,0.0,0.0,0.9999418461940025,0.9999536798173159,0.9999881658285256
IDBA-UD,108.0,0.054384826333353606,27259.0,25555.0,0.0,2915464.0,0.9743084179548995,171.0,0.9998391057219054,0.9853181076672104,0.0,0.0,1.003989073437367,1.0039952474117328,0.9999938505940326
MEGAHIT,6.0,0.40327175169148444,542872.0,542872.0,0.0,2959882.0,0.9891523094619532,18.0,0.9984667010371832,0.9861317483902923,1.0,2.0,1.0018738918648131,1.00197716108802,0.999898177512335
metaSPAdes,13.0,0.1581627367460003,235115.0,235115.0,0.0,2920851.0,0.9761086800907116,25.0,0.9990510855759005,0.990521327014218,0.0,0.0,1.0001129807716997,1.0001129807716997,1.0
SKESA,17.0,0.14910160670137304,195967.0,195967.0,0.0,2914137.0,0.973864952602343,31.0,0.9999997617256021,0.9999926134936697,0.0,0.0,0.9999032303560197,0.9999032303560197,1.0
SPAdes,19.0,0.11887912544755913,147676.0,147676.0,0.0,2944434.0,0.9839897979575865,37.0,0.9994261593443197,0.9878141660319878,0.0,0.0,1.0004727563939284,1.0004934734485473,0.999979293163655
Unicycler,8.0,0.2434524529615933,475179.0,475179.0,0.0,2915510.0,0.9743237905292911,17.0,0.9999988519063594,0.9999926136027891,0.0,0.0,0.9998971020507561,0.9998977880370844,0.9999993139435486
