Assembler Type,Type,Ns,basepairs,contigs,filtered_Ns,filtered_basepairs,filtered_contigs,filtered_mapped_reads,filtered_n50,mapped_reads,max_contig,misassembled contigs,misassembly events,n50
Metagenomic,Best,0.0,30599129.0,761.0,0.0,30418717.0,365.0,98.64734140057718,208969.0,99.05324938664779,917726.0,1.0,1.0,208969.0
Metagenomic,Worst,0.0,30408932.0,1829.0,0.0,30145929.0,1254.0,97.29899661212181,63178.0,98.6422137703903,468323.0,13.0,22.0,61704.0
Genomic,Best,0.0,30664883.0,656.0,0.0,30354786.0,334.0,98.28335364087353,245050.0,98.70005184540622,1303875.0,0.0,0.0,245050.0
Genomic,Worst,0.0,30249132.0,2628.0,0.0,30064811.0,891.0,97.23735122900929,74138.0,97.9525332826451,632013.0,9.0,18.0,73839.0
