Assembler Type,Type,Ns,basepairs,contigs,filtered_Ns,filtered_basepairs,filtered_contigs,filtered_mapped_reads,filtered_n50,mapped_reads,max_contig,misassembled contigs,misassembly events,n50
Metagenomic,Best,0.0,14157309.0,767.0,0.0,13672885.0,184.0,97.18295816622955,196786.0,97.28649121627464,917728.0,0.0,0.0,193256.0
Metagenomic,Worst,0.0,13638386.0,2099.0,0.0,13507672.0,762.0,96.80510565273623,91722.0,97.17088166234576,632213.0,2.0,6.0,90987.0
Genomic,Best,0.0,16214591.0,36.0,0.0,13315624.0,21.0,96.40605627732344,351027.0,96.9745352495514,847572.0,0.0,0.0,351027.0
Genomic,Worst,0.0,2957060.0,31040.0,0.0,2950393.0,1526.0,77.08148626483488,69361.0,92.22844099976099,263645.0,5.0,10.0,46478.0
