Assembler,L90,LSA,NA50,NG50,Ns,basepairs,breadth_of_coverage,contigs,identity,lowest_identity,misassembled contigs,misassembly events,multiplicity,parsimony,validity
GATBMiniaPipeline,40.0,0.06852729475746909,204691.0,204691.0,0.0,6705175.0,0.9871686151880136,102.0,0.998500608585982,0.9207082371054658,0.0,0.0,1.0004208689556946,1.0004217637869257,0.9999991055460172
IDBA-UD,90.0,0.04465757700229524,88071.0,85510.0,0.0,6710005.0,0.9878797113803364,185.0,0.9984466424598432,0.9236159775753329,0.0,0.0,1.0013925473975056,1.0015363624915332,0.9998564055191469
MEGAHIT,24.0,0.06901181185248656,286027.0,294763.0,0.0,6737986.0,0.9919992108746188,78.0,0.9949629245295745,0.8762962962962964,1.0,2.0,1.0002668453154993,1.0005089057768894,0.9997580626619189
metaSPAdes,44.0,0.05485466695522744,151807.0,151807.0,0.0,6721688.0,0.9895997397064041,100.0,0.9993179551595481,0.9877845641310383,0.0,0.0,1.0259729401305149,1.0260050749157057,0.9999686797015176
SKESA,58.0,0.049408082351711416,111919.0,106185.0,0.0,6669711.0,0.9819474318827266,117.0,0.9991343833283526,0.9030154849225754,0.0,0.0,1.0000007496576688,1.0000035983568103,0.9999971513111091
SPAdes,37.0,0.10973642328921003,173647.0,173647.0,0.0,6718282.0,0.9890982917496647,79.0,0.9991734343534022,0.9736077481840194,0.0,0.0,1.0002912947089746,1.0002918900992843,0.9999994047834282
Unicycler,25.0,0.12480444854711123,264930.0,264930.0,0.0,6714004.0,0.9884684636936073,65.0,0.9994750251450405,0.9914658634538153,0.0,0.0,0.9999557641014214,0.9999606792012635,0.9999950847068847
