Assembler Type,Type,Ns,basepairs,contigs,filtered_Ns,filtered_basepairs,filtered_contigs,filtered_mapped_reads,filtered_n50,mapped_reads,max_contig,misassembled contigs,misassembly events,n50
Metagenomic,Best,0.0,27822010.0,6776.0,0.0,18792639.0,603.0,89.502390767225,210993.0,89.92625377951288,768410.0,0.0,0.0,82249.0
Metagenomic,Worst,0.0,17126362.0,26282.0,0.0,13891328.0,3392.0,88.89602233859438,87983.0,89.40453481544253,542997.0,3.0,7.0,3674.0
Genomic,Best,0.0,29517365.0,205.0,0.0,19595813.0,144.0,87.47524306302446,256884.0,88.05619365539616,847683.0,0.0,0.0,256884.0
Genomic,Worst,0.0,8818742.0,36214.0,0.0,5801439.0,4999.0,57.92940845118595,2148.0,78.66255748464859,29155.0,572.0,1148.0,1431.0
