Assembler,LSA,NA50,NG50,Ns,basepairs,breadth_of_coverage,contigs,identity,lowest_identity,misassembled contigs,misassembly events
ABySS,0.05657383774909688,20444.0,19070.0,0.0,1782430.0,0.9354952651321318,0.0,0.9990973537883063,0.9823825503355704,0.0,0.0
BCALM2,0.0,0.0,0.0,0.0,0.0,0.0,0.0,0.0,0.0,0.0,0.0
GATBMiniaPipeline,0.06031281670973,40488.0,37549.0,0.0,1797250.0,0.9432734330429379,83.0,0.9996068729849414,0.9840674789128397,0.0,0.0
IDBA-UD,0.04347429032090454,16131.0,15599.0,0.0,1779580.0,0.9339994636108229,171.0,0.9999466079964862,0.9963636363636363,0.0,0.0
MEGAHIT,0.06074108830319949,40505.0,38354.0,0.0,1807750.0,0.9487842807530232,88.0,0.9941419956154816,0.7273524254821742,2.0,5.0
MetaHipMer2,0.0006765221617428555,1179.0,0.0,0.0,9143.0,0.004798636248886678,8.0,1.0,1.0,0.0,0.0
metaSPAdes,0.04951732846699238,36315.0,33788.0,0.0,1784123.0,0.9363838237200531,95.0,0.9998424203447588,0.9902849740932642,1.0,1.0
MINIA,0.017739156357445128,9080.0,8209.0,0.0,1733336.0,0.909728640610329,281.0,0.999640152948934,0.9343168247277837,0.0,0.0
SKESA,0.06016428624287723,34729.0,30688.0,0.0,1757511.0,0.9224167114095017,86.0,0.9999684509015849,0.9984964559318393,0.0,0.0
SPAdes,0.060208373024557914,37879.0,37242.0,0.0,1782712.0,0.9356432707563455,101.0,0.9998709716289653,0.9947019867549669,4.0,8.0
Unicycler,0.060165860770794395,40540.0,40235.0,0.0,1771389.0,0.9297004775543173,79.0,0.9999007552082411,0.9963333333333333,0.0,0.0
VelvetOptimiser,0.0,0.0,0.0,0.0,0.0,0.0,0.0,0.0,0.0,0.0,0.0
