Assembler,L90,LSA,NA50,NG50,Ns,basepairs,breadth_of_coverage,contigs,identity,lowest_identity,misassembled contigs,misassembly events,multiplicity,parsimony,validity
GATBMiniaPipeline,85.0,0.05947523250190241,59024.0,59024.0,0.0,4643845.0,0.9756497510581447,166.0,0.9974740157506425,0.6460342146189736,0.0,0.0,1.0014216667438298,1.002962631181704,0.9984635873860439
IDBA-UD,175.0,0.022045504108832697,29331.0,28547.0,0.0,4618887.0,0.9704061939439625,305.0,0.9955042520583469,0.6373902706656913,1.0,1.0,1.002557975546923,1.005469282967953,0.9971045287306673
MEGAHIT,43.0,0.1114097264854049,89627.0,94251.0,0.0,4668709.0,0.9808735592193365,105.0,0.9985807429973635,0.9584285061671997,3.0,6.0,1.0172535919458676,1.0175918010739158,0.9996676377230131
metaSPAdes,77.0,0.05149329396988831,70327.0,70327.0,0.0,4654552.0,0.9778992408418432,145.0,0.9988235301245877,0.9586919104991394,0.0,0.0,1.004023802935277,1.004204701118389,0.9998198592548806
SKESA,109.0,0.0363592931219439,46989.0,46525.0,0.0,4612070.0,0.9689739746616731,193.0,0.9999381560896303,0.992955135335558,0.0,0.0,1.0000010841119065,1.000051603726743,0.9999494829920291
SPAdes,50.0,0.08225228825235632,106595.0,106595.0,0.0,4651603.0,0.9772796699655822,110.0,0.9952914636705927,0.5023564288700544,1.0,1.0,1.000675681050167,1.0063954297045556,0.9943165991363179
Unicycler,32.0,0.08743996003148068,157800.0,157800.0,0.0,4648129.0,0.9765497990859177,70.0,0.9998866646577428,0.9952070188740556,0.0,0.0,0.9999634261441539,1.0000141992616813,0.999949227603403
