Assembler Type,Ns,basepairs,contigs,filtered_Ns,filtered_basepairs,filtered_contigs,filtered_mapped_reads,filtered_n50,mapped_reads,max_contig,misassembled contigs,misassembly events,n50
Metagenomic,0.0,30545419.0,640.0,0.0,30420265.0,359.0,99.38811031611019,238611.0,99.6938445894219,1036942.0,2.0,6.0,238611.0
Genomic,0.0,30442718.0,936.0,0.0,30276227.0,443.0,98.56125282190423,208953.0,99.4194395141032,850138.0,0.0,0.0,204481.0
