Assembler,L90,LSA,NA50,NG50,Ns,basepairs,breadth_of_coverage,contigs,identity,lowest_identity,misassembled contigs,misassembly events,multiplicity,parsimony,validity
GATBMiniaPipeline,0.0,0.9998421966230078,6336.0,6336.0,0.0,6336.0,0.9998421966230078,1.0,1.0,1.0,0.0,0.0,1.0,1.0,1.0
IDBA-UD,0.0,0.9998421966230078,6336.0,6336.0,0.0,6336.0,0.9998421966230078,1.0,1.0,1.0,0.0,0.0,1.0,1.0,1.0
MEGAHIT,0.0,0.9998421966230078,6336.0,6336.0,0.0,6336.0,0.9998421966230078,1.0,1.0,1.0,0.0,0.0,1.0,1.0,1.0
metaSPAdes,0.0,0.9998421966230078,6336.0,6336.0,0.0,6336.0,0.9998421966230078,1.0,1.0,1.0,0.0,0.0,1.0,1.0,1.0
SKESA,0.0,0.941612750512861,5967.0,5967.0,0.0,5967.0,0.941612750512861,1.0,1.0,1.0,0.0,0.0,1.0,1.0,1.0
SPAdes,0.0,0.9998421966230078,6336.0,6336.0,0.0,6336.0,0.9998421966230078,1.0,1.0,1.0,0.0,0.0,1.0,1.0,1.0
Unicycler,0.0,0.9853242859397191,6244.0,6244.0,0.0,6244.0,0.9853242859397191,1.0,1.0,1.0,0.0,0.0,1.0,1.0,1.0
