Assembler,L90,LSA,NA50,NG50,Ns,basepairs,breadth_of_coverage,contigs,identity,lowest_identity,misassembled contigs,misassembly events,multiplicity,parsimony,validity
GATBMiniaPipeline,82.0,0.07709108847404883,64572.0,60374.0,0.0,4652574.0,0.9774836724480676,158.0,0.999518621556184,0.9376324040335565,1.0,1.0,1.002761052269131,1.002761052269131,1.0
IDBA-UD,200.0,0.019672688416566768,25944.0,26117.0,0.0,4581227.0,0.9624940070331484,386.0,0.9932718572358693,0.6016016016016016,9.0,14.0,1.0062985309394186,1.015187634229869,0.9912438814355794
MEGAHIT,42.0,0.08749878669996256,120785.0,120785.0,0.0,4671620.0,0.9814851464763036,102.0,0.9995155461576645,0.9725730688935282,1.0,2.0,1.0009277295670453,1.000929442035097,0.999998289156137
metaSPAdes,28.0,0.07435480800866265,164359.0,157908.0,0.0,4680545.0,0.9833602465341638,55.0,0.9994596776795499,0.9921052631578947,0.0,0.0,1.0001666472600947,1.0001666472600947,1.0
SKESA,83.0,0.05944350811997111,60912.0,60131.0,0.0,4576718.0,0.9615466875753454,157.0,0.9964234262777867,0.6337991468663746,2.0,3.0,1.0019398180093246,1.0110102916544126,0.9910283073080838
SPAdes,27.0,0.08224745606173102,164404.0,157954.0,0.0,4666050.0,0.9803149159640031,60.0,0.9996253327290537,0.9928894245254595,0.0,0.0,1.0002353168097213,1.0002355311237556,0.9999997857364313
Unicycler,20.0,0.11135005943594468,223960.0,223960.0,0.0,4660116.0,0.9790682107826763,50.0,0.9998051972367619,0.994833255049319,0.0,0.0,1.0000328318007534,1.0000328318007534,1.0
