Assembler Type,Type,Ns,basepairs,contigs,filtered_Ns,filtered_basepairs,filtered_contigs,filtered_mapped_reads,filtered_n50,mapped_reads,max_contig,misassembled contigs,misassembly events,n50
Metagenomic,Best,0.0,32809112.0,5397.0,0.0,30564396.0,761.0,82.83492859046106,149841.0,84.32610786740455,1205839.0,1.0,2.0,102115.0
Metagenomic,Worst,0.0,48964620.0,61644.0,0.0,32021766.0,2654.0,81.30918759065125,29134.0,83.1443450749858,303329.0,15.0,32.0,20993.0
Genomic,Best,0.0,30592960.0,895.0,0.0,30432114.0,425.0,81.59809354509034,191424.0,84.20443330213502,882182.0,0.0,0.0,191424.0
Genomic,Worst,0.0,46535940.0,39819.0,0.0,32500826.0,2049.0,80.50855415445794,77870.0,81.25416655711403,446163.0,9.0,18.0,53292.0
