Assembler,L90,LSA,NA50,NG50,Ns,basepairs,breadth_of_coverage,contigs,identity,lowest_identity,misassembled contigs,misassembly events,multiplicity,parsimony,validity
GATBMiniaPipeline,96.0,0.05798124521770699,52959.0,51487.0,0.0,4643859.0,0.9756526923915688,178.0,0.9999491961931379,0.9917218543046358,0.0,0.0,1.0015125351566445,1.0015136118473882,0.9999989249364852
IDBA-UD,171.0,0.037401785725540815,26498.0,27717.0,0.0,4551672.0,0.9562846420796404,396.0,0.9948262434826586,0.6558096445462968,7.0,12.0,1.0079197270805103,1.015505510941913,0.9925300416593831
MEGAHIT,47.0,0.07920023463436915,117581.0,117581.0,0.0,4669364.0,0.9810111716045352,103.0,0.9991580136780301,0.9295824486907289,0.0,0.0,1.0012429958341222,1.001308315222373,0.9999347659584389
metaSPAdes,25.0,0.11137253962711456,198784.0,198784.0,0.0,4674406.0,0.9820704718276984,56.0,0.9980986922913357,0.9348694316436252,0.0,0.0,1.0001257913839747,1.0001653686051233,0.9999604293225992
SKESA,144.0,0.031121828769854525,37980.0,37661.0,0.0,4566475.0,0.9593946819851311,245.0,0.9963459137322415,0.2217846961586579,2.0,2.0,1.001434366770868,1.0098220180774011,0.9916939310528184
SPAdes,46.0,0.11135342095985794,103636.0,103102.0,0.0,4614007.0,0.9693809291504211,91.0,0.9992928194902245,0.9871677360219981,0.0,0.0,1.000159297547663,1.0001610313985219,0.9999982664283006
Unicycler,35.0,0.07713247723723073,157802.0,155040.0,0.0,4637757.0,0.9743706912091528,89.0,0.9997130515460523,0.9911444141689373,0.0,0.0,1.000000215621474,1.000000215621474,1.0
