Assembler,L90,LSA,NA50,NG50,Ns,basepairs,breadth_of_coverage,contigs,identity,lowest_identity,misassembled contigs,misassembly events,multiplicity,parsimony,validity
GATBMiniaPipeline,54.0,0.06396624632019705,40366.0,40071.0,0.0,1792365.0,0.9407095767511506,89.0,1.0,1.0,0.0,0.0,1.0008787272681625,1.0008787272681625,1.0
IDBA-UD,58.0,0.06396519663491894,40364.0,37467.0,0.0,1788320.0,0.9385865882761701,89.0,0.9999666918328374,0.9970355731225297,0.0,0.0,1.000560302406728,1.000560302406728,1.0
MEGAHIT,40.0,0.06400928341659962,45302.0,45302.0,0.0,1808544.0,0.9492010058084335,82.0,0.9978367632433208,0.9291389031266017,2.0,4.0,0.9997450762669875,1.000540766495037,0.9991163412216044
metaSPAdes,48.0,0.06391901048268203,46069.0,40650.0,0.0,1795731.0,0.9424761970742123,80.0,0.9998329237719664,0.9909245604083948,0.0,0.0,1.0004493991583372,1.0004493991583372,1.0
SKESA,64.0,0.06386022810710779,37086.0,33086.0,0.0,1774634.0,0.9314035919180532,94.0,1.0,1.0,0.0,0.0,1.0,1.0,1.0
SPAdes,47.0,0.06392006016796015,46123.0,45008.0,0.0,1792717.0,0.9408943213600982,78.0,0.999915296544554,0.9964881474978051,0.0,0.0,1.000465215647534,1.000467446897642,0.9999977697923955
Unicycler,51.0,0.06386285232030306,44315.0,40168.0,0.0,1774805.0,0.9314933400093317,80.0,1.0,1.0,0.0,0.0,1.0,1.0,1.0
