Assembler,L90,LSA,NA50,NG50,Ns,basepairs,breadth_of_coverage,contigs,identity,lowest_identity,misassembled contigs,misassembly events,multiplicity,parsimony,validity
GATBMiniaPipeline,0.0,0.14012744643522684,5269.0,4651.0,0.0,97767.0,0.8887343532684284,24.0,1.0,1.0,0.0,0.0,1.0014012908241021,1.0014012908241021,1.0
IDBA-UD,8.0,0.18631541629169052,12577.0,12577.0,0.0,105631.0,0.96022071322734,11.0,1.0,1.0,0.0,0.0,1.0001704045214,1.0001704045214,1.0
MEGAHIT,6.0,0.18677902315307207,15523.0,12670.0,0.0,107615.0,0.9782559291681439,9.0,1.0,1.0,0.0,0.0,1.0001300933884683,1.0001300933884683,1.0
metaSPAdes,6.0,0.18599725472015416,15437.0,12657.0,0.0,105952.0,0.9631387093548592,9.0,1.0,1.0,0.0,0.0,1.000132135306554,1.000132135306554,1.0
SKESA,0.0,0.015817175270664594,1421.0,0.0,0.0,15416.0,0.14013653676584217,12.0,1.0,1.0,0.0,0.0,1.0,1.0,1.0
SPAdes,6.0,0.18599725472015416,15438.0,12657.0,0.0,107736.0,0.9793558591725982,9.0,1.0,1.0,0.0,0.0,1.0001299472785328,1.0001299472785328,1.0
Unicycler,0.0,0.0,0.0,0.0,0.0,0.0,0.0,0.0,0.0,0.0,0.0,0.0,0.0,0.0,0.0
