Assembler,L90,LSA,NA50,NG50,Ns,basepairs,breadth_of_coverage,contigs,identity,lowest_identity,misassembled contigs,misassembly events,multiplicity,parsimony,validity
GATBMiniaPipeline,13.0,0.1894818007501251,235254.0,235254.0,0.0,2819520.0,0.9909074039710521,28.0,0.9999899330210332,0.999708057609965,0.0,0.0,1.0003832572266615,1.0003832572266615,1.0
IDBA-UD,28.0,0.13575528433340645,113206.0,113206.0,0.0,2811602.0,0.988124659097938,53.0,0.9999739512010448,0.9987771323754203,0.0,0.0,1.0002283395729552,1.0002290509111886,0.9999992888246618
MEGAHIT,13.0,0.23483583281319412,235316.0,238546.0,0.0,2822833.0,0.9920717426632253,31.0,0.9980767729101571,0.9507002801120448,1.0,2.0,0.9999766192332313,1.0000205467344332,0.9999560734013464
metaSPAdes,11.0,0.18953030021873962,238611.0,238611.0,0.0,2786440.0,0.9792815893205576,23.0,0.9983355269253785,0.980796586059744,0.0,0.0,1.0001618552705245,1.0001618552705245,1.0
SKESA,19.0,0.13570924498276513,152709.0,152709.0,0.0,2810284.0,0.9876614540281269,40.0,0.9841615356405258,0.3664614256210311,1.0,1.0,1.0,1.0233592049771483,0.977173992412889
SPAdes,14.0,0.18946001113379105,235662.0,215153.0,0.0,2781588.0,0.9775763761197052,26.0,0.999933351073219,0.9987269255251432,0.0,0.0,1.0001768773808342,1.0001786749151924,0.9999982027867589
Unicycler,8.0,0.23476800384621874,377104.0,377104.0,0.0,2783327.0,0.9781875397133329,20.0,0.9999993456978109,0.9999895211306401,0.0,0.0,0.9998408379611882,0.9998408379611882,1.0
