Assembler,L90,LSA,NA50,NG50,Ns,basepairs,breadth_of_coverage,contigs,identity,lowest_identity,misassembled contigs,misassembly events,multiplicity,parsimony,validity
GATBMiniaPipeline,13.0,0.18997685677823514,263445.0,263445.0,0.0,3984103.0,0.9847802975867821,27.0,0.9998644089024219,0.9968479117415288,0.0,0.0,1.000073291277861,1.0000938730750686,0.9999794201346877
IDBA-UD,18.0,0.08476035036904825,212969.0,212969.0,0.0,3977845.0,0.9832334612970833,34.0,0.9976957897080482,0.922165820642978,0.0,0.0,1.0000613397455154,1.0000844678462837,0.9999768738526478
MEGAHIT,13.0,0.18999045153629418,263586.0,263586.0,0.0,3986471.0,0.9853656137155784,27.0,0.999421197063816,0.9956361724500525,1.0,3.0,0.9999515862526028,1.0002689095192214,0.9996827620416884
metaSPAdes,11.0,0.18994373500405495,307964.0,307964.0,0.0,3981174.0,0.9840563149257837,23.0,0.9982510920308967,0.9710247349823321,0.0,0.0,0.9999806589714492,0.999982166064583,0.9999984928799883
SKESA,14.0,0.0977828927025069,269493.0,263164.0,0.0,3971432.0,0.9816483125073999,26.0,1.0,1.0,0.0,0.0,1.0,1.0,1.0
SPAdes,11.0,0.19005298742336574,315090.0,315090.0,0.0,3981330.0,0.9840948746031876,22.0,0.9999946739543819,0.9999107824075214,0.0,0.0,0.999921634227758,0.9999226389171457,0.9999989952328824
Unicycler,11.0,0.18991778137503315,314937.0,314937.0,0.0,3975910.0,0.9827551729908245,20.0,0.9999805077491274,0.9996124865446717,0.0,0.0,1.0000002515147475,1.0000002515147475,1.0
