Assembler Type,Ns,basepairs,contigs,filtered_Ns,filtered_basepairs,filtered_contigs,filtered_mapped_reads,filtered_n50,mapped_reads,max_contig,misassembled contigs,misassembly events,n50
Metagenomic,0.0,14157309.0,767.0,0.0,13672885.0,184.0,97.18295816622955,196786.0,97.28649121627464,917728.0,0.0,0.0,193256.0
Genomic,0.0,16214591.0,36.0,0.0,13315624.0,21.0,96.40605627732344,351027.0,96.9745352495514,847572.0,0.0,0.0,351027.0
