Assembler,L90,LSA,NA50,NG50,Ns,basepairs,breadth_of_coverage,contigs,identity,lowest_identity,misassembled contigs,misassembly events,multiplicity,parsimony,validity
GATBMiniaPipeline,10.0,0.2113638748512035,351186.0,351186.0,0.0,2954741.0,0.987434257180496,19.0,1.0,1.0,0.0,0.0,1.0000592608222936,1.0000592608222936,1.0
IDBA-UD,13.0,0.15650717732130887,254629.0,254629.0,0.0,2916725.0,0.9747298270050683,25.0,0.9998330000083575,0.9958391123439667,0.0,0.0,0.9999149731291088,0.9999149731291088,1.0
MEGAHIT,8.0,0.2113033871128367,447852.0,447852.0,0.0,2960744.0,0.9894403781385951,19.0,0.992978034514649,0.8721568627450981,0.0,0.0,0.9997875533987404,0.9998530774697171,0.9999344663006463
metaSPAdes,6.0,0.3066915479580877,475510.0,475510.0,0.0,2961206.0,0.9895947722553103,13.0,0.998881065981605,0.988909426987061,0.0,0.0,1.0000817234599686,1.0000827365607121,0.9999989869830701
SKESA,11.0,0.21121014910728786,351014.0,351014.0,0.0,2911821.0,0.9730909769003677,19.0,1.0,1.0,0.0,0.0,1.0,1.0,1.0
SPAdes,10.0,0.181479590234004,255092.0,255092.0,0.0,2957750.0,0.9884398240575443,20.0,0.9999086748576277,0.9982316534040672,0.0,0.0,1.0001369284084185,1.0001369284084185,1.0
Unicycler,9.0,0.21122852935927777,350996.0,350996.0,0.0,2953581.0,0.9870466009567088,16.0,0.9982525230084409,0.9725,0.0,0.0,1.0000362272102916,1.000050447236761,0.9999857806908553
