Assembler,L90,LSA,NA50,NG50,Ns,basepairs,breadth_of_coverage,contigs,identity,lowest_identity,misassembled contigs,misassembly events,multiplicity,parsimony,validity
GATBMiniaPipeline,0.0,1.0564650851987971,3162.0,3162.0,0.0,2993.0,1.0,1.0,1.0,1.0,0.0,0.0,1.047778149014367,1.047778149014367,1.0
IDBA-UD,1.0,0.5639826261276312,1688.0,1688.0,0.0,2757.0,0.9211493484797861,2.0,1.0,1.0,0.0,0.0,1.0359085963003265,1.0359085963003265,1.0
MEGAHIT,0.0,1.047109923154026,3134.0,3134.0,0.0,2993.0,1.0,1.0,1.0,1.0,0.0,0.0,1.047109923154026,1.047109923154026,1.0
metaSPAdes,0.0,1.2886735716672235,3857.0,3857.0,0.0,2993.0,1.0,1.0,1.0,1.0,0.0,0.0,1.2886735716672235,1.2886735716672235,1.0
SKESA,0.0,0.9295021717340461,2782.0,2782.0,0.0,2782.0,0.9295021717340461,1.0,1.0,1.0,0.0,0.0,1.0,1.0,1.0
SPAdes,0.0,0.0,0.0,0.0,0.0,0.0,0.0,0.0,0.0,0.0,0.0,0.0,0.0,0.0,0.0
Unicycler,0.0,1.0,2993.0,2993.0,0.0,2993.0,1.0,1.0,1.0,1.0,0.0,0.0,1.0,1.0,1.0
