Assembler,L90,LSA,NA50,NG50,Ns,basepairs,breadth_of_coverage,contigs,identity,lowest_identity,misassembled contigs,misassembly events,multiplicity,parsimony,validity
GATBMiniaPipeline,24.0,0.1529362434621411,112739.0,108199.0,0.0,2679055.0,0.9853886669756288,41.0,1.0,1.0,0.0,0.0,1.0009503350995033,1.0009503350995033,1.0
IDBA-UD,42.0,0.06690243418003664,53248.0,51887.0,0.0,2661504.0,0.9789331979785051,72.0,0.9938421315932511,0.5717791411042945,0.0,0.0,1.0005237640071178,1.0013109129274276,0.9992138816124471
MEGAHIT,19.0,0.15285054325837324,126941.0,126941.0,0.0,2681132.0,0.9861526125688728,37.0,0.9988218969794183,0.9733218588640276,1.0,3.0,0.9999048909192088,1.0000458761448523,0.9998590212419184
metaSPAdes,13.0,0.17271092181051795,204472.0,204472.0,0.0,2682662.0,0.9867153649798807,23.0,0.9996892331571601,0.9947121034077556,0.0,0.0,0.9999742792793128,0.9999776341559242,0.9999966450483523
SKESA,38.0,0.06682887177336894,73147.0,63469.0,0.0,2661968.0,0.9791038627619741,63.0,0.9999996655918789,0.9999789322883749,0.0,0.0,1.0000180317719822,1.0000180317719822,1.0
SPAdes,11.0,0.18643104627811002,280950.0,280950.0,0.0,2678585.0,0.9852157953199597,21.0,0.9999483833665134,0.9997631641272599,0.0,0.0,0.9999018138308099,0.9999018138308099,1.0
Unicycler,5.0,0.4796780173460155,394879.0,394879.0,0.0,2678241.0,0.9850892679804912,16.0,0.9999992185811114,0.9999900297191066,0.0,0.0,0.9998678236947309,0.9998678236947309,1.0
