Assembler Type,Type,Ns,basepairs,contigs,filtered_Ns,filtered_basepairs,filtered_contigs,filtered_mapped_reads,filtered_n50,mapped_reads,max_contig,misassembled contigs,misassembly events,n50
Metagenomic,Best,0.0,15514698.0,693.0,0.0,13704539.0,139.0,99.68686805587961,239185.0,99.79800262381985,1080013.0,1.0,2.0,220609.0
Metagenomic,Worst,0.0,13910838.0,6700.0,0.0,13642314.0,261.0,98.8071711080772,108043.0,99.69487724593913,585610.0,2.0,3.0,105808.0
Genomic,Best,0.0,15606257.0,185.0,0.0,13640340.0,112.0,99.59185535406934,242687.0,99.7139092641346,847534.0,0.0,0.0,242687.0
Genomic,Worst,0.0,8202941.0,9514.0,0.0,4470092.0,1433.0,91.7664250905952,7385.0,95.10132973879378,59272.0,12.0,23.0,1155.0
