Assembler,L90,LSA,NA50,NG50,Ns,basepairs,breadth_of_coverage,contigs,identity,lowest_identity,misassembled contigs,misassembly events,multiplicity,parsimony,validity
GATBMiniaPipeline,100.0,0.027645121094951687,59575.0,59530.0,0.0,4625731.0,0.9706840971882099,184.0,0.9998320645830351,0.9901215805471124,0.0,0.0,1.001596936786856,1.0016012604278113,0.9999956832712515
IDBA-UD,283.0,0.0189634354394584,19013.0,18446.0,0.0,4520157.0,0.9485299764932218,439.0,0.99415538150649,0.46293053123175715,6.0,10.0,1.004381042516886,1.0112681926756084,0.9931895908438488
MEGAHIT,55.0,0.059565403696704225,74104.0,74550.0,0.0,4662851.0,0.9784735241323246,141.0,0.9979794559669986,0.8633633633633634,3.0,5.0,1.0005481624868562,1.0006719065224259,0.9998763390530272
metaSPAdes,39.0,0.11712868124917898,107748.0,107748.0,0.0,4666787.0,0.9792994719893299,86.0,0.9995152440254389,0.9874723655121592,1.0,3.0,0.9998997168715864,0.9998997168715864,1.0
SKESA,70.0,0.027602732510826927,62623.0,66235.0,0.0,4575062.0,0.9600514874405983,180.0,0.9950550872540534,0.6552621792487914,2.0,4.0,1.0056663712972633,1.0119840998876082,0.9937570871014214
SPAdes,45.0,0.09487572380605838,98812.0,96999.0,0.0,4643850.0,0.9744862692464107,84.0,0.9997884850066031,0.9909936955869109,0.0,0.0,1.0000947489690666,1.0001311411867309,0.9999636125542286
Unicycler,35.0,0.11707097401831607,124073.0,119183.0,0.0,4629000.0,0.9713700787798132,72.0,0.9997709761889391,0.9927631578947368,0.0,0.0,1.00000194426442,1.00000194426442,1.0
