Assembler,L90,LSA,NA50,NG50,Ns,basepairs,breadth_of_coverage,contigs,identity,lowest_identity,misassembled contigs,misassembly events,multiplicity,parsimony,validity
GATBMiniaPipeline,14.0,0.09783282254119645,269695.0,263366.0,0.0,3979577.0,0.9836615725872332,28.0,1.0,1.0,0.0,0.0,1.0,1.0,1.0
IDBA-UD,19.0,0.0847363741593805,252653.0,212969.0,0.0,3976292.0,0.98284959476498,38.0,0.9981533280491511,0.9300986842105263,0.0,0.0,1.0000246460773001,1.000038729550043,0.9999859170726825
MEGAHIT,14.0,0.09791043625084257,264135.0,264135.0,0.0,3989275.0,0.9860586991991699,27.0,0.9981596678712408,0.9538606403013182,0.0,0.0,0.9999844577795581,1.0000080217911957,0.9999764361773864
metaSPAdes,9.0,0.2552934898164139,343843.0,343843.0,0.0,3987932.0,0.9857267399251102,18.0,0.9996381347921433,0.9943875866622648,0.0,0.0,0.9992973801960515,0.9992973801960515,1.0
SKESA,17.0,0.0977828927025069,256909.0,256909.0,0.0,3967464.0,0.9806675125077954,30.0,1.0,1.0,0.0,0.0,1.0,1.0,1.0
SPAdes,11.0,0.19004779669756136,315046.0,315046.0,0.0,3982668.0,0.984425597990151,22.0,0.9994617464656081,0.9896401308615049,0.0,0.0,0.9993373788626116,0.9993373788626116,1.0
Unicycler,12.0,0.18989998460084678,294271.0,294271.0,0.0,3973744.0,0.9822197867007179,22.0,1.0,1.0,0.0,0.0,0.9999997483481573,0.9999997483481573,1.0
