Assembler,L90,LSA,NA50,NG50,Ns,basepairs,breadth_of_coverage,contigs,identity,lowest_identity,misassembled contigs,misassembly events,multiplicity,parsimony,validity
GATBMiniaPipeline,11.0,0.2112776547600508,351140.0,351140.0,0.0,2951180.0,0.9862442194107491,19.0,0.9999786780383795,0.9995735607675906,0.0,0.0,1.0000102894384744,1.0000102894384744,1.0
IDBA-UD,13.0,0.19577207418136028,254629.0,254629.0,0.0,2952356.0,0.9866372226169335,26.0,0.999890598404017,0.9972260748959778,0.0,0.0,0.9999132895897378,0.9999132895897378,1.0
MEGAHIT,8.0,0.21129737175764,447841.0,447841.0,0.0,2961173.0,0.9895837441041164,19.0,0.9994461409423087,0.9906498363721365,0.0,0.0,0.9996845781688919,0.9996974111770097,0.999987163107582
metaSPAdes,9.0,0.21125058566166569,351096.0,351096.0,0.0,2923230.0,0.9769037095358752,16.0,0.9995804744338066,0.9972363945578231,0.0,0.0,1.0000379716956929,1.0000379716956929,1.0
SKESA,12.0,0.21066575946198662,351009.0,351009.0,0.0,2910021.0,0.9724894413806978,24.0,1.0,1.0,0.0,0.0,1.0,1.0,1.0
SPAdes,10.0,0.18146488603241206,300425.0,300425.0,0.0,2916832.0,0.9747655849498487,16.0,0.99957976274365,0.9975409836065574,0.0,0.0,0.9997531568496232,0.9997531568496232,1.0
Unicycler,8.0,0.2434160266440133,350995.0,350995.0,0.0,2914588.0,0.9740156706686602,16.0,0.9981162089752177,0.9698593436034829,0.0,0.0,0.9999907362550041,1.0000051465249977,0.9999855898041689
