Assembler,L90,LSA,NA50,NG50,Ns,basepairs,breadth_of_coverage,contigs,identity,lowest_identity,misassembled contigs,misassembly events,multiplicity,parsimony,validity
GATBMiniaPipeline,53.0,0.0640082337313215,40446.0,40151.0,0.0,1798516.0,0.9439378838239825,89.0,1.0,1.0,0.0,0.0,1.0014189476212612,1.0014189476212612,1.0
IDBA-UD,56.0,0.06396519663491894,40069.0,37467.0,0.0,1790018.0,0.9394777710772868,88.0,0.9999663133309379,0.9970355731225297,0.0,0.0,1.000446364226505,1.000446364226505,1.0
MEGAHIT,35.0,0.06400928341659962,46932.0,52972.0,0.0,1807320.0,0.9485585984182292,81.0,0.9992919861089405,0.9753129959442779,3.0,6.0,0.9991930556293502,0.9994454332925987,0.9997474822988414
metaSPAdes,48.0,0.06391901048268203,46069.0,45077.0,0.0,1796429.0,0.9428425372362731,78.0,0.9998491205811961,0.9909245604083948,0.0,0.0,1.0004514511845444,1.0004514511845444,1.0
SKESA,56.0,0.06386022810710779,40164.0,39869.0,0.0,1776186.0,0.9322181476938677,86.0,1.0,1.0,0.0,0.0,1.0,1.0,1.0
SPAdes,76.0,0.06398094191409061,32241.0,29397.0,0.0,1792828.0,0.9409525788930334,109.0,0.999990454652405,0.9990482233502538,0.0,0.0,1.0014881516799157,1.0014881516799157,1.0
Unicycler,49.0,0.06386285232030306,45959.0,40306.0,0.0,1775427.0,0.9318197921308243,77.0,0.9999459177440699,0.995835666293393,0.0,0.0,0.9998563725796668,0.9998563725796668,1.0
