Assembler Type,Type,Ns,basepairs,contigs,filtered_Ns,filtered_basepairs,filtered_contigs,filtered_mapped_reads,filtered_n50,mapped_reads,max_contig,misassembled contigs,misassembly events,n50
Metagenomic,Best,1.0,0.9870367611135923,0.7243755383290267,1.0,0.9829925671609603,0.7920046349942063,1.0,1.0,1.0,1.0,0.8888888888888888,0.8333333333333334,1.0
Metagenomic,Worst,1.0,0.982032881364268,0.21533161068044793,1.0,0.973626364677953,0.25898030127462346,0.9852573444152096,0.27286252519791626,0.996453467104533,0.5647471121817806,0.0,0.0,0.26706648058974647
Genomic,Best,1.0,0.9837181075896997,0.5968992248062015,1.0,0.9783381605215463,0.7433371958285052,0.9916805190120218,0.8757056464287062,0.997247522387678,0.8198510620651879,1.0,1.0,0.8569638449191361
Genomic,Worst,1.0,0.9729912380967891,0.0,1.0,0.9640840846197353,0.0,0.9802426713315143,0.1809137047328078,0.9861530687410975,0.6079259977896546,0.4444444444444444,0.4722222222222222,0.17650066426107766
