Assembler Type,Ns,basepairs,contigs,filtered_Ns,filtered_basepairs,filtered_contigs,filtered_mapped_reads,filtered_n50,mapped_reads,max_contig,misassembled contigs,misassembly events,n50
Metagenomic,1.0,0.4574756175858747,0.0,1.0,0.44182206587110884,0.0,1.0,0.5606007515091431,1.0,1.0,1.0,1.0,0.5505445450065095
Genomic,1.0,0.5239540954871695,0.9530638852672751,1.0,0.43027762641482886,0.8858695652173914,0.992005780606336,1.0,0.9967934297678621,0.9235546915861781,1.0,1.0,1.0
