Assembler,L90,LSA,NA50,NG50,Ns,basepairs,breadth_of_coverage,contigs,identity,lowest_identity,misassembled contigs,misassembly events,multiplicity,parsimony,validity
GATBMiniaPipeline,0.3482142857142857,0.17541499468147176,0.1768982677025724,0.14797122812461902,1.0,0.9823064021362523,0.9913760942749694,0.37142857142857144,1.0,1.0,1.0,1.0,0.9993301318954946,0.9993301318954946,1.0
IDBA-UD,0.38392857142857145,0.17541306593142716,0.14753898500448867,0.14753898500448867,1.0,0.9805177322181272,0.9895709094634669,0.4228571428571429,0.9999782105735441,0.9985418217920079,1.0,1.0,0.9999943731966094,0.9999943731966094,1.0
MEGAHIT,0.125,0.3500806699706155,0.5037599609872876,0.5907599720704445,1.0,0.9862110946821736,0.9953168390742516,0.22857142857142856,0.9995092996729467,0.9926850712150519,0.0,0.0,0.9998511910866817,0.9996229428286598,0.9994743321221846
metaSPAdes,0.07142857142857142,1.0,1.0,1.0,1.0,0.9862677377353077,0.9953740051159895,0.10857142857142857,0.9997323481242683,0.9964028776978417,1.0,1.0,0.9999735217392116,0.9999735217392116,1.0
SKESA,0.38392857142857145,0.16939440141724557,0.14698482715816774,0.14698482715816774,1.0,0.9754470755265229,0.9844534351037358,0.41714285714285715,0.9999997114012106,0.9999789322883749,1.0,1.0,0.9999819006299335,0.9999819006299335,1.0
SPAdes,0.125,0.5540276640618897,0.5941458765114656,0.5941458765114656,1.0,0.9822295294212845,0.9912985117897536,0.13714285714285715,0.9969268597535255,0.9349904397705545,1.0,1.0,0.999986893673239,0.9999861447402814,0.999973038787075
Unicycler,0.125,0.8109583862534128,0.6186147162157669,0.45445376661088144,1.0,0.9821401510971833,0.9912083082303881,0.14285714285714285,0.9999913158361374,0.999787657085497,1.0,1.0,0.9999662949498974,0.9999662949498974,1.0
