Assembler Type,Type,Ns,basepairs,contigs,filtered_Ns,filtered_basepairs,filtered_contigs,filtered_mapped_reads,filtered_n50,mapped_reads,max_contig,misassembled contigs,misassembly events,n50
Metagenomic,Best,1.0,0.4574756175858746,0.9752899484536083,1.0,0.44182206587110884,0.8794233289646134,1.0,0.5606007515091431,1.0,1.0,1.0,1.0,0.5505445450065095
Metagenomic,Worst,1.0,0.4407072741171748,0.9323775773195876,1.0,0.4364834157640711,0.5006553079947575,0.996111946779321,0.26129613961319215,0.9988116587155778,0.6888893005334914,0.6,0.4,0.2592022835850234
Genomic,Best,1.0,0.5239540954871695,0.998840206185567,1.0,0.4302776264148289,0.9862385321100917,0.992005780606336,1.0,0.9967934297678621,0.9235546915861781,1.0,1.0,1.0
Genomic,Worst,1.0,0.09555367123360003,0.0,1.0,0.09533823552173948,0.0,0.7931584685144951,0.19759448703376092,0.9480087096031734,0.2872801091390913,0.0,0.0,0.13240576935677312
