Assembler Type,Ns,basepairs,contigs,filtered_Ns,filtered_basepairs,filtered_contigs,filtered_mapped_reads,filtered_n50,mapped_reads,max_contig,misassembled contigs,misassembly events,n50
Metagenomic,1.0,0.8990332277998863,0.0,1.0,0.6072604710819969,0.0,1.0,0.8213551641986266,1.0,0.9064827299827883,1.0,1.0,0.3201795362887529
Genomic,1.0,0.9538164903289659,0.9697461629279811,1.0,0.6332140277698475,0.7611940298507462,0.9773509099944305,1.0,0.9792045143045561,1.0,1.0,1.0,1.0
