Assembler Type,Type,Ns,basepairs,contigs,filtered_Ns,filtered_basepairs,filtered_contigs,filtered_mapped_reads,filtered_n50,mapped_reads,max_contig,misassembled contigs,misassembly events,n50
Metagenomic,Best,1.0,0.501337934293045,0.9271599747740172,1.0,0.44284492503163597,0.9030006978367062,1.0,0.9855698904350048,1.0,1.0,0.9166666666666666,0.9130434782608696,0.9090268535191419
Metagenomic,Worst,1.0,0.44951121750518075,0.295774647887324,1.0,0.4408342024921843,0.8178646196789952,0.9911753978737771,0.44519483944339827,0.9989666588992823,0.5422249546996194,0.8333333333333334,0.8695652173913043,0.4359854462744193
Genomic,Best,1.0,0.5042965481136903,0.9805549716207694,1.0,0.44077041516726867,0.9218422889043963,0.9990468884852816,1.0,0.999157364301145,0.784744257708009,1.0,1.0,1.0
Genomic,Worst,1.0,0.26506771166720255,0.0,1.0,0.14444539554555724,0.0,0.9205467769250751,0.030430142529266093,0.9529382075638348,0.05488082087900794,0.0,0.0,0.004759216604103228
