Assembler Type,Ns,basepairs,contigs,filtered_Ns,filtered_basepairs,filtered_contigs,filtered_mapped_reads,filtered_n50,mapped_reads,max_contig,misassembled contigs,misassembly events,n50
Metagenomic,1.0,0.9870367611135923,0.3162393162393162,1.0,0.9829925671609603,0.18961625282167038,1.0,1.0,1.0,1.0,0.0,0.0,1.0
Genomic,1.0,0.9837181075896997,0.0,1.0,0.9783381605215463,0.0,0.9916805190120218,0.8757056464287062,0.997247522387678,0.8198510620651879,1.0,1.0,0.8569638449191361
