Assembler,L90,LSA,NA50,NG50,Ns,basepairs,breadth_of_coverage,contigs,identity,lowest_identity,misassembled contigs,misassembly events,multiplicity,parsimony,validity
GATBMiniaPipeline,0.29464285714285715,0.34401784610115965,0.2458188873605958,0.2458188873605958,1.0,0.9844205857038819,0.9983527544921571,0.3045977011494253,0.9999846574560899,0.999482936918304,1.0,1.0,0.999264316589717,0.999264316589717,1.0
IDBA-UD,1.0,0.08747657461401623,0.07171057431692955,0.07139440680759991,1.0,0.9800859208909879,0.9939567426466118,1.0,0.9993763435776938,0.9585853885528153,1.0,1.0,0.996221250316178,0.9960347334234518,0.9998142197753891
MEGAHIT,0.13392857142857142,0.49432796491661996,0.3046584715327639,0.4087127118254755,1.0,0.9860448436431046,1.0,0.2471264367816092,0.9884586332490771,0.5799056048614697,0.0,0.0,0.9994550213571198,0.9861166597471911,0.9868442836760658
metaSPAdes,0.26785714285714285,0.2686701515396543,0.20548726277303225,0.20548726277303225,1.0,0.9834940671919022,0.9974131232796897,0.28160919540229884,0.9994949234320045,0.9840564558285415,1.0,1.0,0.9997094136513502,0.9996720151508804,0.99996261376165
SKESA,0.375,0.21605221601773195,0.1436319269734122,0.1433508891873414,1.0,0.9767333142071076,0.9905566876638247,0.39655172413793105,1.0,1.0,1.0,1.0,0.9999755227124751,0.9999755227124751,1.0
SPAdes,0.26785714285714285,0.3676215979680559,0.1989234090964365,0.1989234090964365,1.0,0.9831435423241307,0.9970576375530198,0.27586206896551724,0.9999894495492737,0.9997692573933777,0.6666666666666667,0.5,0.9995701380234805,0.9995701380234805,1.0
Unicycler,0.07142857142857142,1.0,1.0,1.0,1.0,0.9829070391866941,0.9968177872673444,0.13793103448275862,0.999999530037147,0.9999891908543819,0.6666666666666667,0.6666666666666667,0.9998458261547696,0.9998458261547696,1.0
