Assembler Type,Type,Ns,basepairs,contigs,filtered_Ns,filtered_basepairs,filtered_contigs,filtered_mapped_reads,filtered_n50,mapped_reads,max_contig,misassembled contigs,misassembly events,n50
Metagenomic,Best,1.0,0.9887723321476453,0.7104261796042618,1.0,0.9829425454897498,0.7089314194577352,1.0,0.8527606610895736,1.0,0.7038450771738088,0.9230769230769231,0.9545454545454546,0.8527606610895736
Metagenomic,Worst,1.0,0.9826263555331642,0.3040334855403348,1.0,0.974127744684737,0.0,0.9863316662232169,0.2578167720873291,0.9958503570675098,0.35917783529862907,0.0,0.0,0.25180167312793306
Genomic,Best,1.0,0.9908970898794106,0.7503805175038052,1.0,0.9808766957079952,0.733652312599681,0.9963102121705886,1.0,0.9964342659788687,1.0,1.0,1.0,1.0
Genomic,Worst,1.0,0.9774626197066578,0.0,1.0,0.9715065186348336,0.2894736842105263,0.9857067595380767,0.30254233829830646,0.9888876325530108,0.4847190106413575,0.3076923076923077,0.18181818181818177,0.30132217914711285
