Assembler Type,Ns,basepairs,contigs,filtered_Ns,filtered_basepairs,filtered_contigs,filtered_mapped_reads,filtered_n50,mapped_reads,max_contig,misassembled contigs,misassembly events,n50
Metagenomic,1.0,0.501337934293045,0.0,1.0,0.44284492503163597,0.0,1.0,0.9855698904350048,1.0,1.0,0.0,0.0,0.9090268535191419
Genomic,1.0,0.5042965481136902,0.733044733044733,1.0,0.44077041516726867,0.19424460431654678,0.9990468884852816,1.0,0.999157364301145,0.784744257708009,1.0,1.0,1.0
