Assembler Type,Ns,basepairs,contigs,filtered_Ns,filtered_basepairs,filtered_contigs,filtered_mapped_reads,filtered_n50,mapped_reads,max_contig,misassembled contigs,misassembly events,n50
Metagenomic,1.0,0.060185150627434236,0.0,1.0,0.9876499789782958,0.0,1.0,0.78277018555667,1.0,1.0,0.0,0.0,0.5334493062520896
Genomic,1.0,0.9885729886788485,0.8341671298869743,1.0,0.9833754526791597,0.44152431011826543,0.9850686773512454,1.0,0.9985570949692015,0.7315918625952552,1.0,1.0,1.0
