Assembler,L90,LSA,NA50,NG50,Ns,basepairs,breadth_of_coverage,contigs,identity,lowest_identity,misassembled contigs,misassembly events,multiplicity,parsimony,validity
GATBMiniaPipeline,0.5714285714285714,0.3188310448502805,0.28550264764649425,0.2740054548355319,1.0,0.9853886669756288,0.9986554400069781,0.5694444444444444,1.0,1.0,1.0,1.0,0.9990496649004967,0.9990496649004967,1.0
IDBA-UD,1.0,0.13947362972811947,0.13484637066037952,0.1313997452384148,1.0,0.9789331979785051,0.9921130578507468,1.0,0.9938421315932511,0.5717791411042945,1.0,1.0,0.9994762359928822,0.9986890870725724,0.9992138816124471
MEGAHIT,0.4523809523809524,0.31865238291317105,0.3214680952899496,0.3214680952899496,1.0,0.9861526125688728,0.9994296709760678,0.5138888888888888,0.9988218969794183,0.9733218588640276,0.0,0.0,0.9999048909192088,0.9999541238551477,0.9998590212419184
metaSPAdes,0.30952380952380953,0.36005594495678755,0.5178092529610336,0.5178092529610336,1.0,0.9867153649798807,1.0,0.3194444444444444,0.9996892331571601,0.9947121034077556,1.0,1.0,0.9999742792793128,0.9999776341559242,0.9999966450483523
SKESA,0.9047619047619048,0.1393202718421886,0.1852390225866658,0.1607302490129888,1.0,0.9791038627619741,0.9922860203782661,0.875,0.9999996655918789,0.9999789322883749,1.0,1.0,0.9999819682280178,0.9999819682280178,1.0
SPAdes,0.2619047619047619,0.3886587242617543,0.7114837709779451,0.7114837709779451,1.0,0.9852157953199597,0.9984802408950513,0.2916666666666667,0.9999483833665134,0.9997631641272599,1.0,1.0,0.9999018138308099,0.9999018138308099,1.0
Unicycler,0.11904761904761904,1.0,1.0,1.0,1.0,0.9850892679804912,0.9983520100556835,0.2222222222222222,0.9999992185811114,0.9999900297191066,1.0,1.0,0.9998678236947309,0.9998678236947309,1.0
