Assembler Type,Type,Ns,basepairs,contigs,filtered_Ns,filtered_basepairs,filtered_contigs,filtered_mapped_reads,filtered_n50,mapped_reads,max_contig,misassembled contigs,misassembly events,n50
Metagenomic,Best,1.0,0.8990332277998863,0.8128900425249903,1.0,0.6072604710819969,0.879375875175035,1.0,0.8213551641986266,1.0,0.9064827299827883,1.0,1.0,0.3201795362887529
Metagenomic,Worst,1.0,0.5534168275163913,0.27425857403214227,1.0,0.4488807764164753,0.3214642928585717,0.9932251147323244,0.34250089534575917,0.9941983687505817,0.6405661078492786,0.9947552447552448,0.9939024390243902,0.014302175300914032
Genomic,Best,1.0,0.9538164903289659,0.9943392058319986,1.0,0.6332140277698475,0.9711942388477696,0.9773509099944305,1.0,0.9792045143045561,1.0,1.0,1.0,1.0
Genomic,Worst,1.0,0.28496654574541613,0.0,1.0,0.18746619780720897,0.0,0.6472386709964758,0.008361750829168029,0.8747451848435568,0.03439375332524069,0.0,0.0,0.005570607745130097
