Assembler Type,Type,Ns,basepairs,contigs,filtered_Ns,filtered_basepairs,filtered_contigs,filtered_mapped_reads,filtered_n50,mapped_reads,max_contig,misassembled contigs,misassembly events,n50
Metagenomic,Best,1.0,0.9398148493725658,0.9124489001362663,1.0,0.9876499789782958,0.7132629992464206,1.0,0.78277018555667,1.0,1.0,0.9333333333333333,0.9375,0.5334493062520896
Metagenomic,Worst,1.0,0.4177699466503366,0.0,1.0,0.9652569441664116,0.0,0.981580946277468,0.15219617184887999,0.9859858017605061,0.25155016548643727,0.0,0.0,0.10966754429956536
Genomic,Best,1.0,0.9885729886788485,0.9854811498280449,1.0,0.9833754526791597,0.8398643556895252,0.9850686773512454,1.0,0.9985570949692015,0.7315918625952552,1.0,1.0,1.0
Genomic,Worst,1.0,0.4962496833657295,0.35404905586918434,1.0,0.9497767233588634,0.22795779954785234,0.9719155376169296,0.40679329655633567,0.9635706972848685,0.3700021312961349,0.4,0.4375,0.27839769307923773
