Assembler Type,Ns,basepairs,contigs,filtered_Ns,filtered_basepairs,filtered_contigs,filtered_mapped_reads,filtered_n50,mapped_reads,max_contig,misassembled contigs,misassembly events,n50
Metagenomic,1.0,0.9887723321476453,0.0,1.0,0.9829425454897498,0.0,1.0,0.8527606610895736,1.0,0.7038450771738088,0.0,0.0,0.8527606610895736
Genomic,1.0,0.9908970898794106,0.13797634691195793,1.0,0.9808766957079952,0.08493150684931505,0.9963102121705886,1.0,0.9964342659788687,1.0,1.0,1.0,1.0
