Assembler,L90,LSA,NA50,NG50,Ns,basepairs,breadth_of_coverage,contigs,identity,lowest_identity,misassembled contigs,misassembly events,multiplicity,parsimony,validity
GATBMiniaPipeline,0.21238938053097345,0.3188310448502805,0.28550264764649425,0.2740054548355319,1.0,0.9853886669756288,0.9964620558089123,0.2342857142857143,1.0,1.0,1.0,1.0,0.9990496649004967,0.9990496649004967,1.0
IDBA-UD,0.37168141592920356,0.13947362972811947,0.13484637066037952,0.1313997452384148,1.0,0.9789331979785051,0.9899340429306764,0.4114285714285714,0.9938421315932511,0.5717791411042945,1.0,1.0,0.9994762359928822,0.9986890870725724,0.9992138816124471
MEGAHIT,0.168141592920354,0.31865238291317105,0.3214680952899496,0.3214680952899496,1.0,0.9861526125688728,0.9972345863056415,0.21142857142857144,0.9988218969794183,0.9733218588640276,0.0,0.0,0.9999048909192088,0.9999541238551477,0.9998590212419184
metaSPAdes,0.11504424778761062,0.36005594495678755,0.5178092529610336,0.5178092529610336,1.0,0.9867153649798807,0.9978036626946623,0.13142857142857142,0.9996892331571601,0.9947121034077556,1.0,1.0,0.9999742792793128,0.9999776341559242,0.9999966450483523
SKESA,0.336283185840708,0.1393202718421886,0.1852390225866658,0.1607302490129888,1.0,0.9791038627619741,0.9901066255741442,0.36,0.9999996655918789,0.9999789322883749,1.0,1.0,0.9999819682280178,0.9999819682280178,1.0
SPAdes,0.09734513274336283,0.3886587242617543,0.7114837709779451,0.7114837709779451,1.0,0.9852157953199597,0.9962872414933308,0.12,0.9999483833665134,0.9997631641272599,1.0,1.0,0.9999018138308099,0.9999018138308099,1.0
Unicycler,0.04424778761061947,1.0,1.0,1.0,1.0,0.9850892679804912,0.9961592922921393,0.09142857142857143,0.9999992185811114,0.9999900297191066,1.0,1.0,0.9998678236947309,0.9998678236947309,1.0
