{"sample_id":"LNN","ReferenceTables":{"Bacillus_subtilis":{"assembler":"SPAdes","contiguity":0.17510419146165154,"multiplicity":1.0000483450263669,"validity":1.0000740302229645,"parsimony":0.9999743167047425,"identity":0.9999905491024725,"lowest_identity":0.9998302711418509,"breadth_of_coverage":0.9816535032332042,"L90":14,"aligned_contigs":30,"NA50":263197,"NG50":263197,"aligned_basepairs":3971453,"Ns":0},"Enterococcus_faecalis":{"assembler":"SPAdes","contiguity":0.2648784420564899,"multiplicity":1.0001367638198952,"validity":1.0,"parsimony":1.0001367638198952,"identity":0.9998977389660814,"lowest_identity":0.9982718894009217,"breadth_of_coverage":0.9893441747217958,"L90":9,"aligned_contigs":20,"NA50":336624,"NG50":336624,"aligned_basepairs":2815072,"Ns":0},"Escherichia_coli_plasmid":{"assembler":"SPAdes","contiguity":0.48214204550619505,"multiplicity":1.0,"validity":1.0,"parsimony":1.0,"identity":1.0,"lowest_identity":1.0,"breadth_of_coverage":0.9786559037152182,"L90":2,"aligned_contigs":3,"NA50":28182,"NG50":28182,"aligned_basepairs":107659,"Ns":0},"Escherichia_coli":{"assembler":"SPAdes","contiguity":0.09312310274363259,"multiplicity":1.0001643770771063,"validity":1.0,"parsimony":1.0001643770771063,"identity":0.9999998873567594,"lowest_identity":0.9999890736056555,"breadth_of_coverage":0.9663894201451536,"L90":47,"aligned_contigs":97,"NA50":124139,"NG50":119292,"aligned_basepairs":4605265,"Ns":0},"Lactobacillus_fermentum":{"assembler":"SPAdes","contiguity":0.06392006016796015,"multiplicity":1.000320055051703,"validity":1.0,"parsimony":1.000320055051703,"identity":1.0,"lowest_identity":1.0,"breadth_of_coverage":0.9396346990263644,"L90":47,"aligned_contigs":76,"NA50":46123,"NG50":45008,"aligned_basepairs":1790317,"Ns":0},"Listeria_monocytogenes":{"assembler":"SPAdes","contiguity":0.2114163421159747,"multiplicity":1.000009925092928,"validity":1.0003019478718838,"parsimony":0.9997080653700844,"identity":0.998707435098531,"lowest_identity":0.9866666666666667,"breadth_of_coverage":0.9764548972009216,"L90":7,"aligned_contigs":16,"NA50":537635,"NG50":537635,"aligned_basepairs":2921887,"Ns":0},"Pseudomonas_aeruginosa":{"assembler":"SPAdes","contiguity":0.03881510468425415,"multiplicity":1.000448181320672,"validity":1.000042102954159,"parsimony":1.000406061270134,"identity":0.9999231240548093,"lowest_identity":0.9937943262411347,"breadth_of_coverage":0.9821971252869045,"L90":73,"aligned_contigs":155,"NA50":93228,"NG50":93086,"aligned_basepairs":6671407,"Ns":0},"Salmonella_enterica":{"assembler":"SPAdes","contiguity":0.1018035416175569,"multiplicity":1.0052366487860573,"validity":0.9974570894533341,"parsimony":1.007799392490144,"identity":0.9975717643099781,"lowest_identity":0.816102418847226,"breadth_of_coverage":0.9752411158074401,"L90":43,"aligned_contigs":85,"NA50":112027,"NG50":103636,"aligned_basepairs":4641900,"Ns":0},"Staphylococcus_aureus":{"assembler":"SPAdes","contiguity":0.2113058062807583,"multiplicity":1.000020592764601,"validity":0.9999985023774758,"parsimony":1.0000220904202084,"identity":0.9999689270202616,"lowest_identity":0.999717664773975,"breadth_of_coverage":0.9823674589337865,"L90":14,"aligned_contigs":22,"NA50":204412,"NG50":204412,"aligned_basepairs":2670841,"Ns":0},"Staphylococcus_aureus_plasmid1":{"assembler":"SPAdes","contiguity":1.0086791857345747,"multiplicity":1.0086791857345747,"validity":1.0,"parsimony":1.0086791857345747,"identity":1.0,"lowest_identity":1.0,"breadth_of_coverage":1.0,"L90":0,"aligned_contigs":1,"NA50":6392,"NG50":6392,"aligned_basepairs":6337,"Ns":0},"Staphylococcus_aureus_plasmid2":{"assembler":"SPAdes","contiguity":0.944043321299639,"multiplicity":1.0,"validity":1.0,"parsimony":1.0,"identity":1.0,"lowest_identity":1.0,"breadth_of_coverage":0.944043321299639,"L90":0,"aligned_contigs":1,"NA50":2092,"NG50":2092,"aligned_basepairs":2092,"Ns":0},"Staphylococcus_aureus_plasmid3":{"assembler":"SPAdes","contiguity":0.983962579351821,"multiplicity":1.0,"validity":1.0,"parsimony":1.0,"identity":1.0,"lowest_identity":1.0,"breadth_of_coverage":0.983962579351821,"L90":0,"aligned_contigs":1,"NA50":2945,"NG50":2945,"aligned_basepairs":2945,"Ns":0}}}