{"sample_id":"LNN","ReferenceTables":{"Bacillus_subtilis":{"assembler":"Unicycler","contiguity":0.18994472371373197,"multiplicity":1.0,"validity":1.0002247272658766,"parsimony":0.9997753232251206,"identity":0.9997376577861974,"lowest_identity":0.9981419546636938,"breadth_of_coverage":0.3674490079163512,"L90":0,"aligned_contigs":8,"NA50":768201,"NG50":0,"aligned_basepairs":1486580,"Ns":0},"Enterococcus_faecalis":{"assembler":"Unicycler","contiguity":0.31019346367741246,"multiplicity":1.0,"validity":0.9999985803601342,"parsimony":1.0000014196418812,"identity":0.9999985099979207,"lowest_identity":0.9999766408353238,"breadth_of_coverage":0.9902368461006428,"L90":8,"aligned_contigs":21,"NA50":336514,"NG50":336514,"aligned_basepairs":2817612,"Ns":0},"Escherichia_coli_plasmid":{"assembler":"Unicycler","contiguity":0.4811693801303553,"multiplicity":1.0,"validity":1.0,"parsimony":1.0,"identity":1.0,"lowest_identity":1.0,"breadth_of_coverage":0.9756924559346224,"L90":2,"aligned_contigs":3,"NA50":28073,"NG50":28073,"aligned_basepairs":107333,"Ns":0},"Escherichia_coli":{"assembler":"Unicycler","contiguity":0.10760530940099056,"multiplicity":1.0,"validity":1.0,"parsimony":1.0,"identity":0.9999988458341905,"lowest_identity":0.9998811209216371,"breadth_of_coverage":0.970732151573183,"L90":48,"aligned_contigs":103,"NA50":107740,"NG50":107740,"aligned_basepairs":4625960,"Ns":0},"Lactobacillus_fermentum":{"assembler":"Unicycler","contiguity":0.06386285232030306,"multiplicity":1.0,"validity":1.0,"parsimony":1.0,"identity":1.0,"lowest_identity":1.0,"breadth_of_coverage":0.9333334383018611,"L90":51,"aligned_contigs":80,"NA50":44315,"NG50":40168,"aligned_basepairs":1778311,"Ns":0},"Listeria_monocytogenes":{"assembler":"Unicycler","contiguity":0.21123053447767667,"multiplicity":1.0,"validity":1.0000699363031123,"parsimony":0.9999300685876322,"identity":0.9995165189363416,"lowest_identity":0.9917808219178083,"breadth_of_coverage":0.9748698511065914,"L90":8,"aligned_contigs":17,"NA50":475179,"NG50":475179,"aligned_basepairs":2917144,"Ns":0},"Pseudomonas_aeruginosa":{"assembler":"Unicycler","contiguity":0.06897471118158276,"multiplicity":1.0000045546644318,"validity":0.9997219187540919,"parsimony":1.000282714527948,"identity":0.9996906192744233,"lowest_identity":0.9943617819024475,"breadth_of_coverage":0.4525357277988555,"L90":0,"aligned_contigs":28,"NA50":217937,"NG50":0,"aligned_basepairs":3073772,"Ns":0},"Salmonella_enterica":{"assembler":"Unicycler","contiguity":0.08022549942791064,"multiplicity":1.0,"validity":1.0001339920955417,"parsimony":0.9998660258559346,"identity":0.999969526112923,"lowest_identity":0.998849252013809,"breadth_of_coverage":0.9769746116704546,"L90":26,"aligned_contigs":66,"NA50":190506,"NG50":190506,"aligned_basepairs":4650151,"Ns":0},"Staphylococcus_aureus":{"assembler":"Unicycler","contiguity":0.34935375425742426,"multiplicity":1.0,"validity":1.0,"parsimony":1.0,"identity":1.0,"lowest_identity":1.0,"breadth_of_coverage":0.9824818484761547,"L90":12,"aligned_contigs":24,"NA50":224543,"NG50":224543,"aligned_basepairs":2671152,"Ns":0},"Staphylococcus_aureus_plasmid1":{"assembler":"Unicycler","contiguity":1.0,"multiplicity":1.0,"validity":1.0,"parsimony":1.0,"identity":1.0,"lowest_identity":1.0,"breadth_of_coverage":1.0,"L90":0,"aligned_contigs":1,"NA50":6337,"NG50":6337,"aligned_basepairs":6337,"Ns":0},"Staphylococcus_aureus_plasmid2":{"assembler":"Unicycler","contiguity":1.0,"multiplicity":1.0,"validity":1.0,"parsimony":1.0,"identity":1.0,"lowest_identity":1.0,"breadth_of_coverage":1.0,"L90":0,"aligned_contigs":1,"NA50":2216,"NG50":2216,"aligned_basepairs":2216,"Ns":0},"Staphylococcus_aureus_plasmid3":{"assembler":"Unicycler","contiguity":1.0,"multiplicity":1.0,"validity":1.0,"parsimony":1.0,"identity":1.0,"lowest_identity":1.0,"breadth_of_coverage":1.0,"L90":0,"aligned_contigs":1,"NA50":2993,"NG50":2993,"aligned_basepairs":2993,"Ns":0}}}