{"sample_id":"LNN","ReferenceTables":{"Bacillus_subtilis":{"assembler":"metaSPAdes","contiguity":0.2552934898164139,"multiplicity":1.0000090513187143,"validity":0.9997971426014614,"parsimony":1.0002119517132262,"identity":0.9997092897455757,"lowest_identity":0.994868533722863,"breadth_of_coverage":0.9831039403293935,"L90":11,"aligned_contigs":21,"NA50":294377,"NG50":294377,"aligned_basepairs":3977321,"Ns":0},"Enterococcus_faecalis":{"assembler":"metaSPAdes","contiguity":0.44098352705005145,"multiplicity":1.0001170213180928,"validity":1.0000007091376284,"parsimony":1.000116312097983,"identity":0.9998286368801068,"lowest_identity":0.9982718894009217,"breadth_of_coverage":0.991075746329504,"L90":6,"aligned_contigs":18,"NA50":376932,"NG50":376932,"aligned_basepairs":2819999,"Ns":0},"Escherichia_coli_plasmid":{"assembler":"metaSPAdes","contiguity":1.0003272519021518,"multiplicity":1.0003272519021518,"validity":1.0,"parsimony":1.0003272519021518,"identity":1.0,"lowest_identity":1.0,"breadth_of_coverage":1.0,"L90":0,"aligned_contigs":1,"NA50":110043,"NG50":110043,"aligned_basepairs":110007,"Ns":0},"Escherichia_coli":{"assembler":"metaSPAdes","contiguity":0.1171779947010073,"multiplicity":1.0001759105029069,"validity":1.0000019280379129,"parsimony":1.0001739821295499,"identity":0.9999202635037032,"lowest_identity":0.9975186104218362,"breadth_of_coverage":0.9793748061561655,"L90":36,"aligned_contigs":83,"NA50":125563,"NG50":125563,"aligned_basepairs":4667146,"Ns":0},"Lactobacillus_fermentum":{"assembler":"metaSPAdes","contiguity":0.06391901048268203,"multiplicity":1.0005360436413078,"validity":1.0000044553749643,"parsimony":1.000531585897929,"identity":0.9994307676616854,"lowest_identity":0.959,"breadth_of_coverage":0.9418983453286118,"L90":48,"aligned_contigs":80,"NA50":46069,"NG50":40650,"aligned_basepairs":1794630,"Ns":0},"Listeria_monocytogenes":{"assembler":"metaSPAdes","contiguity":0.21124757798406732,"multiplicity":1.0000376236106627,"validity":0.9999996579801608,"parsimony":1.000037965643487,"identity":0.9990261565146853,"lowest_identity":0.9917822290703646,"breadth_of_coverage":0.9770594403981898,"L90":8,"aligned_contigs":16,"NA50":476694,"NG50":476694,"aligned_basepairs":2923696,"Ns":0},"Pseudomonas_aeruginosa":{"assembler":"metaSPAdes","contiguity":0.12479429003007804,"multiplicity":1.0002090140971536,"validity":1.000000297255308,"parsimony":1.0002087167798035,"identity":0.9998154432237526,"lowest_identity":0.9962221382697394,"breadth_of_coverage":0.9903551505889732,"L90":26,"aligned_contigs":58,"NA50":239185,"NG50":229761,"aligned_basepairs":6726819,"Ns":0},"Salmonella_enterica":{"assembler":"metaSPAdes","contiguity":0.10182266028481352,"multiplicity":1.0001513906075614,"validity":0.9993799077055759,"parsimony":1.0007719615894186,"identity":0.9960906471419853,"lowest_identity":0.9058366478586625,"breadth_of_coverage":0.9658874654235752,"L90":43,"aligned_contigs":78,"NA50":120719,"NG50":120719,"aligned_basepairs":4597379,"Ns":0},"Staphylococcus_aureus":{"assembler":"metaSPAdes","contiguity":0.3813993776620396,"multiplicity":1.0000615132941413,"validity":1.000000372785051,"parsimony":1.000061140486298,"identity":0.9991708657640399,"lowest_identity":0.9912663755458515,"breadth_of_coverage":0.986599504189379,"L90":7,"aligned_contigs":16,"NA50":394925,"NG50":394925,"aligned_basepairs":2682347,"Ns":0},"Staphylococcus_aureus_plasmid1":{"assembler":"metaSPAdes","contiguity":1.0086791857345747,"multiplicity":1.0086791857345747,"validity":1.0,"parsimony":1.0086791857345747,"identity":1.0,"lowest_identity":1.0,"breadth_of_coverage":1.0,"L90":0,"aligned_contigs":1,"NA50":6392,"NG50":6392,"aligned_basepairs":6337,"Ns":0},"Staphylococcus_aureus_plasmid2":{"assembler":"metaSPAdes","contiguity":0.944043321299639,"multiplicity":1.0,"validity":1.0,"parsimony":1.0,"identity":0.9995219885277247,"lowest_identity":0.9995219885277247,"breadth_of_coverage":0.944043321299639,"L90":0,"aligned_contigs":1,"NA50":2092,"NG50":2092,"aligned_basepairs":2092,"Ns":0},"Staphylococcus_aureus_plasmid3":{"assembler":"metaSPAdes","contiguity":0.983962579351821,"multiplicity":1.0,"validity":1.0,"parsimony":1.0,"identity":1.0,"lowest_identity":1.0,"breadth_of_coverage":0.983962579351821,"L90":0,"aligned_contigs":1,"NA50":2945,"NG50":2945,"aligned_basepairs":2945,"Ns":0}}}