{"sample_id":"LNN","ReferenceTables":{"Bacillus_subtilis":{"assembler":"MEGAHIT","contiguity":0.13671210034809997,"multiplicity":1.0000802564192595,"validity":1.0001038341903417,"parsimony":0.9999764246768424,"identity":0.9998795709638565,"lowest_identity":0.9986614057789025,"breadth_of_coverage":0.9855507496026005,"L90":13,"aligned_contigs":24,"NA50":269740,"NG50":269740,"aligned_basepairs":3987220,"Ns":0},"Enterococcus_faecalis":{"assembler":"MEGAHIT","contiguity":0.20947271940034976,"multiplicity":1.0006202244929132,"validity":1.0002621725102203,"parsimony":1.0003579581359099,"identity":0.9997059528843167,"lowest_identity":0.9932763803195697,"breadth_of_coverage":0.9916240011921029,"L90":13,"aligned_contigs":30,"NA50":235316,"NG50":235316,"aligned_basepairs":2821559,"Ns":0},"Escherichia_coli_plasmid":{"assembler":"MEGAHIT","contiguity":0.4837510340251075,"multiplicity":1.0,"validity":1.0,"parsimony":1.0,"identity":1.0,"lowest_identity":1.0,"breadth_of_coverage":0.9833828756351869,"L90":2,"aligned_contigs":3,"NA50":28353,"NG50":28353,"aligned_basepairs":108179,"Ns":0},"Escherichia_coli":{"assembler":"MEGAHIT","contiguity":0.07228365768993968,"multiplicity":1.0014286647553545,"validity":0.9987338965396733,"parsimony":1.0026981843962819,"identity":0.992813595046777,"lowest_identity":0.05578532268923728,"breadth_of_coverage":0.9796998552492805,"L90":63,"aligned_contigs":130,"NA50":74387,"NG50":73102,"aligned_basepairs":4668695,"Ns":0},"Lactobacillus_fermentum":{"assembler":"MEGAHIT","contiguity":0.06400928341659962,"multiplicity":1.001561752213035,"validity":1.0026244918642966,"parsimony":0.9989400421993626,"identity":1.000636633403224,"lowest_identity":0.9752321981424149,"breadth_of_coverage":0.9497059044272051,"L90":48,"aligned_contigs":78,"NA50":44906,"NG50":41765,"aligned_basepairs":1809506,"Ns":0},"Listeria_monocytogenes":{"assembler":"MEGAHIT","contiguity":0.21129737175764,"multiplicity":1.0001883295171825,"validity":1.0006103630412013,"parsimony":0.9995782239125166,"identity":0.9999327198758592,"lowest_identity":0.9990658570761326,"breadth_of_coverage":0.977736836230618,"L90":7,"aligned_contigs":18,"NA50":542943,"NG50":542943,"aligned_basepairs":2925723,"Ns":0},"Pseudomonas_aeruginosa":{"assembler":"MEGAHIT","contiguity":0.06899944496218528,"multiplicity":1.001127931198574,"validity":1.0007608367630145,"parsimony":1.0003668153489567,"identity":0.9992838932079998,"lowest_identity":0.941400304414003,"breadth_of_coverage":0.9909570059169681,"L90":31,"aligned_contigs":82,"NA50":248754,"NG50":248754,"aligned_basepairs":6730907,"Ns":0},"Salmonella_enterica":{"assembler":"MEGAHIT","contiguity":0.08749878669996256,"multiplicity":1.0013056989313192,"validity":1.0000181856770463,"parsimony":1.0012874898403985,"identity":0.9995429285224098,"lowest_identity":0.9553717418486102,"breadth_of_coverage":0.9807241815004414,"L90":46,"aligned_contigs":101,"NA50":116581,"NG50":116581,"aligned_basepairs":4667998,"Ns":0},"Staphylococcus_aureus":{"assembler":"MEGAHIT","contiguity":0.13352054965830262,"multiplicity":1.0010601361583247,"validity":1.001406668076692,"parsimony":0.999653954852295,"identity":0.9994277072415296,"lowest_identity":0.9741824440619621,"breadth_of_coverage":0.9863729319768425,"L90":20,"aligned_contigs":36,"NA50":112741,"NG50":112741,"aligned_basepairs":2681731,"Ns":0},"Staphylococcus_aureus_plasmid1":{"assembler":"MEGAHIT","contiguity":1.0222502761559098,"multiplicity":1.0222502761559098,"validity":1.0,"parsimony":1.0222502761559098,"identity":1.0,"lowest_identity":1.0,"breadth_of_coverage":1.0,"L90":0,"aligned_contigs":1,"NA50":6478,"NG50":6478,"aligned_basepairs":6337,"Ns":0},"Staphylococcus_aureus_plasmid2":{"assembler":"MEGAHIT","contiguity":1.0636281588447654,"multiplicity":1.0636281588447654,"validity":1.0,"parsimony":1.0636281588447654,"identity":1.0,"lowest_identity":1.0,"breadth_of_coverage":1.0,"L90":0,"aligned_contigs":1,"NA50":2357,"NG50":2357,"aligned_basepairs":2216,"Ns":0},"Staphylococcus_aureus_plasmid3":{"assembler":"MEGAHIT","contiguity":1.047109923154026,"multiplicity":1.047109923154026,"validity":1.0,"parsimony":1.047109923154026,"identity":1.0,"lowest_identity":1.0,"breadth_of_coverage":1.0,"L90":0,"aligned_contigs":1,"NA50":3134,"NG50":3134,"aligned_basepairs":2993,"Ns":0}}}