{"sample_id":"LNN","ReferenceTables":{"Bacillus_subtilis":{"assembler":"SKESA","contiguity":0.004525077014304405,"multiplicity":1.0,"validity":0.9997137419344856,"parsimony":1.0002863400326583,"identity":0.9986901727555932,"lowest_identity":0.971183800623053,"breadth_of_coverage":0.03193952458389535,"L90":0,"aligned_contigs":22,"NA50":8631,"NG50":0,"aligned_basepairs":129217,"Ns":0},"Enterococcus_faecalis":{"assembler":"SKESA","contiguity":0.1557029751963877,"multiplicity":1.0,"validity":0.9961647954030165,"parsimony":1.0038499700197012,"identity":0.9955753809553107,"lowest_identity":0.7787690477655407,"breadth_of_coverage":0.9846938488615979,"L90":27,"aligned_contigs":50,"NA50":127539,"NG50":118697,"aligned_basepairs":2801840,"Ns":0},"Escherichia_coli_plasmid":{"assembler":"SKESA","contiguity":0.4811239284772787,"multiplicity":1.0,"validity":1.0,"parsimony":1.0,"identity":1.0,"lowest_identity":1.0,"breadth_of_coverage":0.9755924622978538,"L90":2,"aligned_contigs":3,"NA50":28069,"NG50":28069,"aligned_basepairs":107322,"Ns":0},"Escherichia_coli":{"assembler":"SKESA","contiguity":0.027602732510826927,"multiplicity":1.0000188419434808,"validity":0.9989888358283043,"parsimony":1.0010310486746556,"identity":0.9984019710058584,"lowest_identity":0.6548257372654156,"breadth_of_coverage":0.9577899935241995,"L90":129,"aligned_contigs":216,"NA50":42063,"NG50":41033,"aligned_basepairs":4564285,"Ns":0},"Lactobacillus_fermentum":{"assembler":"SKESA","contiguity":0.06386022810710779,"multiplicity":1.0,"validity":1.0,"parsimony":1.0,"identity":1.0,"lowest_identity":1.0,"breadth_of_coverage":0.9319908908311565,"L90":56,"aligned_contigs":85,"NA50":40164,"NG50":39869,"aligned_basepairs":1775753,"Ns":0},"Listeria_monocytogenes":{"assembler":"SKESA","contiguity":0.21121014910728786,"multiplicity":1.0,"validity":1.0,"parsimony":1.0,"identity":1.0,"lowest_identity":1.0,"breadth_of_coverage":0.9729091794988675,"L90":10,"aligned_contigs":19,"NA50":475177,"NG50":475177,"aligned_basepairs":2911277,"Ns":0},"Pseudomonas_aeruginosa":{"assembler":"SKESA","contiguity":0.0008341761957973184,"multiplicity":1.0,"validity":0.9899306426004847,"parsimony":1.01017178069472,"identity":0.9870458755147703,"lowest_identity":0.8629124004550626,"breadth_of_coverage":0.0034881991893797857,"L90":0,"aligned_contigs":12,"NA50":2127,"NG50":0,"aligned_basepairs":23693,"Ns":0},"Salmonella_enterica":{"assembler":"SKESA","contiguity":0.03539831747324332,"multiplicity":1.0008861415627983,"validity":0.991767170545823,"parsimony":1.0091946691600577,"identity":0.9955070202398951,"lowest_identity":0.2217846961586579,"breadth_of_coverage":0.967089840508296,"L90":108,"aligned_contigs":199,"NA50":48759,"NG50":48738,"aligned_basepairs":4603102,"Ns":0},"Staphylococcus_aureus":{"assembler":"SKESA","contiguity":0.06675788405093461,"multiplicity":1.0000180703909491,"validity":1.0,"parsimony":1.0000180703909491,"identity":0.9999996946708459,"lowest_identity":0.9999789322883749,"breadth_of_coverage":0.9770113801043115,"L90":41,"aligned_contigs":69,"NA50":53152,"NG50":53152,"aligned_basepairs":2656279,"Ns":0},"Staphylococcus_aureus_plasmid1":{"assembler":"SKESA","contiguity":1.0,"multiplicity":1.0,"validity":1.0,"parsimony":1.0,"identity":1.0,"lowest_identity":1.0,"breadth_of_coverage":1.0,"L90":0,"aligned_contigs":1,"NA50":6337,"NG50":6337,"aligned_basepairs":6337,"Ns":0},"Staphylococcus_aureus_plasmid2":{"assembler":"SKESA","contiguity":0.9548736462093863,"multiplicity":1.0,"validity":1.0,"parsimony":1.0,"identity":1.0,"lowest_identity":1.0,"breadth_of_coverage":0.9548736462093863,"L90":0,"aligned_contigs":1,"NA50":2116,"NG50":2116,"aligned_basepairs":2116,"Ns":0},"Staphylococcus_aureus_plasmid3":{"assembler":"SKESA","contiguity":0.9665887069829603,"multiplicity":1.0,"validity":1.0,"parsimony":1.0,"identity":1.0,"lowest_identity":1.0,"breadth_of_coverage":0.9665887069829603,"L90":0,"aligned_contigs":1,"NA50":2893,"NG50":2893,"aligned_basepairs":2893,"Ns":0}}}