{"sample_id":"LNN","ReferenceTables":{"Bacillus_subtilis":{"assembler":"MINIA","contiguity":0.0336843499864176,"multiplicity":1.014207030461488,"validity":0.9999972564671927,"parsimony":1.0142098129793835,"identity":0.9999834948205295,"lowest_identity":0.9986564902952862,"breadth_of_coverage":0.9771551213801793,"L90":57,"aligned_contigs":116,"NA50":69826,"NG50":69826,"aligned_basepairs":3953254,"Ns":0},"Enterococcus_faecalis":{"assembler":"MINIA","contiguity":0.045908612943313255,"multiplicity":1.0007326918014565,"validity":1.0,"parsimony":1.0007326918014565,"identity":0.9999900645802285,"lowest_identity":0.9983606557377049,"breadth_of_coverage":0.9612454101227529,"L90":106,"aligned_contigs":165,"NA50":32803,"NG50":30453,"aligned_basepairs":2735120,"Ns":0},"Escherichia_coli_plasmid":{"assembler":"MINIA","contiguity":0.3306244148099666,"multiplicity":1.0002854424357754,"validity":1.0,"parsimony":1.0002854424357754,"identity":1.0,"lowest_identity":1.0,"breadth_of_coverage":0.9553937476706028,"L90":3,"aligned_contigs":5,"NA50":26838,"NG50":26838,"aligned_basepairs":105100,"Ns":0},"Escherichia_coli":{"assembler":"MINIA","contiguity":0.011346290810029054,"multiplicity":1.0024452449257824,"validity":1.0000287813530324,"parsimony":1.0024163940256605,"identity":0.9999970862294932,"lowest_identity":0.9975550122249389,"breadth_of_coverage":0.8000752921979404,"L90":0,"aligned_contigs":1149,"NA50":4448,"NG50":3211,"aligned_basepairs":3812706,"Ns":0},"Lactobacillus_fermentum":{"assembler":"MINIA","contiguity":0.03464433776143068,"multiplicity":1.000786155902868,"validity":1.0004137322639362,"parsimony":1.0003722696189794,"identity":0.999996591079537,"lowest_identity":0.999195494770716,"breadth_of_coverage":0.9206290973808777,"L90":205,"aligned_contigs":236,"NA50":11209,"NG50":10836,"aligned_basepairs":1754105,"Ns":0},"Listeria_monocytogenes":{"assembler":"MINIA","contiguity":0.054075369727123436,"multiplicity":1.0006294506133118,"validity":1.0,"parsimony":1.0006294506133118,"identity":0.9999491998983998,"lowest_identity":0.9935483870967742,"breadth_of_coverage":0.9752956045799578,"L90":71,"aligned_contigs":127,"NA50":46368,"NG50":44353,"aligned_basepairs":2918418,"Ns":0},"Pseudomonas_aeruginosa":{"assembler":"MINIA","contiguity":0.015603629387853653,"multiplicity":1.0010333778276943,"validity":0.9999998467471939,"parsimony":1.001033531238892,"identity":0.9999641460699046,"lowest_identity":0.9864645370871684,"breadth_of_coverage":0.959674956899915,"L90":333,"aligned_contigs":520,"NA50":22207,"NG50":21734,"aligned_basepairs":6518429,"Ns":0},"Salmonella_enterica":{"assembler":"MINIA","contiguity":0.011955679987965744,"multiplicity":1.002364050125287,"validity":0.9999963487201743,"parsimony":1.0023677100502848,"identity":0.9998834451130666,"lowest_identity":0.962189838519102,"breadth_of_coverage":0.8036594809891116,"L90":0,"aligned_contigs":1081,"NA50":4996,"NG50":3571,"aligned_basepairs":3825215,"Ns":0},"Staphylococcus_aureus":{"assembler":"MINIA","contiguity":0.033342896446200136,"multiplicity":1.0005914038034416,"validity":0.999999615699594,"parsimony":1.000591788331272,"identity":0.9999993787469326,"lowest_identity":0.9998912807131985,"breadth_of_coverage":0.9565290314037914,"L90":112,"aligned_contigs":175,"NA50":29647,"NG50":29165,"aligned_basepairs":2600592,"Ns":0},"Staphylococcus_aureus_plasmid1":{"assembler":"MINIA","contiguity":2.758403029824838,"multiplicity":3.0042600189334174,"validity":1.0,"parsimony":3.0042600189334174,"identity":1.0,"lowest_identity":1.0,"breadth_of_coverage":1.0001578033769922,"L90":0,"aligned_contigs":2,"NA50":19041,"NG50":19041,"aligned_basepairs":6338,"Ns":0},"Staphylococcus_aureus_plasmid2":{"assembler":"MINIA","contiguity":0.0,"multiplicity":0,"validity":0,"parsimony":0,"identity":0,"lowest_identity":0,"breadth_of_coverage":0.0,"L90":0,"aligned_contigs":0,"NA50":0,"NG50":0,"aligned_basepairs":0,"Ns":0},"Staphylococcus_aureus_plasmid3":{"assembler":"MINIA","contiguity":0.0,"multiplicity":0,"validity":0,"parsimony":0,"identity":0,"lowest_identity":0,"breadth_of_coverage":0.0,"L90":0,"aligned_contigs":0,"NA50":0,"NG50":0,"aligned_basepairs":0,"Ns":0}}}