{"assembler":"IDBA-UD","sample_id":"LNN","global":{"contigs":1987,"basepairs":14324747,"max_contig_size":585610,"N50":105808,"mapped_reads":99.90310155310132,"Ns":0},"filtered":{"contigs":261,"basepairs":13642314,"N50":108043,"mapped_reads":99.0427314018286,"Ns":0}}