{"assembler":"GATBMiniaPipeline","sample_id":"LNN","global":{"contigs":693,"basepairs":13910838,"max_contig_size":632215,"N50":136741,"mapped_reads":100.01875919143934,"Ns":0},"filtered":{"contigs":219,"basepairs":13658336,"N50":140561,"mapped_reads":98.99692786619455,"Ns":0}}