{"assembler":"VelvetOptimiser","sample_id":"LNN","global":{"contigs":69092,"basepairs":19638608,"max_contig_size":15999,"N50":520,"mapped_reads":93.22914236313379,"Ns":4932},"filtered":{"contigs":3016,"basepairs":7334025,"N50":2913,"mapped_reads":79.99659938696142,"Ns":0}}