{"assembler":"metaSPAdes","sample_id":"LNN","global":{"contigs":6700,"basepairs":15514698,"max_contig_size":850099,"N50":220609,"mapped_reads":100.14732226706198,"Ns":0},"filtered":{"contigs":139,"basepairs":13692577,"N50":239185,"mapped_reads":99.91707320989272,"Ns":0}}