{"assembler":"MINIA","sample_id":"LNN","global":{"contigs":15001,"basepairs":16401090,"max_contig_size":177038,"N50":26474,"mapped_reads":99.06010868916213,"Ns":0},"filtered":{"contigs":762,"basepairs":13501498,"N50":33550,"mapped_reads":97.55858520783084,"Ns":0}}