{"sample_id":"ERR2984773","ReferenceTables":{"Bacillus_subtilis":{"assembler":"GATBMiniaPipeline","contiguity":0.18994249911695868,"multiplicity":1.0000710696356865,"validity":0.9999876956825908,"parsimony":1.000083374978968,"identity":0.9998086538918349,"lowest_identity":0.9953271028037384,"breadth_of_coverage":0.9842629552482811,"L90":15,"aligned_contigs":30,"NA50":263420,"NG50":257358,"aligned_basepairs":3982010,"Ns":0},"Enterococcus_faecalis":{"assembler":"GATBMiniaPipeline","contiguity":0.19309606549818092,"multiplicity":1.001090998957222,"validity":1.000070840895599,"parsimony":1.0010200857978317,"identity":0.9993243012794601,"lowest_identity":0.9734375,"breadth_of_coverage":0.9911994551190135,"L90":18,"aligned_contigs":39,"NA50":179847,"NG50":179847,"aligned_basepairs":2820351,"Ns":0},"Escherichia_coli_plasmid":{"assembler":"GATBMiniaPipeline","contiguity":0.48336924013926386,"multiplicity":1.0024029237094563,"validity":0.9999544286261142,"parsimony":1.0024486066697122,"identity":0.999658172310327,"lowest_identity":0.9994752859691468,"breadth_of_coverage":0.9949366858472642,"L90":2,"aligned_contigs":3,"NA50":28587,"NG50":28587,"aligned_basepairs":109450,"Ns":0},"Escherichia_coli":{"assembler":"GATBMiniaPipeline","contiguity":0.027645330939427552,"multiplicity":1.0011436863354957,"validity":0.9999417847125361,"parsimony":1.0012019715960816,"identity":0.9997162463390271,"lowest_identity":0.9913494809688581,"breadth_of_coverage":0.9720812417085202,"L90":99,"aligned_contigs":180,"NA50":59656,"NG50":59357,"aligned_basepairs":4632389,"Ns":0},"Lactobacillus_fermentum":{"assembler":"GATBMiniaPipeline","contiguity":0.06031281670973,"multiplicity":1.0011250628048785,"validity":0.9999794363560779,"parsimony":1.0011456500075393,"identity":0.999606872984941,"lowest_identity":0.9840674789128397,"breadth_of_coverage":0.9432645107180739,"L90":55,"aligned_contigs":83,"NA50":40488,"NG50":37549,"aligned_basepairs":1797233,"Ns":0},"Listeria_monocytogenes":{"assembler":"GATBMiniaPipeline","contiguity":0.18151300887398567,"multiplicity":1.0002576870652387,"validity":1.0003881211649932,"parsimony":0.9998696165048395,"identity":0.9985625477484352,"lowest_identity":0.9794841735052755,"breadth_of_coverage":0.9765424540376735,"L90":12,"aligned_contigs":23,"NA50":452364,"NG50":155105,"aligned_basepairs":2922149,"Ns":0},"Pseudomonas_aeruginosa":{"assembler":"GATBMiniaPipeline","contiguity":0.06852729475746909,"multiplicity":1.0004202724015405,"validity":0.999998509243362,"parsimony":1.0004217637869257,"identity":0.998500608585982,"lowest_identity":0.9207082371054658,"breadth_of_coverage":0.9871686151880136,"L90":40,"aligned_contigs":102,"NA50":204691,"NG50":204691,"aligned_basepairs":6705175,"Ns":0},"Salmonella_enterica":{"assembler":"GATBMiniaPipeline","contiguity":0.05947523250190241,"multiplicity":1.0017920850187672,"validity":1.000132041998373,"parsimony":1.0016598238539356,"identity":1.000312684387392,"lowest_identity":0.9723394772030098,"breadth_of_coverage":0.9769199869068643,"L90":84,"aligned_contigs":166,"NA50":60464,"NG50":59024,"aligned_basepairs":4649891,"Ns":0},"Staphylococcus_aureus":{"assembler":"GATBMiniaPipeline","contiguity":0.10641096374108976,"multiplicity":1.000809289114613,"validity":1.0000735515936428,"parsimony":1.000735683410283,"identity":0.9999846574560899,"lowest_identity":0.999482936918304,"breadth_of_coverage":0.9844205857038819,"L90":33,"aligned_contigs":53,"NA50":90967,"NG50":90967,"aligned_basepairs":2676423,"Ns":0},"Staphylococcus_aureus_plasmid1":{"assembler":"GATBMiniaPipeline","contiguity":1.0239861133028247,"multiplicity":1.0239861133028247,"validity":0.9953980671882191,"parsimony":1.0287202146125927,"identity":0.9953980671882191,"lowest_identity":0.9953980671882191,"breadth_of_coverage":1.0,"L90":0,"aligned_contigs":1,"NA50":6519,"NG50":6519,"aligned_basepairs":6337,"Ns":0},"Staphylococcus_aureus_plasmid2":{"assembler":"GATBMiniaPipeline","contiguity":1.0780685920577617,"multiplicity":1.0780685920577617,"validity":1.0,"parsimony":1.0780685920577617,"identity":1.0,"lowest_identity":1.0,"breadth_of_coverage":1.0,"L90":0,"aligned_contigs":1,"NA50":2389,"NG50":2389,"aligned_basepairs":2216,"Ns":0},"Staphylococcus_aureus_plasmid3":{"assembler":"GATBMiniaPipeline","contiguity":1.0551286334781156,"multiplicity":1.0551286334781156,"validity":1.0,"parsimony":1.0551286334781156,"identity":1.0,"lowest_identity":1.0,"breadth_of_coverage":1.0,"L90":0,"aligned_contigs":1,"NA50":3158,"NG50":3158,"aligned_basepairs":2993,"Ns":0}}}