{"sample_id":"ERR2984773","ReferenceTables":{"Bacillus_subtilis":{"assembler":"MINIA","contiguity":0.02915605966566288,"multiplicity":1.0005669630456069,"validity":0.9999698846175941,"parsimony":1.0005970964097994,"identity":0.9999435345225307,"lowest_identity":0.9983783783783784,"breadth_of_coverage":0.9761310653322052,"L90":102,"aligned_contigs":170,"NA50":46155,"NG50":43056,"aligned_basepairs":3949111,"Ns":0},"Enterococcus_faecalis":{"assembler":"MINIA","contiguity":0.022230328896686292,"multiplicity":1.0010458500211685,"validity":0.9999358906877945,"parsimony":1.0011100304966656,"identity":0.9998548698585757,"lowest_identity":0.9938271604938271,"breadth_of_coverage":0.9637571905733903,"L90":148,"aligned_contigs":220,"NA50":19908,"NG50":19540,"aligned_basepairs":2742267,"Ns":0},"Escherichia_coli_plasmid":{"assembler":"MINIA","contiguity":0.22640377430527148,"multiplicity":1.000862920314103,"validity":0.9998084419627037,"parsimony":1.0010546803839038,"identity":0.9995911692559281,"lowest_identity":0.9967293540474244,"breadth_of_coverage":0.9480942121864973,"L90":6,"aligned_contigs":8,"NA50":14811,"NG50":14811,"aligned_basepairs":104297,"Ns":0},"Escherichia_coli":{"assembler":"MINIA","contiguity":0.011346290810029054,"multiplicity":1.002317868596631,"validity":0.9999720365538168,"parsimony":1.0023458976421966,"identity":0.9999004561017465,"lowest_identity":0.9803921568627451,"breadth_of_coverage":0.7861013288611278,"L90":0,"aligned_contigs":1145,"NA50":4409,"NG50":3080,"aligned_basepairs":3746114,"Ns":0},"Lactobacillus_fermentum":{"assembler":"MINIA","contiguity":0.017739156357445128,"multiplicity":1.0011215490299812,"validity":0.9998340582720511,"parsimony":1.0012877044418302,"identity":0.9996388723544463,"lowest_identity":0.9343168247277837,"breadth_of_coverage":0.9097186686001869,"L90":262,"aligned_contigs":281,"NA50":9080,"NG50":8209,"aligned_basepairs":1733317,"Ns":0},"Listeria_monocytogenes":{"assembler":"MINIA","contiguity":0.028272837797283866,"multiplicity":1.0010006892871819,"validity":0.9999879557003778,"parsimony":1.0010127457846179,"identity":0.9998889931644113,"lowest_identity":0.9903952715182859,"breadth_of_coverage":0.9701427844811856,"L90":119,"aligned_contigs":183,"NA50":28142,"NG50":27395,"aligned_basepairs":2902999,"Ns":0},"Pseudomonas_aeruginosa":{"assembler":"MINIA","contiguity":0.012415327288279574,"multiplicity":1.0011343986593078,"validity":0.9998236459130018,"parsimony":1.0013109839436825,"identity":0.9995190214153795,"lowest_identity":0.9739382239382239,"breadth_of_coverage":0.9554574056325297,"L90":407,"aligned_contigs":598,"NA50":18832,"NG50":17883,"aligned_basepairs":6489782,"Ns":0},"Salmonella_enterica":{"assembler":"MINIA","contiguity":0.00919355780749645,"multiplicity":1.0024219271733232,"validity":0.9998402307812584,"parsimony":1.0025821089335918,"identity":0.9996403519619828,"lowest_identity":0.8015488867376573,"breadth_of_coverage":0.7987676233143534,"L90":0,"aligned_contigs":1105,"NA50":4884,"NG50":3355,"aligned_basepairs":3801931,"Ns":0},"Staphylococcus_aureus":{"assembler":"MINIA","contiguity":0.023957068979468733,"multiplicity":1.0008550692317202,"validity":1.0000119300973265,"parsimony":1.0008431290757818,"identity":0.9999341628715186,"lowest_identity":0.9931758530183727,"breadth_of_coverage":0.9549433937280692,"L90":140,"aligned_contigs":207,"NA50":23433,"NG50":22986,"aligned_basepairs":2596281,"Ns":0},"Staphylococcus_aureus_plasmid1":{"assembler":"MINIA","contiguity":0.0,"multiplicity":0,"validity":0,"parsimony":0,"identity":0,"lowest_identity":0,"breadth_of_coverage":0.0,"L90":0,"aligned_contigs":0,"NA50":0,"NG50":0,"aligned_basepairs":0,"Ns":0},"Staphylococcus_aureus_plasmid2":{"assembler":"MINIA","contiguity":0.0,"multiplicity":0,"validity":0,"parsimony":0,"identity":0,"lowest_identity":0,"breadth_of_coverage":0.0,"L90":0,"aligned_contigs":0,"NA50":0,"NG50":0,"aligned_basepairs":0,"Ns":0},"Staphylococcus_aureus_plasmid3":{"assembler":"MINIA","contiguity":0.0,"multiplicity":0,"validity":0,"parsimony":0,"identity":0,"lowest_identity":0,"breadth_of_coverage":0.0,"L90":0,"aligned_contigs":0,"NA50":0,"NG50":0,"aligned_basepairs":0,"Ns":0}}}