{"sample_id":"ERR2984773","ReferenceTables":{"Bacillus_subtilis":{"assembler":"MINIA","contiguity":0.02915605966566288,"multiplicity":1.0005669631891743,"validity":0.9999754520243982,"parsimony":1.0005915256855342,"identity":0.9999525881740768,"lowest_identity":0.9983783783783784,"breadth_of_coverage":0.976130818154786,"L90":102,"aligned_contigs":169,"NA50":46155,"NG50":43056,"aligned_basepairs":3949110,"Ns":0},"Enterococcus_faecalis":{"assembler":"MINIA","contiguity":0.022230328896686292,"multiplicity":1.0010198705691533,"validity":0.9999426145674737,"parsimony":1.0010773178240289,"identity":0.9998739571218289,"lowest_identity":0.9938271604938271,"breadth_of_coverage":0.9665975724961622,"L90":146,"aligned_contigs":218,"NA50":20287,"NG50":19690,"aligned_basepairs":2750349,"Ns":0},"Escherichia_coli_plasmid":{"assembler":"MINIA","contiguity":0.22640377430527148,"multiplicity":1.000862920314103,"validity":0.9998084419627037,"parsimony":1.0010546803839038,"identity":0.9995911692559281,"lowest_identity":0.9967293540474244,"breadth_of_coverage":0.9480942121864973,"L90":6,"aligned_contigs":8,"NA50":14811,"NG50":14811,"aligned_basepairs":104297,"Ns":0},"Escherichia_coli":{"assembler":"MINIA","contiguity":0.011346290810029054,"multiplicity":1.0023042329603014,"validity":0.9999611177527552,"parsimony":1.0023432063166735,"identity":0.9998794269375257,"lowest_identity":0.9781849912739965,"breadth_of_coverage":0.7861086734177831,"L90":0,"aligned_contigs":1146,"NA50":4409,"NG50":3072,"aligned_basepairs":3746149,"Ns":0},"Lactobacillus_fermentum":{"assembler":"MINIA","contiguity":0.017739156357445128,"multiplicity":1.0011284604534034,"validity":0.9998340611404033,"parsimony":1.001294614139794,"identity":0.999640152948934,"lowest_identity":0.9343168247277837,"breadth_of_coverage":0.90972811576769,"L90":263,"aligned_contigs":282,"NA50":9080,"NG50":8209,"aligned_basepairs":1733335,"Ns":0},"Listeria_monocytogenes":{"assembler":"MINIA","contiguity":0.02560502776754796,"multiplicity":1.001003896403142,"validity":0.999983434995298,"parsimony":1.0010204783120722,"identity":0.9998658888704682,"lowest_identity":0.9903952715182859,"breadth_of_coverage":0.9673763894635038,"L90":122,"aligned_contigs":185,"NA50":28142,"NG50":27395,"aligned_basepairs":2894721,"Ns":0},"Pseudomonas_aeruginosa":{"assembler":"MINIA","contiguity":0.012415327288279574,"multiplicity":1.0011338834676615,"validity":0.9998180906816413,"parsimony":1.0013160321845378,"identity":0.9994830205179855,"lowest_identity":0.973293768545994,"breadth_of_coverage":0.9553721624243816,"L90":408,"aligned_contigs":599,"NA50":18616,"NG50":17851,"aligned_basepairs":6489203,"Ns":0},"Salmonella_enterica":{"assembler":"MINIA","contiguity":0.00919355780749645,"multiplicity":1.0024037152774399,"validity":0.9998462650809758,"parsimony":1.002557843426316,"identity":0.9996489144935001,"lowest_identity":0.8015488867376573,"breadth_of_coverage":0.7987886328388112,"L90":0,"aligned_contigs":1105,"NA50":4884,"NG50":3355,"aligned_basepairs":3802031,"Ns":0},"Staphylococcus_aureus":{"assembler":"MINIA","contiguity":0.023957068979468733,"multiplicity":1.0008550692317202,"validity":1.0000119300973265,"parsimony":1.0008431290757818,"identity":0.9999341628715186,"lowest_identity":0.9931758530183727,"breadth_of_coverage":0.9549433937280692,"L90":140,"aligned_contigs":207,"NA50":23433,"NG50":22986,"aligned_basepairs":2596281,"Ns":0},"Staphylococcus_aureus_plasmid1":{"assembler":"MINIA","contiguity":0.0,"multiplicity":0,"validity":0,"parsimony":0,"identity":0,"lowest_identity":0,"breadth_of_coverage":0.0,"L90":0,"aligned_contigs":0,"NA50":0,"NG50":0,"aligned_basepairs":0,"Ns":0},"Staphylococcus_aureus_plasmid2":{"assembler":"MINIA","contiguity":0.0,"multiplicity":0,"validity":0,"parsimony":0,"identity":0,"lowest_identity":0,"breadth_of_coverage":0.0,"L90":0,"aligned_contigs":0,"NA50":0,"NG50":0,"aligned_basepairs":0,"Ns":0},"Staphylococcus_aureus_plasmid3":{"assembler":"MINIA","contiguity":0.0,"multiplicity":0,"validity":0,"parsimony":0,"identity":0,"lowest_identity":0,"breadth_of_coverage":0.0,"L90":0,"aligned_contigs":0,"NA50":0,"NG50":0,"aligned_basepairs":0,"Ns":0}}}