{"sample_id":"ERR2984773","ReferenceTables":{"Bacillus_subtilis":{"assembler":"MEGAHIT","contiguity":0.103094241087462,"multiplicity":1.0004531875780482,"validity":0.9889044126409866,"parsimony":1.0116783531243625,"identity":0.9787964797014317,"lowest_identity":0.42089903563236336,"breadth_of_coverage":0.9861187633120488,"L90":14,"aligned_contigs":31,"NA50":294549,"NG50":294549,"aligned_basepairs":3989518,"Ns":0},"Enterococcus_faecalis":{"assembler":"MEGAHIT","contiguity":0.26493889066954573,"multiplicity":1.0007459404934766,"validity":0.9999436868270217,"parsimony":1.0008022988464487,"identity":0.9967498935580172,"lowest_identity":0.9379727685325264,"breadth_of_coverage":0.9790373347503613,"L90":17,"aligned_contigs":34,"NA50":235381,"NG50":235381,"aligned_basepairs":2785745,"Ns":0},"Escherichia_coli_plasmid":{"assembler":"MEGAHIT","contiguity":0.5024862054232913,"multiplicity":1.0,"validity":1.0,"parsimony":1.0,"identity":0.9998462289921668,"lowest_identity":0.9996924579843335,"breadth_of_coverage":0.9861917877953221,"L90":1,"aligned_contigs":2,"NA50":55277,"NG50":55277,"aligned_basepairs":108488,"Ns":0},"Escherichia_coli":{"assembler":"MEGAHIT","contiguity":0.0462826680633915,"multiplicity":1.025683174232004,"validity":0.9993055626495693,"parsimony":1.0263959419103972,"identity":0.9966197255587059,"lowest_identity":0.8419512195121951,"breadth_of_coverage":0.9806729040838673,"L90":42,"aligned_contigs":134,"NA50":93595,"NG50":114979,"aligned_basepairs":4673332,"Ns":0},"Lactobacillus_fermentum":{"assembler":"MEGAHIT","contiguity":0.06074108830319949,"multiplicity":1.0026510501343773,"validity":0.9998814348478975,"parsimony":1.0027699437052766,"identity":0.9974581282503351,"lowest_identity":0.919831223628692,"breadth_of_coverage":0.9490939379100661,"L90":53,"aligned_contigs":89,"NA50":40505,"NG50":38354,"aligned_basepairs":1808340,"Ns":0},"Listeria_monocytogenes":{"assembler":"MEGAHIT","contiguity":0.40327175169148444,"multiplicity":1.0024528004832625,"validity":1.0004032440239978,"parsimony":1.002048730321006,"identity":0.9986210935028309,"lowest_identity":0.9861317483902923,"breadth_of_coverage":0.9891523094619532,"L90":6,"aligned_contigs":19,"NA50":542872,"NG50":542872,"aligned_basepairs":2959882,"Ns":0},"Pseudomonas_aeruginosa":{"assembler":"MEGAHIT","contiguity":0.06901181185248656,"multiplicity":1.0008628568188989,"validity":1.000368023627087,"parsimony":1.000494651148502,"identity":0.994963029124034,"lowest_identity":0.8762962962962964,"breadth_of_coverage":0.9920133444635346,"L90":24,"aligned_contigs":78,"NA50":286027,"NG50":294763,"aligned_basepairs":6738082,"Ns":0},"Salmonella_enterica":{"assembler":"MEGAHIT","contiguity":0.1114097264854049,"multiplicity":1.0184012325462992,"validity":1.0007954382803883,"parsimony":1.0175918010739158,"identity":1.0026070158133236,"lowest_identity":0.9584285061671997,"breadth_of_coverage":0.9808735592193365,"L90":43,"aligned_contigs":105,"NA50":89627,"NG50":94251,"aligned_basepairs":4668709,"Ns":0},"Staphylococcus_aureus":{"assembler":"MEGAHIT","contiguity":0.152904611627274,"multiplicity":1.001124274900507,"validity":0.9874156474953809,"parsimony":1.013883340252809,"identity":0.9884853389914839,"lowest_identity":0.5799056048614697,"breadth_of_coverage":0.9860448436431046,"L90":15,"aligned_contigs":43,"NA50":112741,"NG50":151247,"aligned_basepairs":2680839,"Ns":0},"Staphylococcus_aureus_plasmid1":{"assembler":"MEGAHIT","contiguity":1.011204039766451,"multiplicity":1.011204039766451,"validity":0.9430463576158941,"parsimony":1.0722739466624585,"identity":0.9430463576158941,"lowest_identity":0.9430463576158941,"breadth_of_coverage":1.0,"L90":0,"aligned_contigs":1,"NA50":6795,"NG50":6795,"aligned_basepairs":6337,"Ns":0},"Staphylococcus_aureus_plasmid2":{"assembler":"MEGAHIT","contiguity":1.0636281588447654,"multiplicity":1.0636281588447654,"validity":1.0,"parsimony":1.0636281588447654,"identity":1.0,"lowest_identity":1.0,"breadth_of_coverage":1.0,"L90":0,"aligned_contigs":1,"NA50":2357,"NG50":2357,"aligned_basepairs":2216,"Ns":0},"Staphylococcus_aureus_plasmid3":{"assembler":"MEGAHIT","contiguity":1.047109923154026,"multiplicity":1.047109923154026,"validity":1.0,"parsimony":1.047109923154026,"identity":1.0,"lowest_identity":1.0,"breadth_of_coverage":1.0,"L90":0,"aligned_contigs":1,"NA50":3134,"NG50":3134,"aligned_basepairs":2993,"Ns":0}}}