{"sample_id":"LNN","ReferenceTables":{"Bacillus_subtilis":{"assembler":"VelvetOptimiser","contiguity":0.003704942337215749,"multiplicity":1.0029523225136607,"validity":1.0,"parsimony":1.0029523225136607,"identity":1.0,"lowest_identity":1.0,"breadth_of_coverage":0.8672869831180294,"L90":0,"aligned_contigs":1219,"NA50":3489,"NG50":3015,"aligned_basepairs":3508763,"Ns":0},"Enterococcus_faecalis":{"assembler":"VelvetOptimiser","contiguity":0.0012813700186125496,"multiplicity":1.0033534081576787,"validity":1.0,"parsimony":1.0033534081576787,"identity":1.0,"lowest_identity":1.0,"breadth_of_coverage":0.005135320546342999,"L90":0,"aligned_contigs":7,"NA50":1904,"NG50":0,"aligned_basepairs":14612,"Ns":0},"Escherichia_coli_plasmid":{"assembler":"VelvetOptimiser","contiguity":0.0,"multiplicity":0,"validity":0,"parsimony":0,"identity":0,"lowest_identity":0,"breadth_of_coverage":0.0,"L90":0,"aligned_contigs":0,"NA50":0,"NG50":0,"aligned_basepairs":0,"Ns":0},"Escherichia_coli":{"assembler":"VelvetOptimiser","contiguity":0.000250764148658863,"multiplicity":1.0,"validity":0.9930891499654457,"parsimony":1.0069589422407794,"identity":0.9897360703812317,"lowest_identity":0.9589442815249267,"breadth_of_coverage":0.0009046395354546931,"L90":0,"aligned_contigs":4,"NA50":1088,"NG50":0,"aligned_basepairs":4311,"Ns":0},"Lactobacillus_fermentum":{"assembler":"VelvetOptimiser","contiguity":0.0005631561517068145,"multiplicity":1.0,"validity":1.0,"parsimony":1.0,"identity":1.0,"lowest_identity":1.0,"breadth_of_coverage":0.0005631561517068145,"L90":0,"aligned_contigs":1,"NA50":1073,"NG50":0,"aligned_basepairs":1073,"Ns":0},"Listeria_monocytogenes":{"assembler":"VelvetOptimiser","contiguity":0.00534664821066576,"multiplicity":1.0030232015621652,"validity":1.0,"parsimony":1.0030232015621652,"identity":1.0,"lowest_identity":1.0,"breadth_of_coverage":0.8466301646001694,"L90":0,"aligned_contigs":957,"NA50":3123,"NG50":2709,"aligned_basepairs":2533407,"Ns":0},"Pseudomonas_aeruginosa":{"assembler":"VelvetOptimiser","contiguity":0.0015672088959164234,"multiplicity":1.0012284699096572,"validity":1.0,"parsimony":1.0012284699096572,"identity":0.9999988451348998,"lowest_identity":0.9990403071017274,"breadth_of_coverage":0.18479961957089835,"L90":0,"aligned_contigs":831,"NA50":1391,"NG50":0,"aligned_basepairs":1255220,"Ns":0},"Salmonella_enterica":{"assembler":"VelvetOptimiser","contiguity":0.0,"multiplicity":0,"validity":0,"parsimony":0,"identity":0,"lowest_identity":0,"breadth_of_coverage":0.0,"L90":0,"aligned_contigs":0,"NA50":0,"NG50":0,"aligned_basepairs":0,"Ns":0},"Staphylococcus_aureus":{"assembler":"VelvetOptimiser","contiguity":0.0,"multiplicity":0,"validity":0,"parsimony":0,"identity":0,"lowest_identity":0,"breadth_of_coverage":0.0,"L90":0,"aligned_contigs":0,"NA50":0,"NG50":0,"aligned_basepairs":0,"Ns":0},"Staphylococcus_aureus_plasmid1":{"assembler":"VelvetOptimiser","contiguity":0.0,"multiplicity":0,"validity":0,"parsimony":0,"identity":0,"lowest_identity":0,"breadth_of_coverage":0.0,"L90":0,"aligned_contigs":0,"NA50":0,"NG50":0,"aligned_basepairs":0,"Ns":0},"Staphylococcus_aureus_plasmid2":{"assembler":"VelvetOptimiser","contiguity":0.0,"multiplicity":0,"validity":0,"parsimony":0,"identity":0,"lowest_identity":0,"breadth_of_coverage":0.0,"L90":0,"aligned_contigs":0,"NA50":0,"NG50":0,"aligned_basepairs":0,"Ns":0},"Staphylococcus_aureus_plasmid3":{"assembler":"VelvetOptimiser","contiguity":0.0,"multiplicity":0,"validity":0,"parsimony":0,"identity":0,"lowest_identity":0,"breadth_of_coverage":0.0,"L90":0,"aligned_contigs":0,"NA50":0,"NG50":0,"aligned_basepairs":0,"Ns":0}}}