{"sample_id":"LNN","ReferenceTables":{"Bacillus_subtilis":{"assembler":"IDBA-UD","contiguity":0.04091898587059718,"multiplicity":1.0002052481576145,"validity":0.9999430994772202,"parsimony":1.00026216359764,"identity":0.999799350768298,"lowest_identity":0.9887640449438202,"breadth_of_coverage":0.9814928379106884,"L90":67,"aligned_contigs":102,"NA50":53080,"NG50":51975,"aligned_basepairs":3970803,"Ns":0},"Enterococcus_faecalis":{"assembler":"IDBA-UD","contiguity":0.0,"multiplicity":0,"validity":0,"parsimony":0,"identity":0,"lowest_identity":0,"breadth_of_coverage":0.0,"L90":0,"aligned_contigs":0,"NA50":0,"NG50":0,"aligned_basepairs":0,"Ns":0},"Escherichia_coli_plasmid":{"assembler":"IDBA-UD","contiguity":0.0,"multiplicity":0,"validity":0,"parsimony":0,"identity":0,"lowest_identity":0,"breadth_of_coverage":0.0,"L90":0,"aligned_contigs":0,"NA50":0,"NG50":0,"aligned_basepairs":0,"Ns":0},"Escherichia_coli":{"assembler":"IDBA-UD","contiguity":0.000250764148658863,"multiplicity":1.0,"validity":0.17750486907595758,"parsimony":5.633648277964036,"identity":0.8363605601031613,"lowest_identity":0.007856488149797041,"breadth_of_coverage":0.0013769994506271622,"L90":0,"aligned_contigs":7,"NA50":30548,"NG50":0,"aligned_basepairs":6562,"Ns":0},"Lactobacillus_fermentum":{"assembler":"IDBA-UD","contiguity":0.0012097622830234925,"multiplicity":1.0,"validity":0.9994844031967002,"parsimony":1.0005158627805004,"identity":0.9995665366276549,"lowest_identity":0.99913307325531,"breadth_of_coverage":0.0020348149116191237,"L90":0,"aligned_contigs":2,"NA50":2307,"NG50":0,"aligned_basepairs":3877,"Ns":0},"Listeria_monocytogenes":{"assembler":"IDBA-UD","contiguity":0.19577207418136028,"multiplicity":0.9998465727814018,"validity":1.0,"parsimony":0.9998465727814018,"identity":0.9997760595783503,"lowest_identity":0.9951456310679612,"breadth_of_coverage":0.9866987129144997,"L90":11,"aligned_contigs":23,"NA50":254555,"NG50":254555,"aligned_basepairs":2952540,"Ns":0},"Pseudomonas_aeruginosa":{"assembler":"IDBA-UD","contiguity":0.05014774017163477,"multiplicity":1.0006056506700067,"validity":1.0,"parsimony":1.0006056506700067,"identity":0.9992892025655031,"lowest_identity":0.9665354330708661,"breadth_of_coverage":0.9864408825837379,"L90":53,"aligned_contigs":126,"NA50":135162,"NG50":127716,"aligned_basepairs":6700232,"Ns":0},"Salmonella_enterica":{"assembler":"IDBA-UD","contiguity":0.0003401442009720687,"multiplicity":1.0,"validity":0.9994728518713759,"parsimony":1.0005274261603376,"identity":0.9995887312358627,"lowest_identity":0.9987661937075879,"breadth_of_coverage":0.0007966811674404475,"L90":0,"aligned_contigs":3,"NA50":1171,"NG50":0,"aligned_basepairs":3792,"Ns":0},"Staphylococcus_aureus":{"assembler":"IDBA-UD","contiguity":0.0,"multiplicity":0,"validity":0,"parsimony":0,"identity":0,"lowest_identity":0,"breadth_of_coverage":0.0,"L90":0,"aligned_contigs":0,"NA50":0,"NG50":0,"aligned_basepairs":0,"Ns":0},"Staphylococcus_aureus_plasmid1":{"assembler":"IDBA-UD","contiguity":0.0,"multiplicity":0,"validity":0,"parsimony":0,"identity":0,"lowest_identity":0,"breadth_of_coverage":0.0,"L90":0,"aligned_contigs":0,"NA50":0,"NG50":0,"aligned_basepairs":0,"Ns":0},"Staphylococcus_aureus_plasmid2":{"assembler":"IDBA-UD","contiguity":0.0,"multiplicity":0,"validity":0,"parsimony":0,"identity":0,"lowest_identity":0,"breadth_of_coverage":0.0,"L90":0,"aligned_contigs":0,"NA50":0,"NG50":0,"aligned_basepairs":0,"Ns":0},"Staphylococcus_aureus_plasmid3":{"assembler":"IDBA-UD","contiguity":0.0,"multiplicity":0,"validity":0,"parsimony":0,"identity":0,"lowest_identity":0,"breadth_of_coverage":0.0,"L90":0,"aligned_contigs":0,"NA50":0,"NG50":0,"aligned_basepairs":0,"Ns":0}}}