{"sample_id":"LNN","ReferenceTables":{"Bacillus_subtilis":{"assembler":"GATBMiniaPipeline","contiguity":0.05162992497918148,"multiplicity":1.000361902580758,"validity":0.9999607551020254,"parsimony":1.0004011632223424,"identity":0.9999565235678991,"lowest_identity":0.9968942268000708,"breadth_of_coverage":0.9821458806523605,"L90":60,"aligned_contigs":94,"NA50":60909,"NG50":60909,"aligned_basepairs":3973445,"Ns":0},"Enterococcus_faecalis":{"assembler":"GATBMiniaPipeline","contiguity":0.0,"multiplicity":0,"validity":0,"parsimony":0,"identity":0,"lowest_identity":0,"breadth_of_coverage":0.0,"L90":0,"aligned_contigs":0,"NA50":0,"NG50":0,"aligned_basepairs":0,"Ns":0},"Escherichia_coli_plasmid":{"assembler":"GATBMiniaPipeline","contiguity":0.0,"multiplicity":0,"validity":0,"parsimony":0,"identity":0,"lowest_identity":0,"breadth_of_coverage":0.0,"L90":0,"aligned_contigs":0,"NA50":0,"NG50":0,"aligned_basepairs":0,"Ns":0},"Escherichia_coli":{"assembler":"GATBMiniaPipeline","contiguity":0.000250764148658863,"multiplicity":1.0,"validity":0.9904087691253711,"parsimony":1.0096841134424717,"identity":0.9901036757775683,"lowest_identity":0.9604147031102733,"breadth_of_coverage":0.0009100954918271872,"L90":0,"aligned_contigs":4,"NA50":1088,"NG50":0,"aligned_basepairs":4337,"Ns":0},"Lactobacillus_fermentum":{"assembler":"GATBMiniaPipeline","contiguity":0.0012097622830234925,"multiplicity":1.0,"validity":1.0,"parsimony":1.0,"identity":1.0,"lowest_identity":1.0,"breadth_of_coverage":0.0020348149116191237,"L90":0,"aligned_contigs":2,"NA50":2305,"NG50":0,"aligned_basepairs":3877,"Ns":0},"Listeria_monocytogenes":{"assembler":"GATBMiniaPipeline","contiguity":0.2112776547600508,"multiplicity":1.000010165015473,"validity":1.0,"parsimony":1.000010165015473,"identity":1.0,"lowest_identity":1.0,"breadth_of_coverage":0.9862839875923274,"L90":10,"aligned_contigs":18,"NA50":351149,"NG50":351149,"aligned_basepairs":2951299,"Ns":0},"Pseudomonas_aeruginosa":{"assembler":"GATBMiniaPipeline","contiguity":0.0685258225086237,"multiplicity":1.0005805672137211,"validity":1.0,"parsimony":1.0005805672137211,"identity":1.0,"lowest_identity":1.0,"breadth_of_coverage":0.9887396519309279,"L90":36,"aligned_contigs":99,"NA50":211558,"NG50":211019,"aligned_basepairs":6715846,"Ns":0},"Salmonella_enterica":{"assembler":"GATBMiniaPipeline","contiguity":0.0003401442009720687,"multiplicity":1.0,"validity":0.9994958406856567,"parsimony":1.0005044136191676,"identity":0.9995887312358627,"lowest_identity":0.9987661937075879,"breadth_of_coverage":0.0008330276447524721,"L90":0,"aligned_contigs":3,"NA50":1175,"NG50":0,"aligned_basepairs":3965,"Ns":0},"Staphylococcus_aureus":{"assembler":"GATBMiniaPipeline","contiguity":0.0,"multiplicity":0,"validity":0,"parsimony":0,"identity":0,"lowest_identity":0,"breadth_of_coverage":0.0,"L90":0,"aligned_contigs":0,"NA50":0,"NG50":0,"aligned_basepairs":0,"Ns":0},"Staphylococcus_aureus_plasmid1":{"assembler":"GATBMiniaPipeline","contiguity":0.0,"multiplicity":0,"validity":0,"parsimony":0,"identity":0,"lowest_identity":0,"breadth_of_coverage":0.0,"L90":0,"aligned_contigs":0,"NA50":0,"NG50":0,"aligned_basepairs":0,"Ns":0},"Staphylococcus_aureus_plasmid2":{"assembler":"GATBMiniaPipeline","contiguity":0.0,"multiplicity":0,"validity":0,"parsimony":0,"identity":0,"lowest_identity":0,"breadth_of_coverage":0.0,"L90":0,"aligned_contigs":0,"NA50":0,"NG50":0,"aligned_basepairs":0,"Ns":0},"Staphylococcus_aureus_plasmid3":{"assembler":"GATBMiniaPipeline","contiguity":0.0,"multiplicity":0,"validity":0,"parsimony":0,"identity":0,"lowest_identity":0,"breadth_of_coverage":0.0,"L90":0,"aligned_contigs":0,"NA50":0,"NG50":0,"aligned_basepairs":0,"Ns":0}}}