{"sample_id":"ERR2984773","ReferenceTables":{"Bacillus_subtilis":{"assembler":"IDBA-UD","contiguity":0.031121367326160738,"multiplicity":1.0032907383831553,"validity":0.9999796996907586,"parsimony":1.0033111059088706,"identity":0.9997561779326571,"lowest_identity":0.9646084337349398,"breadth_of_coverage":0.983004575006853,"L90":120,"aligned_contigs":184,"NA50":34330,"NG50":34330,"aligned_basepairs":3976919,"Ns":0},"Enterococcus_faecalis":{"assembler":"IDBA-UD","contiguity":0.032718163261863394,"multiplicity":1.0050201021251326,"validity":0.9999419093133539,"parsimony":1.0050784878246235,"identity":0.9999332619791451,"lowest_identity":0.9891964888588791,"breadth_of_coverage":0.9871775136782559,"L90":147,"aligned_contigs":231,"NA50":18985,"NG50":18985,"aligned_basepairs":2808907,"Ns":0},"Escherichia_coli_plasmid":{"assembler":"IDBA-UD","contiguity":0.2867181179379494,"multiplicity":1.0044748934439114,"validity":1.0,"parsimony":1.0044748934439114,"identity":0.9999143352812138,"lowest_identity":0.9994752308984047,"breadth_of_coverage":0.9832010690228804,"L90":4,"aligned_contigs":7,"NA50":28584,"NG50":28584,"aligned_basepairs":108159,"Ns":0},"Escherichia_coli":{"assembler":"IDBA-UD","contiguity":0.01711491545156223,"multiplicity":1.0026538116443342,"validity":0.9987937268585021,"parsimony":1.0038647467260065,"identity":0.9964456021860248,"lowest_identity":0.8483870967741935,"breadth_of_coverage":0.9626329941826914,"L90":215,"aligned_contigs":357,"NA50":22923,"NG50":22537,"aligned_basepairs":4587364,"Ns":0},"Lactobacillus_fermentum":{"assembler":"IDBA-UD","contiguity":0.04347429032090454,"multiplicity":1.0049730721266865,"validity":1.0000005592118693,"parsimony":1.0049725101341305,"identity":0.9999466079964862,"lowest_identity":0.9963636363636363,"breadth_of_coverage":0.9338960696109289,"L90":131,"aligned_contigs":171,"NA50":16131,"NG50":15599,"aligned_basepairs":1779383,"Ns":0},"Listeria_monocytogenes":{"assembler":"IDBA-UD","contiguity":0.054384826333353606,"multiplicity":1.0040857990357623,"validity":1.0000901912875215,"parsimony":1.0039952474117328,"identity":0.9998391057219054,"lowest_identity":0.9853181076672104,"breadth_of_coverage":0.9743084179548995,"L90":108,"aligned_contigs":171,"NA50":27259,"NG50":25555,"aligned_basepairs":2915464,"Ns":0},"Pseudomonas_aeruginosa":{"assembler":"IDBA-UD","contiguity":0.04465757700229524,"multiplicity":1.0016137057367491,"validity":0.9998949453849925,"parsimony":1.0017189409344347,"identity":0.9984466424598432,"lowest_identity":0.9236159775753329,"breadth_of_coverage":0.9876996553465452,"L90":90,"aligned_contigs":185,"NA50":88071,"NG50":85510,"aligned_basepairs":6708782,"Ns":0},"Salmonella_enterica":{"assembler":"IDBA-UD","contiguity":0.022045504108832697,"multiplicity":1.002665774395883,"validity":0.9972135421207172,"parsimony":1.0054674671420634,"identity":0.9955221699566027,"lowest_identity":0.6373902706656913,"breadth_of_coverage":0.9707284800491455,"L90":175,"aligned_contigs":306,"NA50":29331,"NG50":28547,"aligned_basepairs":4620421,"Ns":0},"Staphylococcus_aureus":{"assembler":"IDBA-UD","contiguity":0.02705809223254548,"multiplicity":1.0038031432412207,"validity":0.9998385169878633,"parsimony":1.0039652665765482,"identity":0.9993763435776938,"lowest_identity":0.9585853885528153,"breadth_of_coverage":0.9800859208909879,"L90":112,"aligned_contigs":174,"NA50":26537,"NG50":26420,"aligned_basepairs":2664638,"Ns":0},"Staphylococcus_aureus_plasmid1":{"assembler":"IDBA-UD","contiguity":0.7516174846141708,"multiplicity":1.0,"validity":0.9937408721051534,"parsimony":1.0062985513331932,"identity":0.9937408721051534,"lowest_identity":0.9937408721051534,"breadth_of_coverage":0.7516174846141708,"L90":0,"aligned_contigs":1,"NA50":4793,"NG50":4793,"aligned_basepairs":4763,"Ns":0},"Staphylococcus_aureus_plasmid2":{"assembler":"IDBA-UD","contiguity":1.0446750902527075,"multiplicity":1.0446750902527075,"validity":1.0,"parsimony":1.0446750902527075,"identity":1.0,"lowest_identity":1.0,"breadth_of_coverage":1.0,"L90":0,"aligned_contigs":1,"NA50":2315,"NG50":2315,"aligned_basepairs":2216,"Ns":0},"Staphylococcus_aureus_plasmid3":{"assembler":"IDBA-UD","contiguity":0.5639826261276312,"multiplicity":1.0359085963003265,"validity":1.0,"parsimony":1.0359085963003265,"identity":1.0,"lowest_identity":1.0,"breadth_of_coverage":0.9211493484797861,"L90":1,"aligned_contigs":2,"NA50":1688,"NG50":1688,"aligned_basepairs":2757,"Ns":0}}}