{"sample_id":"ERR2984773","ReferenceTables":{"Bacillus_subtilis":{"assembler":"MINIA","contiguity":0.02915605966566288,"multiplicity":1.000566958738622,"validity":0.9999754522169811,"parsimony":1.000591521042171,"identity":0.9999507697475977,"lowest_identity":0.9983783783783784,"breadth_of_coverage":0.9761384806547829,"L90":102,"aligned_contigs":169,"NA50":46155,"NG50":43056,"aligned_basepairs":3949141,"Ns":0},"Enterococcus_faecalis":{"assembler":"MINIA","contiguity":0.022230328896686292,"multiplicity":1.0010554801322995,"validity":0.999938110724283,"parsimony":1.00111743856548,"identity":0.9998729407816698,"lowest_identity":0.9938271604938271,"breadth_of_coverage":0.9642871702739025,"L90":150,"aligned_contigs":222,"NA50":20202,"NG50":19639,"aligned_basepairs":2743775,"Ns":0},"Escherichia_coli_plasmid":{"assembler":"MINIA","contiguity":0.22640377430527148,"multiplicity":1.000862920314103,"validity":0.9998084419627037,"parsimony":1.0010546803839038,"identity":0.9995911692559281,"lowest_identity":0.9967293540474244,"breadth_of_coverage":0.9480942121864973,"L90":6,"aligned_contigs":8,"NA50":14811,"NG50":14811,"aligned_basepairs":104297,"Ns":0},"Escherichia_coli":{"assembler":"MINIA","contiguity":0.011346290810029054,"multiplicity":1.0022874251656795,"validity":0.9999608643286075,"parsimony":1.0023266518921559,"identity":0.999876196384908,"lowest_identity":0.9743589743589743,"breadth_of_coverage":0.7863806318585044,"L90":0,"aligned_contigs":1147,"NA50":4405,"NG50":3072,"aligned_basepairs":3747445,"Ns":0},"Lactobacillus_fermentum":{"assembler":"MINIA","contiguity":0.017739156357445128,"multiplicity":1.0011302127384611,"validity":0.9998340582720511,"parsimony":1.0012963695882195,"identity":0.999638872354446,"lowest_identity":0.9343168247277837,"breadth_of_coverage":0.9097107959606011,"L90":262,"aligned_contigs":281,"NA50":9080,"NG50":8209,"aligned_basepairs":1733302,"Ns":0},"Listeria_monocytogenes":{"assembler":"MINIA","contiguity":0.028272837797283866,"multiplicity":1.00100120144173,"validity":0.9999862280720782,"parsimony":1.0010149873479843,"identity":0.9998871900152375,"lowest_identity":0.9903952715182859,"breadth_of_coverage":0.969646517677458,"L90":120,"aligned_contigs":183,"NA50":28142,"NG50":26654,"aligned_basepairs":2901514,"Ns":0},"Pseudomonas_aeruginosa":{"assembler":"MINIA","contiguity":0.012415327288279574,"multiplicity":1.0011331416823102,"validity":0.9998242648940503,"parsimony":1.0013091068442899,"identity":0.9994768299725196,"lowest_identity":0.973293768545994,"breadth_of_coverage":0.9554778698914805,"L90":407,"aligned_contigs":599,"NA50":18832,"NG50":17958,"aligned_basepairs":6489921,"Ns":0},"Salmonella_enterica":{"assembler":"MINIA","contiguity":0.00919355780749645,"multiplicity":1.0023872222214918,"validity":0.9998455216895153,"parsimony":1.0025420932302438,"identity":0.9996269784968996,"lowest_identity":0.8015488867376573,"breadth_of_coverage":0.7990268808461628,"L90":0,"aligned_contigs":1104,"NA50":4900,"NG50":3355,"aligned_basepairs":3803165,"Ns":0},"Staphylococcus_aureus":{"assembler":"MINIA","contiguity":0.023957068979468733,"multiplicity":1.0008550692317202,"validity":1.0000119300973265,"parsimony":1.0008431290757818,"identity":0.9999341628715186,"lowest_identity":0.9931758530183727,"breadth_of_coverage":0.9549433937280692,"L90":140,"aligned_contigs":207,"NA50":23433,"NG50":22986,"aligned_basepairs":2596281,"Ns":0},"Staphylococcus_aureus_plasmid1":{"assembler":"MINIA","contiguity":0.0,"multiplicity":0,"validity":0,"parsimony":0,"identity":0,"lowest_identity":0,"breadth_of_coverage":0.0,"L90":0,"aligned_contigs":0,"NA50":0,"NG50":0,"aligned_basepairs":0,"Ns":0},"Staphylococcus_aureus_plasmid2":{"assembler":"MINIA","contiguity":0.0,"multiplicity":0,"validity":0,"parsimony":0,"identity":0,"lowest_identity":0,"breadth_of_coverage":0.0,"L90":0,"aligned_contigs":0,"NA50":0,"NG50":0,"aligned_basepairs":0,"Ns":0},"Staphylococcus_aureus_plasmid3":{"assembler":"MINIA","contiguity":0.0,"multiplicity":0,"validity":0,"parsimony":0,"identity":0,"lowest_identity":0,"breadth_of_coverage":0.0,"L90":0,"aligned_contigs":0,"NA50":0,"NG50":0,"aligned_basepairs":0,"Ns":0}}}