{"sample_id":"ERR2984773","ReferenceTables":{"Bacillus_subtilis":{"assembler":"MINIA","contiguity":0.02915605966566288,"multiplicity":1.0005669630456069,"validity":0.9999698846175941,"parsimony":1.0005970964097994,"identity":0.9999435345225307,"lowest_identity":0.9983783783783784,"breadth_of_coverage":0.9761310653322052,"L90":102,"aligned_contigs":170,"NA50":46155,"NG50":43056,"aligned_basepairs":3949111,"Ns":0},"Enterococcus_faecalis":{"assembler":"MINIA","contiguity":0.022230328896686292,"multiplicity":1.001044500458997,"validity":0.9999453741560762,"parsimony":1.0010991863469025,"identity":0.9998824053461104,"lowest_identity":0.9938271604938271,"breadth_of_coverage":0.9639930104533927,"L90":147,"aligned_contigs":218,"NA50":20202,"NG50":19639,"aligned_basepairs":2742938,"Ns":0},"Escherichia_coli_plasmid":{"assembler":"MINIA","contiguity":0.22640377430527148,"multiplicity":1.000862920314103,"validity":0.9998084419627037,"parsimony":1.0010546803839038,"identity":0.9995911692559281,"lowest_identity":0.9967293540474244,"breadth_of_coverage":0.9480942121864973,"L90":6,"aligned_contigs":8,"NA50":14811,"NG50":14811,"aligned_basepairs":104297,"Ns":0},"Escherichia_coli":{"assembler":"MINIA","contiguity":0.011346290810029054,"multiplicity":1.0022961977666394,"validity":0.999967775577403,"parsimony":1.002328497223715,"identity":0.9998984627217542,"lowest_identity":0.9803921568627451,"breadth_of_coverage":0.7861179065747212,"L90":0,"aligned_contigs":1146,"NA50":4409,"NG50":3072,"aligned_basepairs":3746193,"Ns":0},"Lactobacillus_fermentum":{"assembler":"MINIA","contiguity":0.017739156357445128,"multiplicity":1.0011284604534034,"validity":0.9998340611404033,"parsimony":1.001294614139794,"identity":0.999640152948934,"lowest_identity":0.9343168247277837,"breadth_of_coverage":0.90972811576769,"L90":263,"aligned_contigs":282,"NA50":9080,"NG50":8209,"aligned_basepairs":1733335,"Ns":0},"Listeria_monocytogenes":{"assembler":"MINIA","contiguity":0.02560502776754796,"multiplicity":1.0010154994565976,"validity":0.9999862353419295,"parsimony":1.0010292782823318,"identity":0.9998884337159817,"lowest_identity":0.9903952715182859,"breadth_of_coverage":0.9701447895995845,"L90":121,"aligned_contigs":185,"NA50":28142,"NG50":26654,"aligned_basepairs":2903005,"Ns":0},"Pseudomonas_aeruginosa":{"assembler":"MINIA","contiguity":0.012415327288279574,"multiplicity":1.0011301703869777,"validity":0.9998184001018191,"parsimony":1.001312008545777,"identity":0.9994689719717358,"lowest_identity":0.973293768545994,"breadth_of_coverage":0.9553845293146829,"L90":408,"aligned_contigs":599,"NA50":18690,"NG50":17883,"aligned_basepairs":6489287,"Ns":0},"Salmonella_enterica":{"assembler":"MINIA","contiguity":0.00919355780749645,"multiplicity":1.0024101536729337,"validity":0.999845521649,"parsimony":1.0025650282652705,"identity":0.9996248990550433,"lowest_identity":0.8015488867376573,"breadth_of_coverage":0.79900839246464,"L90":0,"aligned_contigs":1105,"NA50":4900,"NG50":3355,"aligned_basepairs":3803077,"Ns":0},"Staphylococcus_aureus":{"assembler":"MINIA","contiguity":0.023957068979468733,"multiplicity":1.0008550692317202,"validity":1.0000119300973265,"parsimony":1.0008431290757818,"identity":0.9999341628715186,"lowest_identity":0.9931758530183727,"breadth_of_coverage":0.9549433937280692,"L90":140,"aligned_contigs":207,"NA50":23433,"NG50":22986,"aligned_basepairs":2596281,"Ns":0},"Staphylococcus_aureus_plasmid1":{"assembler":"MINIA","contiguity":0.0,"multiplicity":0,"validity":0,"parsimony":0,"identity":0,"lowest_identity":0,"breadth_of_coverage":0.0,"L90":0,"aligned_contigs":0,"NA50":0,"NG50":0,"aligned_basepairs":0,"Ns":0},"Staphylococcus_aureus_plasmid2":{"assembler":"MINIA","contiguity":0.0,"multiplicity":0,"validity":0,"parsimony":0,"identity":0,"lowest_identity":0,"breadth_of_coverage":0.0,"L90":0,"aligned_contigs":0,"NA50":0,"NG50":0,"aligned_basepairs":0,"Ns":0},"Staphylococcus_aureus_plasmid3":{"assembler":"MINIA","contiguity":0.0,"multiplicity":0,"validity":0,"parsimony":0,"identity":0,"lowest_identity":0,"breadth_of_coverage":0.0,"L90":0,"aligned_contigs":0,"NA50":0,"NG50":0,"aligned_basepairs":0,"Ns":0}}}