{"sample_id":"ERR2984773","ReferenceTables":{"Bacillus_subtilis":{"assembler":"GATBMiniaPipeline","contiguity":0.18994249911695868,"multiplicity":1.0000710696356865,"validity":0.9999876956825908,"parsimony":1.000083374978968,"identity":0.9998086538918349,"lowest_identity":0.9953271028037384,"breadth_of_coverage":0.9842629552482811,"L90":15,"aligned_contigs":30,"NA50":263420,"NG50":257358,"aligned_basepairs":3982010,"Ns":0},"Enterococcus_faecalis":{"assembler":"GATBMiniaPipeline","contiguity":0.19309606549818092,"multiplicity":1.0010518075360986,"validity":1.000071749934259,"parsimony":1.000979987287816,"identity":0.999306039151878,"lowest_identity":0.9734375,"breadth_of_coverage":0.9786806176442473,"L90":18,"aligned_contigs":38,"NA50":179847,"NG50":179847,"aligned_basepairs":2784730,"Ns":0},"Escherichia_coli_plasmid":{"assembler":"GATBMiniaPipeline","contiguity":0.48336924013926386,"multiplicity":1.0024029237094563,"validity":0.9999544286261142,"parsimony":1.0024486066697122,"identity":0.999658172310327,"lowest_identity":0.9994752859691468,"breadth_of_coverage":0.9949366858472642,"L90":2,"aligned_contigs":3,"NA50":28587,"NG50":28587,"aligned_basepairs":109450,"Ns":0},"Escherichia_coli":{"assembler":"GATBMiniaPipeline","contiguity":0.027645330939427552,"multiplicity":1.0011436863354957,"validity":0.9999417847125361,"parsimony":1.0012019715960816,"identity":0.9997162463390272,"lowest_identity":0.9913494809688581,"breadth_of_coverage":0.9720812417085202,"L90":99,"aligned_contigs":180,"NA50":59656,"NG50":59357,"aligned_basepairs":4632389,"Ns":0},"Lactobacillus_fermentum":{"assembler":"GATBMiniaPipeline","contiguity":0.06031281670973,"multiplicity":1.001090527709697,"validity":0.9999794363560779,"parsimony":1.001111114202176,"identity":0.9996068729849412,"lowest_identity":0.9840674789128397,"breadth_of_coverage":0.9432970509616954,"L90":55,"aligned_contigs":83,"NA50":40488,"NG50":37549,"aligned_basepairs":1797295,"Ns":0},"Listeria_monocytogenes":{"assembler":"GATBMiniaPipeline","contiguity":0.18151300887398567,"multiplicity":1.0003492651906691,"validity":1.0003834271557719,"parsimony":0.9999658511285019,"identity":0.9986224415922504,"lowest_identity":0.9794841735052755,"breadth_of_coverage":0.9884023951807648,"L90":12,"aligned_contigs":24,"NA50":452364,"NG50":155105,"aligned_basepairs":2957638,"Ns":0},"Pseudomonas_aeruginosa":{"assembler":"GATBMiniaPipeline","contiguity":0.06852729475746909,"multiplicity":1.0004301197788135,"validity":0.999998509243362,"parsimony":1.0004316111788787,"identity":0.998500608585982,"lowest_identity":0.9207082371054658,"breadth_of_coverage":0.987158898345634,"L90":40,"aligned_contigs":102,"NA50":204691,"NG50":204691,"aligned_basepairs":6705109,"Ns":0},"Salmonella_enterica":{"assembler":"GATBMiniaPipeline","contiguity":0.05947523250190241,"multiplicity":1.0017903637782632,"validity":1.0001320421684716,"parsimony":1.0016581026703195,"identity":1.000310868605296,"lowest_identity":0.9723394772030098,"breadth_of_coverage":0.9769204070973535,"L90":85,"aligned_contigs":167,"NA50":59024,"NG50":59024,"aligned_basepairs":4649893,"Ns":0},"Staphylococcus_aureus":{"assembler":"GATBMiniaPipeline","contiguity":0.10641096374108976,"multiplicity":1.000813402420853,"validity":1.0000735515936428,"parsimony":1.000739796414005,"identity":0.9999846574560899,"lowest_identity":0.999482936918304,"breadth_of_coverage":0.9844165397715152,"L90":33,"aligned_contigs":53,"NA50":90967,"NG50":90967,"aligned_basepairs":2676412,"Ns":0},"Staphylococcus_aureus_plasmid1":{"assembler":"GATBMiniaPipeline","contiguity":1.0216190626479407,"multiplicity":1.0216190626479407,"validity":0.9929447852760737,"parsimony":1.028878017989585,"identity":0.9929447852760737,"lowest_identity":0.9929447852760737,"breadth_of_coverage":1.0,"L90":0,"aligned_contigs":1,"NA50":6520,"NG50":6520,"aligned_basepairs":6337,"Ns":0},"Staphylococcus_aureus_plasmid2":{"assembler":"GATBMiniaPipeline","contiguity":1.0676895306859207,"multiplicity":1.0676895306859207,"validity":1.0,"parsimony":1.0676895306859207,"identity":1.0,"lowest_identity":1.0,"breadth_of_coverage":1.0,"L90":0,"aligned_contigs":1,"NA50":2366,"NG50":2366,"aligned_basepairs":2216,"Ns":0},"Staphylococcus_aureus_plasmid3":{"assembler":"GATBMiniaPipeline","contiguity":1.0564650851987971,"multiplicity":1.0564650851987971,"validity":1.0,"parsimony":1.0564650851987971,"identity":1.0,"lowest_identity":1.0,"breadth_of_coverage":1.0,"L90":0,"aligned_contigs":1,"NA50":3162,"NG50":3162,"aligned_basepairs":2993,"Ns":0}}}