{"sample_id":"ERR2984773","ReferenceTables":{"Bacillus_subtilis":{"assembler":"GATBMiniaPipeline","contiguity":0.18994249911695868,"multiplicity":1.0000710696356865,"validity":0.9999876956825908,"parsimony":1.000083374978968,"identity":0.9998086538918349,"lowest_identity":0.9953271028037384,"breadth_of_coverage":0.9842629552482811,"L90":15,"aligned_contigs":30,"NA50":263420,"NG50":257358,"aligned_basepairs":3982010,"Ns":0},"Enterococcus_faecalis":{"assembler":"GATBMiniaPipeline","contiguity":0.19309606549818092,"multiplicity":1.0010331149799159,"validity":1.000071749934259,"parsimony":1.0009612960727268,"identity":0.999306039151878,"lowest_identity":0.9734375,"breadth_of_coverage":0.9786988928063339,"L90":18,"aligned_contigs":38,"NA50":179847,"NG50":179847,"aligned_basepairs":2784782,"Ns":0},"Escherichia_coli_plasmid":{"assembler":"GATBMiniaPipeline","contiguity":0.48336924013926386,"multiplicity":1.0024029237094563,"validity":0.9999544286261142,"parsimony":1.0024486066697122,"identity":0.999658172310327,"lowest_identity":0.9994752859691468,"breadth_of_coverage":0.9949366858472642,"L90":2,"aligned_contigs":3,"NA50":28587,"NG50":28587,"aligned_basepairs":109450,"Ns":0},"Escherichia_coli":{"assembler":"GATBMiniaPipeline","contiguity":0.027645330939427552,"multiplicity":1.0011436863354957,"validity":0.9999417847125361,"parsimony":1.0012019715960816,"identity":0.9997162463390272,"lowest_identity":0.9913494809688581,"breadth_of_coverage":0.9720812417085202,"L90":99,"aligned_contigs":180,"NA50":59656,"NG50":59357,"aligned_basepairs":4632389,"Ns":0},"Lactobacillus_fermentum":{"assembler":"GATBMiniaPipeline","contiguity":0.06031281670973,"multiplicity":1.0011584861334997,"validity":0.9999794363560779,"parsimony":1.00117907402348,"identity":0.9996068729849412,"lowest_identity":0.9840674789128397,"breadth_of_coverage":0.9432330201597307,"L90":55,"aligned_contigs":83,"NA50":40488,"NG50":37549,"aligned_basepairs":1797173,"Ns":0},"Listeria_monocytogenes":{"assembler":"GATBMiniaPipeline","contiguity":0.18151300887398567,"multiplicity":1.0003492651906691,"validity":1.0003834271557719,"parsimony":0.9999658511285019,"identity":0.9986224415922506,"lowest_identity":0.9794841735052755,"breadth_of_coverage":0.9884023951807648,"L90":12,"aligned_contigs":24,"NA50":452364,"NG50":155105,"aligned_basepairs":2957638,"Ns":0},"Pseudomonas_aeruginosa":{"assembler":"GATBMiniaPipeline","contiguity":0.06852729475746909,"multiplicity":1.0005971070959234,"validity":0.999998509243362,"parsimony":1.0005985987449264,"identity":0.998500608585982,"lowest_identity":0.9207082371054658,"breadth_of_coverage":0.986994153699835,"L90":40,"aligned_contigs":102,"NA50":204691,"NG50":204691,"aligned_basepairs":6703990,"Ns":0},"Salmonella_enterica":{"assembler":"GATBMiniaPipeline","contiguity":0.05947523250190241,"multiplicity":1.001795101246764,"validity":1.000132041998373,"parsimony":1.0016628396837162,"identity":1.0003126843873922,"lowest_identity":0.9723394772030098,"breadth_of_coverage":0.9769170455734403,"L90":84,"aligned_contigs":166,"NA50":60464,"NG50":59024,"aligned_basepairs":4649877,"Ns":0},"Staphylococcus_aureus":{"assembler":"GATBMiniaPipeline","contiguity":0.10641096374108976,"multiplicity":1.000813402420853,"validity":1.0000735515936428,"parsimony":1.000739796414005,"identity":0.9999846574560899,"lowest_identity":0.999482936918304,"breadth_of_coverage":0.9844165397715152,"L90":33,"aligned_contigs":53,"NA50":90967,"NG50":90967,"aligned_basepairs":2676412,"Ns":0},"Staphylococcus_aureus_plasmid1":{"assembler":"GATBMiniaPipeline","contiguity":1.0235127031718478,"multiplicity":1.0235127031718478,"validity":0.9953959484346224,"parsimony":1.028246804481616,"identity":0.9953959484346224,"lowest_identity":0.9953959484346224,"breadth_of_coverage":1.0,"L90":0,"aligned_contigs":1,"NA50":6516,"NG50":6516,"aligned_basepairs":6337,"Ns":0},"Staphylococcus_aureus_plasmid2":{"assembler":"GATBMiniaPipeline","contiguity":1.0717509025270757,"multiplicity":1.0717509025270757,"validity":1.0,"parsimony":1.0717509025270757,"identity":1.0,"lowest_identity":1.0,"breadth_of_coverage":1.0,"L90":0,"aligned_contigs":1,"NA50":2375,"NG50":2375,"aligned_basepairs":2216,"Ns":0},"Staphylococcus_aureus_plasmid3":{"assembler":"GATBMiniaPipeline","contiguity":1.0531239558970933,"multiplicity":1.0531239558970933,"validity":1.0,"parsimony":1.0531239558970933,"identity":1.0,"lowest_identity":1.0,"breadth_of_coverage":1.0,"L90":0,"aligned_contigs":1,"NA50":3152,"NG50":3152,"aligned_basepairs":2993,"Ns":0}}}