{"sample_id":"ERR2984773","ReferenceTables":{"Bacillus_subtilis":{"assembler":"MEGAHIT","contiguity":0.103094241087462,"multiplicity":1.0004531875780482,"validity":0.9889044126409866,"parsimony":1.0116783531243625,"identity":0.9787964797014317,"lowest_identity":0.42089903563236336,"breadth_of_coverage":0.9861187633120488,"L90":14,"aligned_contigs":31,"NA50":294549,"NG50":294549,"aligned_basepairs":3989518,"Ns":0},"Enterococcus_faecalis":{"assembler":"MEGAHIT","contiguity":0.26493889066954573,"multiplicity":1.0007864965036526,"validity":0.9999444001573794,"parsimony":1.0008421431693009,"identity":0.9968427537420738,"lowest_identity":0.9379727685325264,"breadth_of_coverage":0.9915586323431007,"L90":17,"aligned_contigs":35,"NA50":235381,"NG50":235381,"aligned_basepairs":2821373,"Ns":0},"Escherichia_coli_plasmid":{"assembler":"MEGAHIT","contiguity":0.5024862054232913,"multiplicity":1.0025749662149823,"validity":1.0,"parsimony":1.0025749662149823,"identity":0.9983707684375259,"lowest_identity":0.9954198473282443,"breadth_of_coverage":0.9955366476678756,"L90":1,"aligned_contigs":3,"NA50":55277,"NG50":55277,"aligned_basepairs":109516,"Ns":0},"Escherichia_coli":{"assembler":"MEGAHIT","contiguity":0.0462826680633915,"multiplicity":1.0256693003044872,"validity":0.9993053729434107,"parsimony":1.0263822531879547,"identity":0.9966290996073813,"lowest_identity":0.8419512195121951,"breadth_of_coverage":0.980418152890167,"L90":42,"aligned_contigs":133,"NA50":93595,"NG50":114979,"aligned_basepairs":4672118,"Ns":0},"Lactobacillus_fermentum":{"assembler":"MEGAHIT","contiguity":0.06074108830319949,"multiplicity":1.0021727799478555,"validity":0.9998814348478975,"parsimony":1.002291616805853,"identity":0.9974581282503354,"lowest_identity":0.919831223628692,"breadth_of_coverage":0.9495468771075712,"L90":53,"aligned_contigs":89,"NA50":40505,"NG50":38354,"aligned_basepairs":1809203,"Ns":0},"Listeria_monocytogenes":{"assembler":"MEGAHIT","contiguity":0.40327175169148444,"multiplicity":1.0023861345680047,"validity":1.0004081664691247,"parsimony":1.00197716108802,"identity":0.9985399813559387,"lowest_identity":0.9861317483902923,"breadth_of_coverage":0.9772930366916616,"L90":6,"aligned_contigs":18,"NA50":542872,"NG50":542872,"aligned_basepairs":2924395,"Ns":0},"Pseudomonas_aeruginosa":{"assembler":"MEGAHIT","contiguity":0.06901181185248656,"multiplicity":1.0008771166933264,"validity":1.000368023627087,"parsimony":1.0005089057768894,"identity":0.9949630291240343,"lowest_identity":0.8762962962962964,"breadth_of_coverage":0.9919992108746188,"L90":24,"aligned_contigs":78,"NA50":286027,"NG50":294763,"aligned_basepairs":6737986,"Ns":0},"Salmonella_enterica":{"assembler":"MEGAHIT","contiguity":0.1114097264854049,"multiplicity":1.0184012325462992,"validity":1.0007954382803883,"parsimony":1.0175918010739158,"identity":1.0026070158133231,"lowest_identity":0.9584285061671997,"breadth_of_coverage":0.9808735592193365,"L90":43,"aligned_contigs":105,"NA50":89627,"NG50":94251,"aligned_basepairs":4668709,"Ns":0},"Staphylococcus_aureus":{"assembler":"MEGAHIT","contiguity":0.152904611627274,"multiplicity":1.001124274900507,"validity":0.9874156474953809,"parsimony":1.013883340252809,"identity":0.9884853389914839,"lowest_identity":0.5799056048614697,"breadth_of_coverage":0.9860448436431046,"L90":15,"aligned_contigs":43,"NA50":112741,"NG50":151247,"aligned_basepairs":2680839,"Ns":0},"Staphylococcus_aureus_plasmid1":{"assembler":"MEGAHIT","contiguity":1.011204039766451,"multiplicity":1.011204039766451,"validity":0.9430463576158941,"parsimony":1.0722739466624585,"identity":0.9430463576158941,"lowest_identity":0.9430463576158941,"breadth_of_coverage":1.0,"L90":0,"aligned_contigs":1,"NA50":6795,"NG50":6795,"aligned_basepairs":6337,"Ns":0},"Staphylococcus_aureus_plasmid2":{"assembler":"MEGAHIT","contiguity":1.0636281588447654,"multiplicity":1.0636281588447654,"validity":1.0,"parsimony":1.0636281588447654,"identity":1.0,"lowest_identity":1.0,"breadth_of_coverage":1.0,"L90":0,"aligned_contigs":1,"NA50":2357,"NG50":2357,"aligned_basepairs":2216,"Ns":0},"Staphylococcus_aureus_plasmid3":{"assembler":"MEGAHIT","contiguity":1.047109923154026,"multiplicity":1.047109923154026,"validity":1.0,"parsimony":1.047109923154026,"identity":1.0,"lowest_identity":1.0,"breadth_of_coverage":1.0,"L90":0,"aligned_contigs":1,"NA50":3134,"NG50":3134,"aligned_basepairs":2993,"Ns":0}}}