{"sample_id":"EHS","ReferenceTables":{"Bacillus_subtilis":{"assembler":"GATBMiniaPipeline","contiguity":0.1899659809717879,"multiplicity":1.0,"validity":1.0007664600498714,"parsimony":0.9992341269612162,"identity":0.9979406188298082,"lowest_identity":0.9626984126984127,"breadth_of_coverage":0.9846779661352105,"L90":10,"aligned_contigs":20,"NA50":552228,"NG50":315136,"aligned_basepairs":3983689,"Ns":1107},"Enterococcus_faecalis":{"assembler":"GATBMiniaPipeline","contiguity":0.310263752762361,"multiplicity":1.0002156138184022,"validity":0.9991847428080746,"parsimony":1.0010317121210544,"identity":0.9991769900516526,"lowest_identity":0.9908575429212972,"breadth_of_coverage":0.9779858100395306,"L90":6,"aligned_contigs":15,"NA50":376169,"NG50":376169,"aligned_basepairs":2782753,"Ns":3564},"Escherichia_coli_plasmid":{"assembler":"GATBMiniaPipeline","contiguity":0.48301471724526623,"multiplicity":1.0009231053263177,"validity":1.0,"parsimony":1.0009231053263177,"identity":1.0,"lowest_identity":1.0,"breadth_of_coverage":0.9847555155581008,"L90":2,"aligned_contigs":3,"NA50":28767,"NG50":28767,"aligned_basepairs":108330,"Ns":0},"Escherichia_coli":{"assembler":"GATBMiniaPipeline","contiguity":0.09524085319406375,"multiplicity":1.0002146276963682,"validity":0.9969795852439143,"parsimony":1.0032448432248113,"identity":0.9957362757304224,"lowest_identity":0.9234662710533206,"breadth_of_coverage":0.9738030156329938,"L90":28,"aligned_contigs":60,"NA50":150588,"NG50":148150,"aligned_basepairs":4640594,"Ns":17494},"Lactobacillus_fermentum":{"assembler":"GATBMiniaPipeline","contiguity":0.06396624632019705,"multiplicity":1.0007676750770604,"validity":1.0,"parsimony":1.0007676750770604,"identity":1.0,"lowest_identity":1.0,"breadth_of_coverage":0.9407410673094939,"L90":54,"aligned_contigs":88,"NA50":40366,"NG50":40071,"aligned_basepairs":1792425,"Ns":0},"Listeria_monocytogenes":{"assembler":"GATBMiniaPipeline","contiguity":0.2434828639239766,"multiplicity":1.0000677005442447,"validity":0.9994310009106692,"parsimony":1.0006370621213423,"identity":0.9992781519635365,"lowest_identity":0.9960140517290312,"breadth_of_coverage":0.9872487837285979,"L90":6,"aligned_contigs":11,"NA50":475671,"NG50":475671,"aligned_basepairs":2954186,"Ns":2531},"Pseudomonas_aeruginosa":{"assembler":"GATBMiniaPipeline","contiguity":0.18779859046895542,"multiplicity":1.0003421793358775,"validity":0.9997455620870864,"parsimony":1.0005967690894728,"identity":0.9940656329277012,"lowest_identity":0.8105861306955698,"breadth_of_coverage":0.9900202139766472,"L90":16,"aligned_contigs":37,"NA50":378682,"NG50":335978,"aligned_basepairs":6724544,"Ns":3384},"Salmonella_enterica":{"assembler":"GATBMiniaPipeline","contiguity":0.1113914481991266,"multiplicity":1.0001504163632375,"validity":0.9974293064634856,"parsimony":1.0027281230680898,"identity":0.992680878241337,"lowest_identity":0.8247024216719113,"breadth_of_coverage":0.977730534360447,"L90":21,"aligned_contigs":43,"NA50":198881,"NG50":198881,"aligned_basepairs":4653749,"Ns":6845},"Staphylococcus_aureus":{"assembler":"GATBMiniaPipeline","contiguity":0.30937037936133116,"multiplicity":1.0001120125633292,"validity":0.9989091909889106,"parsimony":1.0012041350557879,"identity":0.9979534981549745,"lowest_identity":0.9937661839455261,"breadth_of_coverage":0.9851003023414914,"L90":4,"aligned_contigs":11,"NA50":477422,"NG50":477422,"aligned_basepairs":2678271,"Ns":5552},"Staphylococcus_aureus_plasmid1":{"assembler":"GATBMiniaPipeline","contiguity":1.0160959444532114,"multiplicity":1.0160959444532114,"validity":1.0,"parsimony":1.0160959444532114,"identity":1.0,"lowest_identity":1.0,"breadth_of_coverage":1.0,"L90":0,"aligned_contigs":1,"NA50":6439,"NG50":6439,"aligned_basepairs":6337,"Ns":0},"Staphylococcus_aureus_plasmid2":{"assembler":"GATBMiniaPipeline","contiguity":0.9544223826714802,"multiplicity":1.0,"validity":1.0,"parsimony":1.0,"identity":1.0,"lowest_identity":1.0,"breadth_of_coverage":0.9544223826714802,"L90":0,"aligned_contigs":1,"NA50":2115,"NG50":2115,"aligned_basepairs":2115,"Ns":0},"Staphylococcus_aureus_plasmid3":{"assembler":"GATBMiniaPipeline","contiguity":1.0340795188773806,"multiplicity":1.0340795188773806,"validity":1.0,"parsimony":1.0340795188773806,"identity":1.0,"lowest_identity":1.0,"breadth_of_coverage":1.0,"L90":0,"aligned_contigs":1,"NA50":3095,"NG50":3095,"aligned_basepairs":2993,"Ns":0}}}