{"sample_id":"EHS","ReferenceTables":{"Bacillus_subtilis":{"assembler":"IDBA-UD","contiguity":0.07272379876099846,"multiplicity":1.000119863159995,"validity":1.0000635716407162,"parsimony":1.000056287940962,"identity":0.9992296987187702,"lowest_identity":0.9646882043576258,"breadth_of_coverage":0.9836519326678823,"L90":33,"aligned_contigs":53,"NA50":114257,"NG50":114257,"aligned_basepairs":3979538,"Ns":0},"Enterococcus_faecalis":{"assembler":"IDBA-UD","contiguity":0.15580594870583736,"multiplicity":1.000740500863558,"validity":1.001179273299827,"parsimony":0.999561744386874,"identity":1.0013758265970438,"lowest_identity":0.9727936297279363,"breadth_of_coverage":0.9767371244454192,"L90":28,"aligned_contigs":51,"NA50":111759,"NG50":111759,"aligned_basepairs":2779200,"Ns":0},"Escherichia_coli_plasmid":{"assembler":"IDBA-UD","contiguity":0.4829419946003436,"multiplicity":1.0,"validity":1.0,"parsimony":1.0,"identity":1.0,"lowest_identity":1.0,"breadth_of_coverage":0.9810466606670485,"L90":2,"aligned_contigs":3,"NA50":28269,"NG50":28269,"aligned_basepairs":107922,"Ns":0},"Escherichia_coli":{"assembler":"IDBA-UD","contiguity":0.0189634354394584,"multiplicity":1.0063163681381952,"validity":0.9890931099942024,"parsimony":1.0174131818025645,"identity":0.992631894736494,"lowest_identity":0.32740387982351704,"breadth_of_coverage":0.9466703347481048,"L90":277,"aligned_contigs":421,"NA50":18745,"NG50":18368,"aligned_basepairs":4511295,"Ns":0},"Lactobacillus_fermentum":{"assembler":"IDBA-UD","contiguity":0.06396519663491894,"multiplicity":1.0006934874814324,"validity":1.0,"parsimony":1.0006934874814324,"identity":0.9999659261278452,"lowest_identity":0.9970355731225297,"breadth_of_coverage":0.9384522285605719,"L90":57,"aligned_contigs":87,"NA50":40364,"NG50":37467,"aligned_basepairs":1788064,"Ns":0},"Listeria_monocytogenes":{"assembler":"IDBA-UD","contiguity":0.19577207418136028,"multiplicity":1.0000799334520143,"validity":1.0002601692997517,"parsimony":0.9998198110319002,"identity":0.999688493422394,"lowest_identity":0.9944521497919556,"breadth_of_coverage":0.9866706412569152,"L90":11,"aligned_contigs":23,"NA50":475377,"NG50":475377,"aligned_basepairs":2952456,"Ns":0},"Pseudomonas_aeruginosa":{"assembler":"IDBA-UD","contiguity":0.05001052657924453,"multiplicity":1.0009825897931022,"validity":0.9999703134305024,"parsimony":1.0010123064145044,"identity":0.9970256437207853,"lowest_identity":0.7159120995499073,"breadth_of_coverage":0.9859045423293626,"L90":74,"aligned_contigs":157,"NA50":87971,"NG50":87280,"aligned_basepairs":6696589,"Ns":0},"Salmonella_enterica":{"assembler":"IDBA-UD","contiguity":0.04514400558349122,"multiplicity":1.011234508486422,"validity":0.9933898589440809,"parsimony":1.0179633900846432,"identity":0.994052138887771,"lowest_identity":0.5563135180286788,"breadth_of_coverage":0.9595423789420696,"L90":250,"aligned_contigs":383,"NA50":23107,"NG50":22563,"aligned_basepairs":4567178,"Ns":0},"Staphylococcus_aureus":{"assembler":"IDBA-UD","contiguity":0.06690243418003664,"multiplicity":1.0009444089936563,"validity":1.000093385494195,"parsimony":1.0008509440336324,"identity":1.0005878229114804,"lowest_identity":0.7890717800780587,"breadth_of_coverage":0.9798880380170518,"L90":44,"aligned_contigs":73,"NA50":51887,"NG50":51887,"aligned_basepairs":2664100,"Ns":0},"Staphylococcus_aureus_plasmid1":{"assembler":"IDBA-UD","contiguity":0.19046867602966702,"multiplicity":1.0,"validity":1.0,"parsimony":1.0,"identity":1.0,"lowest_identity":1.0,"breadth_of_coverage":0.19046867602966702,"L90":0,"aligned_contigs":1,"NA50":1207,"NG50":0,"aligned_basepairs":1207,"Ns":0},"Staphylococcus_aureus_plasmid2":{"assembler":"IDBA-UD","contiguity":0.0,"multiplicity":0,"validity":0,"parsimony":0,"identity":0,"lowest_identity":0,"breadth_of_coverage":0.0,"L90":0,"aligned_contigs":0,"NA50":0,"NG50":0,"aligned_basepairs":0,"Ns":0},"Staphylococcus_aureus_plasmid3":{"assembler":"IDBA-UD","contiguity":0.0,"multiplicity":0,"validity":0,"parsimony":0,"identity":0,"lowest_identity":0,"breadth_of_coverage":0.0,"L90":0,"aligned_contigs":0,"NA50":0,"NG50":0,"aligned_basepairs":0,"Ns":0}}}