{"sample_id":"EHS","ReferenceTables":{"Bacillus_subtilis":{"assembler":"Unicycler","contiguity":0.18989998460084678,"multiplicity":1.0,"validity":1.0002798164283446,"parsimony":0.9997202618469863,"identity":0.9999933874031726,"lowest_identity":0.9999568749095143,"breadth_of_coverage":0.9825663294425135,"L90":9,"aligned_contigs":17,"NA50":324637,"NG50":324637,"aligned_basepairs":3975146,"Ns":0},"Enterococcus_faecalis":{"assembler":"Unicycler","contiguity":0.31019346367741246,"multiplicity":1.0,"validity":1.000065195063273,"parsimony":0.9999348091868461,"identity":0.9999164065619285,"lowest_identity":0.9990749306197965,"breadth_of_coverage":0.9865579153944343,"L90":8,"aligned_contigs":20,"NA50":309574,"NG50":309574,"aligned_basepairs":2807144,"Ns":0},"Escherichia_coli_plasmid":{"assembler":"Unicycler","contiguity":0.4999409128510004,"multiplicity":1.0,"validity":1.0,"parsimony":1.0,"identity":1.0,"lowest_identity":1.0,"breadth_of_coverage":0.9811102929813558,"L90":1,"aligned_contigs":2,"NA50":54997,"NG50":52932,"aligned_basepairs":107929,"Ns":0},"Escherichia_coli":{"assembler":"Unicycler","contiguity":0.11707097401831607,"multiplicity":1.0,"validity":1.0004894539914326,"parsimony":0.9995107854565783,"identity":0.9995845357333942,"lowest_identity":0.9885151763740772,"breadth_of_coverage":0.9736974638616336,"L90":33,"aligned_contigs":66,"NA50":142855,"NG50":142855,"aligned_basepairs":4640091,"Ns":0},"Lactobacillus_fermentum":{"assembler":"Unicycler","contiguity":0.06386285232030306,"multiplicity":1.0000005617898624,"validity":1.0012875920341422,"parsimony":0.9987146247945956,"identity":1.0005562872414486,"lowest_identity":0.9998799375675351,"breadth_of_coverage":0.9342330185852027,"L90":45,"aligned_contigs":74,"NA50":45959,"NG50":44841,"aligned_basepairs":1780025,"Ns":0},"Listeria_monocytogenes":{"assembler":"Unicycler","contiguity":0.2434180317624122,"multiplicity":1.0,"validity":1.0002340110733217,"parsimony":0.9997660436750491,"identity":0.9998724452695633,"lowest_identity":0.9982316534040672,"breadth_of_coverage":0.9741780852589711,"L90":8,"aligned_contigs":14,"NA50":474609,"NG50":474609,"aligned_basepairs":2915074,"Ns":0},"Pseudomonas_aeruginosa":{"assembler":"Unicycler","contiguity":0.12477809529277877,"multiplicity":1.0,"validity":1.0003349664623953,"parsimony":0.9996651457025642,"identity":0.9999783110162747,"lowest_identity":0.9995721925133689,"breadth_of_coverage":0.9888144421722738,"L90":21,"aligned_contigs":50,"NA50":266657,"NG50":266657,"aligned_basepairs":6716354,"Ns":0},"Salmonella_enterica":{"assembler":"Unicycler","contiguity":0.08221510139406599,"multiplicity":1.0,"validity":1.000134799052666,"parsimony":0.9998652191156696,"identity":0.9997461773298458,"lowest_identity":0.9899817850637522,"breadth_of_coverage":0.9773620273014568,"L90":24,"aligned_contigs":54,"NA50":188790,"NG50":188790,"aligned_basepairs":4651995,"Ns":0},"Staphylococcus_aureus":{"assembler":"Unicycler","contiguity":0.16981109173967734,"multiplicity":1.0,"validity":1.0005115623961942,"parsimony":0.9994886991660855,"identity":0.9999869706324576,"lowest_identity":0.9999274253539526,"breadth_of_coverage":0.9826528810716572,"L90":9,"aligned_contigs":18,"NA50":324382,"NG50":324382,"aligned_basepairs":2671617,"Ns":0},"Staphylococcus_aureus_plasmid1":{"assembler":"Unicycler","contiguity":1.0,"multiplicity":1.0,"validity":1.0,"parsimony":1.0,"identity":1.0,"lowest_identity":1.0,"breadth_of_coverage":1.0,"L90":0,"aligned_contigs":1,"NA50":6337,"NG50":6337,"aligned_basepairs":6337,"Ns":0},"Staphylococcus_aureus_plasmid2":{"assembler":"Unicycler","contiguity":0.0,"multiplicity":0,"validity":0,"parsimony":0,"identity":0,"lowest_identity":0,"breadth_of_coverage":0.0,"L90":0,"aligned_contigs":0,"NA50":0,"NG50":0,"aligned_basepairs":0,"Ns":0},"Staphylococcus_aureus_plasmid3":{"assembler":"Unicycler","contiguity":0.3905780153691948,"multiplicity":1.0,"validity":1.0,"parsimony":1.0,"identity":1.0,"lowest_identity":1.0,"breadth_of_coverage":0.3905780153691948,"L90":0,"aligned_contigs":1,"NA50":1169,"NG50":0,"aligned_basepairs":1169,"Ns":0}}}