{"sample_id":"EHS","ReferenceTables":{"Bacillus_subtilis":{"assembler":"SPAdes","contiguity":0.18993656685889654,"multiplicity":1.0,"validity":1.0003113454325978,"parsimony":0.9996887514732095,"identity":0.9999639195874761,"lowest_identity":0.9997239431194428,"breadth_of_coverage":0.9823611721845318,"L90":10,"aligned_contigs":18,"NA50":324776,"NG50":324776,"aligned_basepairs":3974316,"Ns":0},"Enterococcus_faecalis":{"assembler":"SPAdes","contiguity":0.2648784420564899,"multiplicity":1.0001146709179047,"validity":1.0002798721099868,"parsimony":0.9998348450301878,"identity":0.9998411845202775,"lowest_identity":0.9980279773505703,"breadth_of_coverage":0.9746119339619989,"L90":14,"aligned_contigs":23,"NA50":283648,"NG50":198351,"aligned_basepairs":2773153,"Ns":0},"Escherichia_coli_plasmid":{"assembler":"SPAdes","contiguity":0.5009317588880707,"multiplicity":1.0,"validity":1.0,"parsimony":1.0,"identity":1.0,"lowest_identity":1.0,"breadth_of_coverage":0.9830738043942658,"L90":1,"aligned_contigs":2,"NA50":55106,"NG50":55106,"aligned_basepairs":108145,"Ns":0},"Escherichia_coli":{"assembler":"SPAdes","contiguity":0.043587215770903555,"multiplicity":1.000138839136399,"validity":1.000517982055961,"parsimony":0.9996210533679935,"identity":0.9996337565015968,"lowest_identity":0.9897820163487738,"breadth_of_coverage":0.9718441174507925,"L90":43,"aligned_contigs":83,"NA50":106175,"NG50":106175,"aligned_basepairs":4631259,"Ns":0},"Lactobacillus_fermentum":{"assembler":"SPAdes","contiguity":0.06392006016796015,"multiplicity":1.0004870298321114,"validity":1.001460836351148,"parsimony":0.999027613977812,"identity":1.0005328453816187,"lowest_identity":0.9998807180771754,"breadth_of_coverage":0.940779380822145,"L90":46,"aligned_contigs":74,"NA50":46069,"NG50":45008,"aligned_basepairs":1792498,"Ns":0},"Listeria_monocytogenes":{"assembler":"SPAdes","contiguity":0.24362155127990048,"multiplicity":1.0000514823705058,"validity":1.000589993893343,"parsimony":0.9994618060083313,"identity":0.9997012899615361,"lowest_identity":0.996852871754524,"breadth_of_coverage":0.9866743173073131,"L90":10,"aligned_contigs":17,"NA50":331794,"NG50":331794,"aligned_basepairs":2952467,"Ns":0},"Pseudomonas_aeruginosa":{"assembler":"SPAdes","contiguity":0.12480003180057506,"multiplicity":1.0001472813705596,"validity":1.0003154645080832,"parsimony":0.9998318699015553,"identity":0.9996453325567539,"lowest_identity":0.990745501285347,"breadth_of_coverage":0.9886206942242206,"L90":22,"aligned_contigs":52,"NA50":262034,"NG50":260499,"aligned_basepairs":6715038,"Ns":0},"Salmonella_enterica":{"assembler":"SPAdes","contiguity":0.08224829644270934,"multiplicity":1.0002061680398648,"validity":1.000281726880317,"parsimony":0.9999244624405088,"identity":0.9995558360623636,"lowest_identity":0.9944111776447105,"breadth_of_coverage":0.9762485225051925,"L90":36,"aligned_contigs":78,"NA50":133733,"NG50":133733,"aligned_basepairs":4646695,"Ns":0},"Staphylococcus_aureus":{"assembler":"SPAdes","contiguity":0.1698280110932109,"multiplicity":1.000020572091153,"validity":1.0009007275452666,"parsimony":0.9991206366127117,"identity":0.9999029261347254,"lowest_identity":0.998798049405893,"breadth_of_coverage":0.983354666431267,"L90":11,"aligned_contigs":22,"NA50":280189,"NG50":278993,"aligned_basepairs":2673525,"Ns":0},"Staphylococcus_aureus_plasmid1":{"assembler":"SPAdes","contiguity":1.0086791857345747,"multiplicity":1.0086791857345747,"validity":1.0,"parsimony":1.0086791857345747,"identity":1.0,"lowest_identity":1.0,"breadth_of_coverage":1.0,"L90":0,"aligned_contigs":1,"NA50":6392,"NG50":6392,"aligned_basepairs":6337,"Ns":0},"Staphylococcus_aureus_plasmid2":{"assembler":"SPAdes","contiguity":0.0,"multiplicity":0,"validity":0,"parsimony":0,"identity":0,"lowest_identity":0,"breadth_of_coverage":0.0,"L90":0,"aligned_contigs":0,"NA50":0,"NG50":0,"aligned_basepairs":0,"Ns":0},"Staphylococcus_aureus_plasmid3":{"assembler":"SPAdes","contiguity":0.0,"multiplicity":0,"validity":0,"parsimony":0,"identity":0,"lowest_identity":0,"breadth_of_coverage":0.0,"L90":0,"aligned_contigs":0,"NA50":0,"NG50":0,"aligned_basepairs":0,"Ns":0}}}