{"sample_id":"EHS","ReferenceTables":{"Bacillus_subtilis":{"assembler":"MEGAHIT","contiguity":0.18999119306855194,"multiplicity":1.0000966098717723,"validity":1.0002477100001055,"parsimony":0.9998489372914103,"identity":0.9999256118914363,"lowest_identity":0.9992546679796868,"breadth_of_coverage":0.9850267334737796,"L90":11,"aligned_contigs":22,"NA50":269763,"NG50":269763,"aligned_basepairs":3985100,"Ns":0},"Enterococcus_faecalis":{"assembler":"MEGAHIT","contiguity":0.2548042589562352,"multiplicity":1.0006148606764473,"validity":1.0002834670532343,"parsimony":1.0003312997106604,"identity":0.9981223387297776,"lowest_identity":0.9501400560224089,"breadth_of_coverage":0.9791258989973964,"L90":13,"aligned_contigs":30,"NA50":238501,"NG50":238501,"aligned_basepairs":2785997,"Ns":0},"Escherichia_coli_plasmid":{"assembler":"MEGAHIT","contiguity":1.00126355595553,"multiplicity":1.00126355595553,"validity":0.7952952049502877,"parsimony":1.2589835192305945,"identity":0.7952952049502877,"lowest_identity":0.7952952049502877,"breadth_of_coverage":1.0,"L90":0,"aligned_contigs":0,"NA50":0,"NG50":0,"aligned_basepairs":110007,"Ns":0},"Escherichia_coli":{"assembler":"MEGAHIT","contiguity":0.07228365768993968,"multiplicity":1.0014544086830368,"validity":0.9740194150971517,"parsimony":1.028166783085272,"identity":0.9911366021743527,"lowest_identity":0.07653595384737576,"breadth_of_coverage":0.9763538850816106,"L90":57,"aligned_contigs":132,"NA50":81004,"NG50":88313,"aligned_basepairs":4652750,"Ns":0},"Lactobacillus_fermentum":{"assembler":"MEGAHIT","contiguity":0.06400928341659962,"multiplicity":1.0013832146350747,"validity":1.0020252172208792,"parsimony":0.9993592949810334,"identity":0.9969991989514632,"lowest_identity":0.7272434866516565,"breadth_of_coverage":0.9485921883471288,"L90":46,"aligned_contigs":76,"NA50":46241,"NG50":44906,"aligned_basepairs":1807384,"Ns":0},"Listeria_monocytogenes":{"assembler":"MEGAHIT","contiguity":0.21129570082564092,"multiplicity":1.0002996439405711,"validity":0.9999176040611742,"parsimony":1.0003820713605254,"identity":0.9594895854613721,"lowest_identity":0.2334481438959051,"breadth_of_coverage":0.9892518970090985,"L90":7,"aligned_contigs":19,"NA50":542872,"NG50":542872,"aligned_basepairs":2960180,"Ns":0},"Pseudomonas_aeruginosa":{"assembler":"MEGAHIT","contiguity":0.06899944496218528,"multiplicity":1.0008624533946027,"validity":1.0003063840151603,"parsimony":1.000555899060856,"identity":0.9970119842432267,"lowest_identity":0.8247566063977747,"breadth_of_coverage":0.9907703247633728,"L90":30,"aligned_contigs":80,"NA50":233613,"NG50":233613,"aligned_basepairs":6729639,"Ns":0},"Salmonella_enterica":{"assembler":"MEGAHIT","contiguity":0.08749878669996256,"multiplicity":1.0015713038105345,"validity":0.9754732582194195,"parsimony":1.0267542399252985,"identity":0.991407474111098,"lowest_identity":0.1373242741720037,"breadth_of_coverage":0.9836867345442383,"L90":47,"aligned_contigs":104,"NA50":117581,"NG50":117581,"aligned_basepairs":4682099,"Ns":0},"Staphylococcus_aureus":{"assembler":"MEGAHIT","contiguity":0.15285054325837324,"multiplicity":1.0011095360050961,"validity":1.0010236689413623,"parsimony":1.0000857792541755,"identity":0.9944748327901846,"lowest_identity":0.7867108063371956,"breadth_of_coverage":0.986214772802507,"L90":21,"aligned_contigs":39,"NA50":138339,"NG50":138339,"aligned_basepairs":2681301,"Ns":0},"Staphylococcus_aureus_plasmid1":{"assembler":"MEGAHIT","contiguity":1.0222502761559098,"multiplicity":1.0222502761559098,"validity":1.0,"parsimony":1.0222502761559098,"identity":1.0,"lowest_identity":1.0,"breadth_of_coverage":1.0,"L90":0,"aligned_contigs":1,"NA50":6478,"NG50":6478,"aligned_basepairs":6337,"Ns":0},"Staphylococcus_aureus_plasmid2":{"assembler":"MEGAHIT","contiguity":1.0636281588447654,"multiplicity":1.0636281588447654,"validity":1.0,"parsimony":1.0636281588447654,"identity":1.0,"lowest_identity":1.0,"breadth_of_coverage":1.0,"L90":0,"aligned_contigs":1,"NA50":2357,"NG50":2357,"aligned_basepairs":2216,"Ns":0},"Staphylococcus_aureus_plasmid3":{"assembler":"MEGAHIT","contiguity":1.047109923154026,"multiplicity":1.047109923154026,"validity":1.0,"parsimony":1.047109923154026,"identity":1.0,"lowest_identity":1.0,"breadth_of_coverage":1.0,"L90":0,"aligned_contigs":1,"NA50":3134,"NG50":3134,"aligned_basepairs":2993,"Ns":0}}}