{"sample_id":"EHS","ReferenceTables":{"Bacillus_subtilis":{"assembler":"metaSPAdes","contiguity":0.2552934898164139,"multiplicity":1.0,"validity":1.0000093059754422,"parsimony":0.9999906941111582,"identity":0.9999614544599411,"lowest_identity":0.9995958915642364,"breadth_of_coverage":0.9827717338779146,"L90":10,"aligned_contigs":19,"NA50":307964,"NG50":307964,"aligned_basepairs":3975977,"Ns":0},"Enterococcus_faecalis":{"assembler":"metaSPAdes","contiguity":0.2272639411371087,"multiplicity":1.0001239357244187,"validity":1.0003981403825741,"parsimony":0.9997259044703436,"identity":0.9991179334438016,"lowest_identity":0.9836065573770492,"breadth_of_coverage":0.9783189803021868,"L90":12,"aligned_contigs":21,"NA50":238611,"NG50":238611,"aligned_basepairs":2783701,"Ns":0},"Escherichia_coli_plasmid":{"assembler":"metaSPAdes","contiguity":1.000499968183843,"multiplicity":1.000499968183843,"validity":0.9999909142945403,"parsimony":1.0005090585144583,"identity":0.9999909142945403,"lowest_identity":0.9999909142945403,"breadth_of_coverage":1.0,"L90":0,"aligned_contigs":1,"NA50":110063,"NG50":110063,"aligned_basepairs":110007,"Ns":0},"Escherichia_coli":{"assembler":"metaSPAdes","contiguity":0.05271167327047232,"multiplicity":1.0002048379466153,"validity":1.0004556429645168,"parsimony":0.9997493092075943,"identity":0.9996266441089471,"lowest_identity":0.993073047858942,"breadth_of_coverage":0.979365992688179,"L90":44,"aligned_contigs":84,"NA50":98774,"NG50":98774,"aligned_basepairs":4667104,"Ns":0},"Lactobacillus_fermentum":{"assembler":"metaSPAdes","contiguity":0.06391901048268203,"multiplicity":1.0004294303683638,"validity":1.000007191029136,"parsimony":1.0004222363029143,"identity":0.9995581799453469,"lowest_identity":0.9790748898678414,"breadth_of_coverage":0.948414266692489,"L90":47,"aligned_contigs":77,"NA50":46069,"NG50":45077,"aligned_basepairs":1807045,"Ns":0},"Listeria_monocytogenes":{"assembler":"metaSPAdes","contiguity":0.26059989132258277,"multiplicity":1.0000690109879702,"validity":1.00016442421583,"parsimony":0.9999046024578062,"identity":0.9998279523421345,"lowest_identity":0.9982198486871384,"breadth_of_coverage":0.9878720413642558,"L90":10,"aligned_contigs":17,"NA50":327115,"NG50":327115,"aligned_basepairs":2956051,"Ns":0},"Pseudomonas_aeruginosa":{"assembler":"metaSPAdes","contiguity":0.09423099289934382,"multiplicity":1.0002163497768568,"validity":0.9999685279419916,"parsimony":1.0002478296345738,"identity":0.9986179376222319,"lowest_identity":0.9596365542547615,"breadth_of_coverage":0.9914808320561574,"L90":24,"aligned_contigs":53,"NA50":262073,"NG50":262073,"aligned_basepairs":6734465,"Ns":0},"Salmonella_enterica":{"assembler":"metaSPAdes","contiguity":0.07700074751888021,"multiplicity":1.0001790775771766,"validity":0.9999833150333475,"parsimony":1.0001957658101752,"identity":0.9991815103922892,"lowest_identity":0.9894878103332588,"breadth_of_coverage":0.9819750885866598,"L90":33,"aligned_contigs":65,"NA50":153683,"NG50":153683,"aligned_basepairs":4673952,"Ns":0},"Staphylococcus_aureus":{"assembler":"metaSPAdes","contiguity":0.10709251943886597,"multiplicity":1.0000519052397032,"validity":1.000026885494678,"parsimony":1.000025019072375,"identity":0.9997368355830367,"lowest_identity":0.995390866638365,"breadth_of_coverage":0.9849848093630231,"L90":18,"aligned_contigs":31,"NA50":133994,"NG50":133994,"aligned_basepairs":2677957,"Ns":0},"Staphylococcus_aureus_plasmid1":{"assembler":"metaSPAdes","contiguity":1.0086791857345747,"multiplicity":1.0086791857345747,"validity":1.0,"parsimony":1.0086791857345747,"identity":1.0,"lowest_identity":1.0,"breadth_of_coverage":1.0,"L90":0,"aligned_contigs":1,"NA50":6392,"NG50":6392,"aligned_basepairs":6337,"Ns":0},"Staphylococcus_aureus_plasmid2":{"assembler":"metaSPAdes","contiguity":1.0175992779783394,"multiplicity":1.0175992779783394,"validity":1.0,"parsimony":1.0175992779783394,"identity":1.0,"lowest_identity":1.0,"breadth_of_coverage":1.0,"L90":0,"aligned_contigs":1,"NA50":2255,"NG50":2255,"aligned_basepairs":2216,"Ns":0},"Staphylococcus_aureus_plasmid3":{"assembler":"metaSPAdes","contiguity":1.018376211159372,"multiplicity":1.018376211159372,"validity":1.0,"parsimony":1.018376211159372,"identity":0.9986876640419947,"lowest_identity":0.9986876640419947,"breadth_of_coverage":1.0,"L90":0,"aligned_contigs":1,"NA50":3048,"NG50":3048,"aligned_basepairs":2993,"Ns":0}}}