{"ERR2935805":{"assembler":"GATBMiniaPipeline","mapped_reads_original":89.68045360238246,"mapped_reads_filtered":89.11538549907633}}