{"ERR2935805":{"assembler":"Unicycler","mapped_reads_original":88.2131955197959,"mapped_reads_filtered":87.58672467263038}}