{"ERR2935805":{"assembler":"BCALM2","mapped_reads_original":1.4354669716249517,"mapped_reads_filtered":0.10403897947910076}}