{"ERR2935805":{"assembler":"IDBA-UD","mapped_reads_original":90.20766673273744,"mapped_reads_filtered":89.45148505872142}}