{"ERR2935805":{"assembler":"MetaHipMer2","mapped_reads_original":85.3079125841349,"mapped_reads_filtered":74.31879498466243}}