{"ERR2935805":{"assembler":"SKESA","mapped_reads_original":78.66257839091298,"mapped_reads_filtered":62.71004811304971}}