{"ERR2935805":{"assembler":"MEGAHIT","mapped_reads_original":94.14033263079226,"mapped_reads_filtered":93.40536663389052}}