{"ERR2935805":{"assembler":"MINIA","mapped_reads_original":87.69379715107408,"mapped_reads_filtered":84.2541030582248}}