{"sample_id":"LHS","ReferenceTables":{"Bacillus_subtilis":{"assembler":"MEGAHIT","contiguity":0.030581284665088193,"multiplicity":1.0000591975930007,"validity":0.9998362984717077,"parsimony":1.000222935616194,"identity":0.9994025440963169,"lowest_identity":0.9079401611047181,"breadth_of_coverage":0.9812340431527282,"L90":147,"aligned_contigs":223,"NA50":26511,"NG50":26209,"aligned_basepairs":3969756,"Ns":0},"Enterococcus_faecalis":{"assembler":"MEGAHIT","contiguity":0.0,"multiplicity":0,"validity":0,"parsimony":0,"identity":0,"lowest_identity":0,"breadth_of_coverage":0.0,"L90":0,"aligned_contigs":0,"NA50":0,"NG50":0,"aligned_basepairs":0,"Ns":0},"Escherichia_coli_plasmid":{"assembler":"MEGAHIT","contiguity":0.0,"multiplicity":0,"validity":0,"parsimony":0,"identity":0,"lowest_identity":0,"breadth_of_coverage":0.0,"L90":0,"aligned_contigs":0,"NA50":0,"NG50":0,"aligned_basepairs":0,"Ns":0},"Escherichia_coli":{"assembler":"MEGAHIT","contiguity":0.0003533780973569249,"multiplicity":1.0,"validity":0.9649282623548167,"parsimony":1.036346471560066,"identity":0.9624442117504297,"lowest_identity":0.9146121467227901,"breadth_of_coverage":0.0008891110442406715,"L90":0,"aligned_contigs":3,"NA50":1663,"NG50":0,"aligned_basepairs":4237,"Ns":0},"Lactobacillus_fermentum":{"assembler":"MEGAHIT","contiguity":0.0,"multiplicity":0,"validity":0,"parsimony":0,"identity":0,"lowest_identity":0,"breadth_of_coverage":0.0,"L90":0,"aligned_contigs":0,"NA50":0,"NG50":0,"aligned_basepairs":0,"Ns":0},"Listeria_monocytogenes":{"assembler":"MEGAHIT","contiguity":0.2112893512840444,"multiplicity":0.9995922560402353,"validity":0.9998053764748814,"parsimony":0.9997868380790293,"identity":0.9856724687368019,"lowest_identity":0.7621035058430717,"breadth_of_coverage":0.9892555730594965,"L90":8,"aligned_contigs":17,"NA50":447826,"NG50":447826,"aligned_basepairs":2960191,"Ns":0},"Pseudomonas_aeruginosa":{"assembler":"MEGAHIT","contiguity":0.06899944496218528,"multiplicity":1.0002363755355035,"validity":0.9999992573240106,"parsimony":1.0002371183875949,"identity":0.9998819053255165,"lowest_identity":0.9921875,"breadth_of_coverage":0.9909434612275906,"L90":31,"aligned_contigs":82,"NA50":215542,"NG50":215542,"aligned_basepairs":6730815,"Ns":0},"Salmonella_enterica":{"assembler":"MEGAHIT","contiguity":0.0006968859262658134,"multiplicity":0.9989539748953975,"validity":0.9625075589598872,"parsimony":1.0378661087866108,"identity":0.9566500298207615,"lowest_identity":0.9488966318234611,"breadth_of_coverage":0.0010042552690836864,"L90":0,"aligned_contigs":2,"NA50":3444,"NG50":0,"aligned_basepairs":4780,"Ns":0},"Staphylococcus_aureus":{"assembler":"MEGAHIT","contiguity":0.0,"multiplicity":0,"validity":0,"parsimony":0,"identity":0,"lowest_identity":0,"breadth_of_coverage":0.0,"L90":0,"aligned_contigs":0,"NA50":0,"NG50":0,"aligned_basepairs":0,"Ns":0},"Staphylococcus_aureus_plasmid1":{"assembler":"MEGAHIT","contiguity":0.0,"multiplicity":0,"validity":0,"parsimony":0,"identity":0,"lowest_identity":0,"breadth_of_coverage":0.0,"L90":0,"aligned_contigs":0,"NA50":0,"NG50":0,"aligned_basepairs":0,"Ns":0},"Staphylococcus_aureus_plasmid2":{"assembler":"MEGAHIT","contiguity":0.0,"multiplicity":0,"validity":0,"parsimony":0,"identity":0,"lowest_identity":0,"breadth_of_coverage":0.0,"L90":0,"aligned_contigs":0,"NA50":0,"NG50":0,"aligned_basepairs":0,"Ns":0},"Staphylococcus_aureus_plasmid3":{"assembler":"MEGAHIT","contiguity":0.0,"multiplicity":0,"validity":0,"parsimony":0,"identity":0,"lowest_identity":0,"breadth_of_coverage":0.0,"L90":0,"aligned_contigs":0,"NA50":0,"NG50":0,"aligned_basepairs":0,"Ns":0}}}