{"ENN":{"assembler":"MEGAHIT","mapped_reads_original":101.58231514862617,"mapped_reads_filtered":100.79058846989903}}