{"ENN":{"assembler":"ABySS","mapped_reads_original":108.30181633088367,"mapped_reads_filtered":107.09334587184178}}