{"ENN":{"assembler":"MINIA","mapped_reads_original":97.22847857674725,"mapped_reads_filtered":92.97313690580663}}