{"sample_id":"LHS","ReferenceTables":{"Bacillus_subtilis":{"assembler":"GATBMiniaPipeline","contiguity":0.1899659809717879,"multiplicity":1.0,"validity":1.0011505566549317,"parsimony":0.9988507656043503,"identity":0.999945277467026,"lowest_identity":0.9989787650529591,"breadth_of_coverage":0.9852818205704509,"L90":9,"aligned_contigs":19,"NA50":552227,"NG50":325082,"aligned_basepairs":3986132,"Ns":696},"Enterococcus_faecalis":{"assembler":"GATBMiniaPipeline","contiguity":0.15580665159668686,"multiplicity":1.0006269467763036,"validity":1.0,"parsimony":1.0006269467763036,"identity":0.9999628884869615,"lowest_identity":0.9990458015267175,"breadth_of_coverage":0.9894000545443299,"L90":23,"aligned_contigs":45,"NA50":128464,"NG50":128464,"aligned_basepairs":2815231,"Ns":0},"Escherichia_coli_plasmid":{"assembler":"GATBMiniaPipeline","contiguity":0.48301471724526623,"multiplicity":1.0009231053263177,"validity":1.0,"parsimony":1.0009231053263177,"identity":1.0,"lowest_identity":1.0,"breadth_of_coverage":0.9847555155581008,"L90":2,"aligned_contigs":3,"NA50":28767,"NG50":28767,"aligned_basepairs":108330,"Ns":0},"Escherichia_coli":{"assembler":"GATBMiniaPipeline","contiguity":0.09524085319406375,"multiplicity":1.0002661455152757,"validity":0.9959865189575283,"parsimony":1.0042968719719487,"identity":0.9955989543037739,"lowest_identity":0.9610281447443998,"breadth_of_coverage":0.9745336940979562,"L90":23,"aligned_contigs":48,"NA50":163702,"NG50":149891,"aligned_basepairs":4644076,"Ns":19846},"Lactobacillus_fermentum":{"assembler":"GATBMiniaPipeline","contiguity":0.06396624632019705,"multiplicity":1.0009178140737442,"validity":1.0,"parsimony":1.0009178140737442,"identity":1.0,"lowest_identity":1.0,"breadth_of_coverage":0.9406765116648901,"L90":54,"aligned_contigs":88,"NA50":40366,"NG50":40071,"aligned_basepairs":1792302,"Ns":0},"Listeria_monocytogenes":{"assembler":"GATBMiniaPipeline","contiguity":0.40273772182457757,"multiplicity":1.0,"validity":0.9999794589768379,"parsimony":1.0000205414451044,"identity":0.9994796518333187,"lowest_identity":0.9980682590552987,"breadth_of_coverage":0.9761330756978982,"L90":4,"aligned_contigs":8,"NA50":542997,"NG50":542997,"aligned_basepairs":2920924,"Ns":1495},"Pseudomonas_aeruginosa":{"assembler":"GATBMiniaPipeline","contiguity":0.12480754026968655,"multiplicity":1.0003779861238482,"validity":0.9994802710318946,"parsimony":1.0008981819031073,"identity":0.9977618499609135,"lowest_identity":0.904304932735426,"breadth_of_coverage":0.989714722341229,"L90":20,"aligned_contigs":60,"NA50":294681,"NG50":294681,"aligned_basepairs":6722469,"Ns":6396},"Salmonella_enterica":{"assembler":"GATBMiniaPipeline","contiguity":0.1113914481991266,"multiplicity":1.0001847876615926,"validity":0.9989370280771205,"parsimony":1.0012490873292323,"identity":0.9984494155255011,"lowest_identity":0.9665931102120878,"breadth_of_coverage":0.9789182027780474,"L90":20,"aligned_contigs":46,"NA50":216722,"NG50":216722,"aligned_basepairs":4659402,"Ns":6651},"Staphylococcus_aureus":{"assembler":"GATBMiniaPipeline","contiguity":0.06690316980410331,"multiplicity":1.0006698681045054,"validity":1.0,"parsimony":1.0006698681045054,"identity":1.0,"lowest_identity":1.0,"breadth_of_coverage":0.9823064021362523,"L90":40,"aligned_contigs":66,"NA50":53354,"NG50":53354,"aligned_basepairs":2670675,"Ns":0},"Staphylococcus_aureus_plasmid1":{"assembler":"GATBMiniaPipeline","contiguity":0.4188101625374783,"multiplicity":1.0,"validity":1.0,"parsimony":1.0,"identity":1.0,"lowest_identity":1.0,"breadth_of_coverage":0.8369891115669875,"L90":0,"aligned_contigs":2,"NA50":2654,"NG50":2650,"aligned_basepairs":5304,"Ns":0},"Staphylococcus_aureus_plasmid2":{"assembler":"GATBMiniaPipeline","contiguity":0.5888989169675091,"multiplicity":1.0,"validity":1.0,"parsimony":1.0,"identity":1.0,"lowest_identity":1.0,"breadth_of_coverage":0.5888989169675091,"L90":0,"aligned_contigs":1,"NA50":1305,"NG50":1305,"aligned_basepairs":1305,"Ns":0},"Staphylococcus_aureus_plasmid3":{"assembler":"GATBMiniaPipeline","contiguity":0.0,"multiplicity":0,"validity":0,"parsimony":0,"identity":0,"lowest_identity":0,"breadth_of_coverage":0.0,"L90":0,"aligned_contigs":0,"NA50":0,"NG50":0,"aligned_basepairs":0,"Ns":0}}}