{"sample_id":"LHS","ReferenceTables":{"Bacillus_subtilis":{"assembler":"SPAdes","contiguity":0.18993557814921952,"multiplicity":1.0,"validity":1.0003214015422743,"parsimony":0.9996787017234873,"identity":0.9999806094419353,"lowest_identity":0.9998295659480692,"breadth_of_coverage":0.9824066528296748,"L90":11,"aligned_contigs":18,"NA50":294377,"NG50":294377,"aligned_basepairs":3974500,"Ns":0},"Enterococcus_faecalis":{"assembler":"SPAdes","contiguity":0.22430406776992415,"multiplicity":1.0001878870499918,"validity":1.000158702990911,"parsimony":1.0000291794282183,"identity":0.9997920470795697,"lowest_identity":0.9976958525345622,"breadth_of_coverage":0.9876315811670238,"L90":16,"aligned_contigs":27,"NA50":198351,"NG50":198351,"aligned_basepairs":2810199,"Ns":0},"Escherichia_coli_plasmid":{"assembler":"SPAdes","contiguity":0.48214204550619505,"multiplicity":1.0010171528965741,"validity":1.0,"parsimony":1.0010171528965741,"identity":1.0,"lowest_identity":1.0,"breadth_of_coverage":0.9830738043942658,"L90":2,"aligned_contigs":4,"NA50":27642,"NG50":27642,"aligned_basepairs":108145,"Ns":0},"Escherichia_coli":{"assembler":"SPAdes","contiguity":0.04079334641923485,"multiplicity":1.0002232693686177,"validity":1.000276381242462,"parsimony":0.9999469028012254,"identity":0.9998838806908167,"lowest_identity":0.9967688330871491,"breadth_of_coverage":0.9643079727890471,"L90":67,"aligned_contigs":119,"NA50":86785,"NG50":85988,"aligned_basepairs":4595346,"Ns":0},"Lactobacillus_fermentum":{"assembler":"SPAdes","contiguity":0.06392006016796015,"multiplicity":1.0004981121382621,"validity":1.001453889265451,"parsimony":0.9990456104495337,"identity":1.000549309885862,"lowest_identity":0.9999743826211702,"breadth_of_coverage":0.9409216131773291,"L90":43,"aligned_contigs":73,"NA50":46069,"NG50":45008,"aligned_basepairs":1792769,"Ns":0},"Listeria_monocytogenes":{"assembler":"SPAdes","contiguity":0.21141934979357305,"multiplicity":1.0000188611112348,"validity":1.0004470281888498,"parsimony":0.9995720242396141,"identity":0.9997671331586283,"lowest_identity":0.9976384151141433,"breadth_of_coverage":0.9745052537443916,"L90":10,"aligned_contigs":18,"NA50":474704,"NG50":474704,"aligned_basepairs":2916053,"Ns":0},"Pseudomonas_aeruginosa":{"assembler":"SPAdes","contiguity":0.12480003180057506,"multiplicity":1.000125178539427,"validity":1.0004590419349622,"parsimony":0.9996662897914447,"identity":0.9999381973278573,"lowest_identity":0.9983681462140992,"breadth_of_coverage":0.9891162531855784,"L90":20,"aligned_contigs":45,"NA50":310929,"NG50":310929,"aligned_basepairs":6718404,"Ns":0},"Salmonella_enterica":{"assembler":"SPAdes","contiguity":0.07694654294577905,"multiplicity":1.000187539812023,"validity":1.000214336956128,"parsimony":0.9999732085982824,"identity":0.9998973288254538,"lowest_identity":0.9969512195121951,"breadth_of_coverage":0.9802363403425309,"L90":34,"aligned_contigs":79,"NA50":137936,"NG50":137936,"aligned_basepairs":4665676,"Ns":0},"Staphylococcus_aureus":{"assembler":"SPAdes","contiguity":0.30359977637028374,"multiplicity":1.0000205996675589,"validity":1.0009113162916061,"parsimony":0.9991100943614591,"identity":0.9998814090244289,"lowest_identity":0.9987579843860894,"breadth_of_coverage":0.9820382671639485,"L90":9,"aligned_contigs":23,"NA50":212906,"NG50":224577,"aligned_basepairs":2669946,"Ns":0},"Staphylococcus_aureus_plasmid1":{"assembler":"SPAdes","contiguity":0.33596338961653777,"multiplicity":1.0,"validity":0.9985928705440901,"parsimony":1.0014091122592765,"identity":0.9985928705440901,"lowest_identity":0.9985928705440901,"breadth_of_coverage":0.33596338961653777,"L90":0,"aligned_contigs":1,"NA50":2132,"NG50":0,"aligned_basepairs":2129,"Ns":0},"Staphylococcus_aureus_plasmid2":{"assembler":"SPAdes","contiguity":0.0,"multiplicity":0,"validity":0,"parsimony":0,"identity":0,"lowest_identity":0,"breadth_of_coverage":0.0,"L90":0,"aligned_contigs":0,"NA50":0,"NG50":0,"aligned_basepairs":0,"Ns":0},"Staphylococcus_aureus_plasmid3":{"assembler":"SPAdes","contiguity":0.0,"multiplicity":0,"validity":0,"parsimony":0,"identity":0,"lowest_identity":0,"breadth_of_coverage":0.0,"L90":0,"aligned_contigs":0,"NA50":0,"NG50":0,"aligned_basepairs":0,"Ns":0}}}