{"sample_id":"LHS","ReferenceTables":{"Bacillus_subtilis":{"assembler":"MINIA","contiguity":0.0336843499864176,"multiplicity":1.0002821349850164,"validity":1.0,"parsimony":1.0002821349850164,"identity":1.0,"lowest_identity":1.0,"breadth_of_coverage":0.9768473854932067,"L90":65,"aligned_contigs":115,"NA50":65138,"NG50":64960,"aligned_basepairs":3952009,"Ns":0},"Enterococcus_faecalis":{"assembler":"MINIA","contiguity":0.045908612943313255,"multiplicity":1.0007393780229208,"validity":0.9999985384160889,"parsimony":1.0007408406896328,"identity":0.9999802196964668,"lowest_identity":0.9968823070927514,"breadth_of_coverage":0.9611086978525278,"L90":107,"aligned_contigs":166,"NA50":30453,"NG50":29183,"aligned_basepairs":2734731,"Ns":0},"Escherichia_coli_plasmid":{"assembler":"MINIA","contiguity":0.011172016326233785,"multiplicity":1.0,"validity":1.0,"parsimony":1.0,"identity":1.0,"lowest_identity":1.0,"breadth_of_coverage":0.011172016326233785,"L90":0,"aligned_contigs":1,"NA50":1229,"NG50":0,"aligned_basepairs":1229,"Ns":0},"Escherichia_coli":{"assembler":"MINIA","contiguity":0.011346290810029054,"multiplicity":1.0022706525396965,"validity":1.0000275610437368,"parsimony":1.0022430296757208,"identity":0.9999870474690347,"lowest_identity":0.9944444444444445,"breadth_of_coverage":0.7900638220988896,"L90":0,"aligned_contigs":1117,"NA50":4469,"NG50":3200,"aligned_basepairs":3764997,"Ns":0},"Lactobacillus_fermentum":{"assembler":"MINIA","contiguity":0.03464433776143068,"multiplicity":1.0008050321642015,"validity":1.0004060626522735,"parsimony":1.000398807571068,"identity":0.9999902665311501,"lowest_identity":0.9987330316742081,"breadth_of_coverage":0.9199048145389809,"L90":207,"aligned_contigs":237,"NA50":11217,"NG50":10234,"aligned_basepairs":1752725,"Ns":0},"Listeria_monocytogenes":{"assembler":"MINIA","contiguity":0.054075369727123436,"multiplicity":1.0006280772099803,"validity":1.0000003424349109,"parsimony":1.0006277345601111,"identity":0.9999697385409942,"lowest_identity":0.9961265332472563,"breadth_of_coverage":0.9752999490031554,"L90":72,"aligned_contigs":128,"NA50":44353,"NG50":44353,"aligned_basepairs":2918431,"Ns":0},"Pseudomonas_aeruginosa":{"assembler":"MINIA","contiguity":0.015603629387853653,"multiplicity":1.0010082683532247,"validity":1.0,"parsimony":1.0010082683532247,"identity":0.9999699605464031,"lowest_identity":0.9880341880341881,"breadth_of_coverage":0.9588973150597807,"L90":333,"aligned_contigs":516,"NA50":22276,"NG50":21921,"aligned_basepairs":6513147,"Ns":0},"Salmonella_enterica":{"assembler":"MINIA","contiguity":0.011955679987965744,"multiplicity":1.0023548612669337,"validity":1.0,"parsimony":1.0023548612669337,"identity":0.9999927329123581,"lowest_identity":0.9950698438783895,"breadth_of_coverage":0.804297330151651,"L90":0,"aligned_contigs":1084,"NA50":4996,"NG50":3551,"aligned_basepairs":3828251,"Ns":0},"Staphylococcus_aureus":{"assembler":"MINIA","contiguity":0.033340689574000104,"multiplicity":1.0005925881489293,"validity":1.0,"parsimony":1.0005925881489293,"identity":0.999999679077413,"lowest_identity":0.9999670586685114,"breadth_of_coverage":0.9564793767792907,"L90":113,"aligned_contigs":176,"NA50":29647,"NG50":29165,"aligned_basepairs":2600457,"Ns":0},"Staphylococcus_aureus_plasmid1":{"assembler":"MINIA","contiguity":0.0,"multiplicity":0,"validity":0,"parsimony":0,"identity":0,"lowest_identity":0,"breadth_of_coverage":0.0,"L90":0,"aligned_contigs":0,"NA50":0,"NG50":0,"aligned_basepairs":0,"Ns":0},"Staphylococcus_aureus_plasmid2":{"assembler":"MINIA","contiguity":0.0,"multiplicity":0,"validity":0,"parsimony":0,"identity":0,"lowest_identity":0,"breadth_of_coverage":0.0,"L90":0,"aligned_contigs":0,"NA50":0,"NG50":0,"aligned_basepairs":0,"Ns":0},"Staphylococcus_aureus_plasmid3":{"assembler":"MINIA","contiguity":0.0,"multiplicity":0,"validity":0,"parsimony":0,"identity":0,"lowest_identity":0,"breadth_of_coverage":0.0,"L90":0,"aligned_contigs":0,"NA50":0,"NG50":0,"aligned_basepairs":0,"Ns":0}}}