{"sample_id":"LHS","ReferenceTables":{"Bacillus_subtilis":{"assembler":"SKESA","contiguity":0.005879609271822738,"multiplicity":1.0,"validity":1.0,"parsimony":1.0,"identity":1.0,"lowest_identity":1.0,"breadth_of_coverage":0.8910758323019855,"L90":0,"aligned_contigs":979,"NA50":4756,"NG50":4280,"aligned_basepairs":3605005,"Ns":0},"Enterococcus_faecalis":{"assembler":"SKESA","contiguity":0.0037105607944353538,"multiplicity":1.0,"validity":0.9999747111188999,"parsimony":1.0000252895206438,"identity":0.9999707986417783,"lowest_identity":0.9747116237799468,"breadth_of_coverage":0.7921221399371334,"L90":0,"aligned_contigs":866,"NA50":3070,"NG50":2434,"aligned_basepairs":2253898,"Ns":0},"Escherichia_coli_plasmid":{"assembler":"SKESA","contiguity":0.3203614315452653,"multiplicity":1.0,"validity":1.0,"parsimony":1.0,"identity":1.0,"lowest_identity":1.0,"breadth_of_coverage":0.9835737725781086,"L90":6,"aligned_contigs":10,"NA50":15776,"NG50":15776,"aligned_basepairs":108200,"Ns":0},"Escherichia_coli":{"assembler":"SKESA","contiguity":0.003245664508206388,"multiplicity":1.0,"validity":1.0,"parsimony":1.0,"identity":1.0,"lowest_identity":1.0,"breadth_of_coverage":0.3506836942868163,"L90":0,"aligned_contigs":749,"NA50":2417,"NG50":0,"aligned_basepairs":1671160,"Ns":0},"Lactobacillus_fermentum":{"assembler":"SKESA","contiguity":0.007400806053325062,"multiplicity":1.0,"validity":1.0,"parsimony":1.0,"identity":1.0,"lowest_identity":1.0,"breadth_of_coverage":0.8153042014178099,"L90":0,"aligned_contigs":551,"NA50":3294,"NG50":2736,"aligned_basepairs":1553426,"Ns":0},"Listeria_monocytogenes":{"assembler":"SKESA","contiguity":0.006283372689351685,"multiplicity":1.0,"validity":1.0,"parsimony":1.0,"identity":1.0,"lowest_identity":1.0,"breadth_of_coverage":0.8139694593732936,"L90":0,"aligned_contigs":826,"NA50":3525,"NG50":2919,"aligned_basepairs":2435675,"Ns":0},"Pseudomonas_aeruginosa":{"assembler":"SKESA","contiguity":0.0020735152738456464,"multiplicity":1.0,"validity":0.9999841037654287,"parsimony":1.0000158964872656,"identity":0.999995561459178,"lowest_identity":0.980865224625624,"breadth_of_coverage":0.4538121675478076,"L90":0,"aligned_contigs":1746,"NA50":1785,"NG50":0,"aligned_basepairs":3082442,"Ns":0},"Salmonella_enterica":{"assembler":"SKESA","contiguity":0.0030642391421727127,"multiplicity":1.0,"validity":0.9999739352249796,"parsimony":1.0000260654544106,"identity":0.9999763887442996,"lowest_identity":0.9812526629740094,"breadth_of_coverage":0.3627132624303902,"L90":0,"aligned_contigs":794,"NA50":2387,"NG50":0,"aligned_basepairs":1726423,"Ns":0},"Staphylococcus_aureus":{"assembler":"SKESA","contiguity":0.005315987317841091,"multiplicity":1.0,"validity":1.0,"parsimony":1.0,"identity":1.0,"lowest_identity":1.0,"breadth_of_coverage":0.7805541456094277,"L90":0,"aligned_contigs":770,"NA50":3316,"NG50":2625,"aligned_basepairs":2122155,"Ns":0},"Staphylococcus_aureus_plasmid1":{"assembler":"SKESA","contiguity":1.0,"multiplicity":1.0,"validity":1.0,"parsimony":1.0,"identity":1.0,"lowest_identity":1.0,"breadth_of_coverage":1.0,"L90":0,"aligned_contigs":1,"NA50":6337,"NG50":6337,"aligned_basepairs":6337,"Ns":0},"Staphylococcus_aureus_plasmid2":{"assembler":"SKESA","contiguity":0.0,"multiplicity":0,"validity":0,"parsimony":0,"identity":0,"lowest_identity":0,"breadth_of_coverage":0.0,"L90":0,"aligned_contigs":0,"NA50":0,"NG50":0,"aligned_basepairs":0,"Ns":0},"Staphylococcus_aureus_plasmid3":{"assembler":"SKESA","contiguity":0.0,"multiplicity":0,"validity":0,"parsimony":0,"identity":0,"lowest_identity":0,"breadth_of_coverage":0.0,"L90":0,"aligned_contigs":0,"NA50":0,"NG50":0,"aligned_basepairs":0,"Ns":0}}}