{"sample_id":"LHS","ReferenceTables":{"Bacillus_subtilis":{"assembler":"Unicycler","contiguity":0.18991778137503315,"multiplicity":1.0,"validity":1.000104389201176,"parsimony":0.9998956216947918,"identity":0.9999998772862041,"lowest_identity":0.9999976684378767,"breadth_of_coverage":0.9827581391198555,"L90":10,"aligned_contigs":19,"NA50":324878,"NG50":324878,"aligned_basepairs":3975922,"Ns":0},"Enterococcus_faecalis":{"assembler":"Unicycler","contiguity":0.4575636678531464,"multiplicity":1.0,"validity":0.9999985811653244,"parsimony":1.0000014188366888,"identity":0.9999453498745705,"lowest_identity":0.9990458015267175,"breadth_of_coverage":0.9907988073348066,"L90":6,"aligned_contigs":18,"NA50":377104,"NG50":377104,"aligned_basepairs":2819211,"Ns":0},"Escherichia_coli_plasmid":{"assembler":"Unicycler","contiguity":0.9881462088776168,"multiplicity":1.0,"validity":1.0,"parsimony":1.0,"identity":1.0,"lowest_identity":1.0,"breadth_of_coverage":0.9881462088776168,"L90":0,"aligned_contigs":1,"NA50":108703,"NG50":108703,"aligned_basepairs":108703,"Ns":0},"Escherichia_coli":{"assembler":"Unicycler","contiguity":0.09022787851012101,"multiplicity":1.0013448234103135,"validity":1.0016826202315792,"parsimony":0.9996627706077325,"identity":0.9993216360815085,"lowest_identity":0.972530446549391,"breadth_of_coverage":0.9738374301270356,"L90":30,"aligned_contigs":73,"NA50":181333,"NG50":181333,"aligned_basepairs":4640758,"Ns":0},"Lactobacillus_fermentum":{"assembler":"Unicycler","contiguity":0.06386285232030306,"multiplicity":1.0000005610022642,"validity":1.0010889673399657,"parsimony":0.9989127776119704,"identity":1.0005487698462938,"lowest_identity":0.9998799375675351,"breadth_of_coverage":0.935544600340203,"L90":47,"aligned_contigs":74,"NA50":44841,"NG50":43687,"aligned_basepairs":1782524,"Ns":0},"Listeria_monocytogenes":{"assembler":"Unicycler","contiguity":0.0007385519435946827,"multiplicity":1.0,"validity":0.9994410285075461,"parsimony":1.000559284116331,"identity":0.9945750452079566,"lowest_identity":0.9891500904159132,"breadth_of_coverage":0.0011950505657441562,"L90":0,"aligned_contigs":2,"NA50":2212,"NG50":0,"aligned_basepairs":3576,"Ns":0},"Pseudomonas_aeruginosa":{"assembler":"Unicycler","contiguity":0.12477809529277877,"multiplicity":1.0,"validity":1.0000692026794682,"parsimony":0.9999308021092113,"identity":0.9999981111906302,"lowest_identity":0.9999445740956826,"breadth_of_coverage":0.989330318167698,"L90":19,"aligned_contigs":55,"NA50":331075,"NG50":309523,"aligned_basepairs":6719858,"Ns":0},"Salmonella_enterica":{"assembler":"Unicycler","contiguity":0.1081874957193094,"multiplicity":1.0,"validity":1.0001406256598526,"parsimony":0.999859394112943,"identity":0.9999808289253583,"lowest_identity":0.9994262765347103,"breadth_of_coverage":0.9802041957701104,"L90":24,"aligned_contigs":61,"NA50":190506,"NG50":190506,"aligned_basepairs":4665523,"Ns":0},"Staphylococcus_aureus":{"assembler":"Unicycler","contiguity":0.43281251149412603,"multiplicity":1.0,"validity":1.0003168358263606,"parsimony":0.9996832645267848,"identity":0.9999984515180701,"lowest_identity":0.9999765289069982,"breadth_of_coverage":0.9847479384135531,"L90":7,"aligned_contigs":19,"NA50":394628,"NG50":394628,"aligned_basepairs":2677313,"Ns":0},"Staphylococcus_aureus_plasmid1":{"assembler":"Unicycler","contiguity":1.0,"multiplicity":1.0,"validity":1.0,"parsimony":1.0,"identity":1.0,"lowest_identity":1.0,"breadth_of_coverage":1.0,"L90":0,"aligned_contigs":1,"NA50":6337,"NG50":6337,"aligned_basepairs":6337,"Ns":0},"Staphylococcus_aureus_plasmid2":{"assembler":"Unicycler","contiguity":1.0,"multiplicity":1.0,"validity":1.0,"parsimony":1.0,"identity":1.0,"lowest_identity":1.0,"breadth_of_coverage":1.0,"L90":0,"aligned_contigs":1,"NA50":2216,"NG50":2216,"aligned_basepairs":2216,"Ns":0},"Staphylococcus_aureus_plasmid3":{"assembler":"Unicycler","contiguity":0.0,"multiplicity":0,"validity":0,"parsimony":0,"identity":0,"lowest_identity":0,"breadth_of_coverage":0.0,"L90":0,"aligned_contigs":0,"NA50":0,"NG50":0,"aligned_basepairs":0,"Ns":0}}}