{"sample_id":"LHS","ReferenceTables":{"Bacillus_subtilis":{"assembler":"MINIA","contiguity":0.0336843499864176,"multiplicity":1.000282121492901,"validity":1.0,"parsimony":1.000282121492901,"identity":0.9999988788001667,"lowest_identity":0.9998710620191688,"breadth_of_coverage":0.9768941020254459,"L90":65,"aligned_contigs":115,"NA50":65138,"NG50":64960,"aligned_basepairs":3952198,"Ns":0},"Enterococcus_faecalis":{"assembler":"MINIA","contiguity":0.045908612943313255,"multiplicity":1.0007393780229208,"validity":0.9999985384160889,"parsimony":1.0007408406896328,"identity":0.9999802196964668,"lowest_identity":0.9968823070927514,"breadth_of_coverage":0.9611086978525278,"L90":107,"aligned_contigs":166,"NA50":30453,"NG50":29183,"aligned_basepairs":2734731,"Ns":0},"Escherichia_coli_plasmid":{"assembler":"MINIA","contiguity":0.011172016326233785,"multiplicity":1.0,"validity":1.0,"parsimony":1.0,"identity":1.0,"lowest_identity":1.0,"breadth_of_coverage":0.011172016326233785,"L90":0,"aligned_contigs":1,"NA50":1229,"NG50":0,"aligned_basepairs":1229,"Ns":0},"Escherichia_coli":{"assembler":"MINIA","contiguity":0.011346290810029054,"multiplicity":1.0022946117925355,"validity":1.0000275610437368,"parsimony":1.002266988268236,"identity":0.9999870474690347,"lowest_identity":0.9944444444444445,"breadth_of_coverage":0.7900449360960617,"L90":0,"aligned_contigs":1117,"NA50":4469,"NG50":3200,"aligned_basepairs":3764907,"Ns":0},"Lactobacillus_fermentum":{"assembler":"MINIA","contiguity":0.03464433776143068,"multiplicity":1.0008118842046587,"validity":1.0004060626522735,"parsimony":1.0004056568302968,"identity":0.9999902665311501,"lowest_identity":0.9987330316742081,"breadth_of_coverage":0.9198985164273121,"L90":207,"aligned_contigs":237,"NA50":11217,"NG50":10234,"aligned_basepairs":1752713,"Ns":0},"Listeria_monocytogenes":{"assembler":"MINIA","contiguity":0.054075369727123436,"multiplicity":1.0006280772099803,"validity":1.0000003424349109,"parsimony":1.0006277345601111,"identity":0.9999697385409942,"lowest_identity":0.9961265332472563,"breadth_of_coverage":0.9752999490031554,"L90":72,"aligned_contigs":128,"NA50":44353,"NG50":44353,"aligned_basepairs":2918431,"Ns":0},"Pseudomonas_aeruginosa":{"assembler":"MINIA","contiguity":0.015603629387853653,"multiplicity":1.0010082497769552,"validity":1.0,"parsimony":1.0010082497769552,"identity":0.9999669511088036,"lowest_identity":0.9869989165763814,"breadth_of_coverage":0.9589149820459253,"L90":333,"aligned_contigs":516,"NA50":22276,"NG50":21921,"aligned_basepairs":6513267,"Ns":0},"Salmonella_enterica":{"assembler":"MINIA","contiguity":0.011955679987965744,"multiplicity":1.0023320824859248,"validity":1.0,"parsimony":1.0023320824859248,"identity":0.9999938324465953,"lowest_identity":0.9950698438783895,"breadth_of_coverage":0.8043156084379293,"L90":0,"aligned_contigs":1084,"NA50":4996,"NG50":3551,"aligned_basepairs":3828338,"Ns":0},"Staphylococcus_aureus":{"assembler":"MINIA","contiguity":0.033340689574000104,"multiplicity":1.0005925881489293,"validity":1.0,"parsimony":1.0005925881489293,"identity":0.999999679077413,"lowest_identity":0.9999670586685114,"breadth_of_coverage":0.9564793767792907,"L90":113,"aligned_contigs":176,"NA50":29647,"NG50":29165,"aligned_basepairs":2600457,"Ns":0},"Staphylococcus_aureus_plasmid1":{"assembler":"MINIA","contiguity":0.0,"multiplicity":0,"validity":0,"parsimony":0,"identity":0,"lowest_identity":0,"breadth_of_coverage":0.0,"L90":0,"aligned_contigs":0,"NA50":0,"NG50":0,"aligned_basepairs":0,"Ns":0},"Staphylococcus_aureus_plasmid2":{"assembler":"MINIA","contiguity":0.0,"multiplicity":0,"validity":0,"parsimony":0,"identity":0,"lowest_identity":0,"breadth_of_coverage":0.0,"L90":0,"aligned_contigs":0,"NA50":0,"NG50":0,"aligned_basepairs":0,"Ns":0},"Staphylococcus_aureus_plasmid3":{"assembler":"MINIA","contiguity":0.0,"multiplicity":0,"validity":0,"parsimony":0,"identity":0,"lowest_identity":0,"breadth_of_coverage":0.0,"L90":0,"aligned_contigs":0,"NA50":0,"NG50":0,"aligned_basepairs":0,"Ns":0}}}