{"LNN":{"assembler":"Unicycler","mapped_reads_original":99.39404027617009,"mapped_reads_filtered":98.73777798851293}}