{"LNN":{"assembler":"VelvetOptimiser","mapped_reads_original":98.81888802420578,"mapped_reads_filtered":97.5594193677979}}