{"LNN":{"assembler":"BCALM2","mapped_reads_original":98.3393840245028,"mapped_reads_filtered":97.22822859211024}}