{"LNN":{"assembler":"metaSPAdes","mapped_reads_original":100.14732226706198,"mapped_reads_filtered":99.91707320989272}}