{"LNN":{"assembler":"ABySS","mapped_reads_original":101.17453591018936,"mapped_reads_filtered":99.93461983797143}}