{"LNN":{"assembler":"MINIA","mapped_reads_original":99.05974701078044,"mapped_reads_filtered":97.55832806077333}}