{"LNN":{"assembler":"MEGAHIT","mapped_reads_original":100.53589028659813,"mapped_reads_filtered":100.14825259584728}}