{"LNN":{"assembler":"IDBA-UD","mapped_reads_original":99.90274823722555,"mapped_reads_filtered":99.04256833296287}}