{"LNN":{"assembler":"SPAdes","mapped_reads_original":100.10391877063134,"mapped_reads_filtered":98.98417922589621}}