{"LNN":{"assembler":"GATBMiniaPipeline","mapped_reads_original":100.01860657570603,"mapped_reads_filtered":98.99675852544937}}