{"sample_id":"ERR2984773","ReferenceTables":{"Bacillus_subtilis":{"assembler":"Unicycler","contiguity":0.18991778137503315,"multiplicity":1.0,"validity":1.000013836742539,"parsimony":0.9999861634489137,"identity":0.9999790193355105,"lowest_identity":0.9998345447300166,"breadth_of_coverage":0.982525050813498,"L90":10,"aligned_contigs":18,"NA50":324887,"NG50":324887,"aligned_basepairs":3974979,"Ns":0},"Enterococcus_faecalis":{"assembler":"Unicycler","contiguity":0.31019346367741246,"multiplicity":1.0,"validity":1.0000776374353335,"parsimony":0.99992236859177,"identity":0.9999953868136889,"lowest_identity":0.999941906399591,"breadth_of_coverage":0.9778543694506767,"L90":12,"aligned_contigs":28,"NA50":234974,"NG50":185948,"aligned_basepairs":2782379,"Ns":0},"Escherichia_coli_plasmid":{"assembler":"Unicycler","contiguity":0.49992273218976974,"multiplicity":1.0,"validity":1.0,"parsimony":1.0,"identity":0.9998454404945905,"lowest_identity":0.9996908809891808,"breadth_of_coverage":0.981092112320125,"L90":1,"aligned_contigs":2,"NA50":54995,"NG50":52932,"aligned_basepairs":107927,"Ns":0},"Escherichia_coli":{"assembler":"Unicycler","contiguity":0.06894125487835945,"multiplicity":1.0000675729355928,"validity":1.0001755358702045,"parsimony":0.9998920560134299,"identity":0.9993935876667348,"lowest_identity":0.9892627057981389,"breadth_of_coverage":0.9720063272306363,"L90":49,"aligned_contigs":97,"NA50":98665,"NG50":98665,"aligned_basepairs":4632032,"Ns":0},"Lactobacillus_fermentum":{"assembler":"Unicycler","contiguity":0.060165860770794395,"multiplicity":1.0,"validity":0.9999779743892976,"parsimony":1.0000220260958406,"identity":0.9999040840348368,"lowest_identity":0.9963333333333333,"breadth_of_coverage":0.9293005474633568,"L90":58,"aligned_contigs":82,"NA50":40242,"NG50":39905,"aligned_basepairs":1770627,"Ns":0},"Listeria_monocytogenes":{"assembler":"Unicycler","contiguity":0.1950519024897555,"multiplicity":1.0,"validity":1.0000950336758618,"parsimony":0.9999049753546795,"identity":0.9999986622775937,"lowest_identity":0.9999888030455716,"breadth_of_coverage":0.9847149824451884,"L90":10,"aligned_contigs":20,"NA50":475179,"NG50":475179,"aligned_basepairs":2946604,"Ns":0},"Pseudomonas_aeruginosa":{"assembler":"Unicycler","contiguity":0.12480444854711123,"multiplicity":1.0000293416566328,"validity":1.000049300924802,"parsimony":0.9999800417157928,"identity":0.9994854457696087,"lowest_identity":0.9914658634538153,"breadth_of_coverage":0.9884684636936073,"L90":26,"aligned_contigs":67,"NA50":264930,"NG50":264930,"aligned_basepairs":6714004,"Ns":0},"Salmonella_enterica":{"assembler":"Unicycler","contiguity":0.08743996003148068,"multiplicity":1.0000083912382562,"validity":0.9999705242023192,"parsimony":1.000037868152131,"identity":0.9998898128616944,"lowest_identity":0.9952070188740556,"breadth_of_coverage":0.9764607187022165,"L90":32,"aligned_contigs":72,"NA50":157800,"NG50":157800,"aligned_basepairs":4647705,"Ns":0},"Staphylococcus_aureus":{"assembler":"Unicycler","contiguity":0.16990488380817867,"multiplicity":1.0000834747037959,"validity":1.000008234553008,"parsimony":1.000075239531224,"identity":0.9999814837327586,"lowest_identity":0.998815888462035,"breadth_of_coverage":0.9825980770786897,"L90":14,"aligned_contigs":26,"NA50":162196,"NG50":162196,"aligned_basepairs":2671468,"Ns":0},"Staphylococcus_aureus_plasmid1":{"assembler":"Unicycler","contiguity":1.0,"multiplicity":1.0,"validity":0.9952882048060311,"parsimony":1.0047341013097681,"identity":0.9952882048060311,"lowest_identity":0.9952882048060311,"breadth_of_coverage":1.0,"L90":0,"aligned_contigs":1,"NA50":6367,"NG50":6367,"aligned_basepairs":6337,"Ns":0},"Staphylococcus_aureus_plasmid2":{"assembler":"Unicycler","contiguity":1.0,"multiplicity":1.0,"validity":1.0,"parsimony":1.0,"identity":1.0,"lowest_identity":1.0,"breadth_of_coverage":1.0,"L90":0,"aligned_contigs":1,"NA50":2216,"NG50":2216,"aligned_basepairs":2216,"Ns":0},"Staphylococcus_aureus_plasmid3":{"assembler":"Unicycler","contiguity":1.0,"multiplicity":1.0,"validity":1.0,"parsimony":1.0,"identity":1.0,"lowest_identity":1.0,"breadth_of_coverage":1.0,"L90":0,"aligned_contigs":1,"NA50":2993,"NG50":2993,"aligned_basepairs":2993,"Ns":0}}}