{"sample_id":"ERR2984773","ReferenceTables":{"Bacillus_subtilis":{"assembler":"MINIA","contiguity":0.02915605966566288,"multiplicity":1.0005669631891743,"validity":0.9999754520243982,"parsimony":1.0005915256855342,"identity":0.9999525881740768,"lowest_identity":0.9983783783783784,"breadth_of_coverage":0.976130818154786,"L90":102,"aligned_contigs":169,"NA50":46155,"NG50":43056,"aligned_basepairs":3949110,"Ns":0},"Enterococcus_faecalis":{"assembler":"MINIA","contiguity":0.022230328896686292,"multiplicity":1.0010318690464375,"validity":0.9999393467022403,"parsimony":1.0010925886132997,"identity":0.9998690050407072,"lowest_identity":0.9938271604938271,"breadth_of_coverage":0.9665975724961622,"L90":147,"aligned_contigs":220,"NA50":19908,"NG50":19639,"aligned_basepairs":2750349,"Ns":0},"Escherichia_coli_plasmid":{"assembler":"MINIA","contiguity":0.22640377430527148,"multiplicity":1.000862920314103,"validity":0.9998084419627037,"parsimony":1.0010546803839038,"identity":0.9995911692559281,"lowest_identity":0.9967293540474244,"breadth_of_coverage":0.9480942121864973,"L90":6,"aligned_contigs":8,"NA50":14811,"NG50":14811,"aligned_basepairs":104297,"Ns":0},"Escherichia_coli":{"assembler":"MINIA","contiguity":0.011346290810029054,"multiplicity":1.0023098387170397,"validity":0.9999611179702089,"parsimony":1.0023488120734119,"identity":0.9998794269375257,"lowest_identity":0.9781849912739965,"breadth_of_coverage":0.7861086734177831,"L90":0,"aligned_contigs":1146,"NA50":4409,"NG50":3072,"aligned_basepairs":3746149,"Ns":0},"Lactobacillus_fermentum":{"assembler":"MINIA","contiguity":0.017739156357445128,"multiplicity":1.0011469630000582,"validity":0.9998340582720511,"parsimony":1.0013131226298453,"identity":0.9996388723544463,"lowest_identity":0.9343168247277837,"breadth_of_coverage":0.9096955755240685,"L90":262,"aligned_contigs":281,"NA50":9080,"NG50":8209,"aligned_basepairs":1733273,"Ns":0},"Listeria_monocytogenes":{"assembler":"MINIA","contiguity":0.02560502776754796,"multiplicity":1.0010181396709419,"validity":0.999986199591853,"parsimony":1.0010319543204798,"identity":0.9998889268059439,"lowest_identity":0.9903952715182859,"breadth_of_coverage":0.9676290343817652,"L90":122,"aligned_contigs":185,"NA50":28142,"NG50":27395,"aligned_basepairs":2895477,"Ns":0},"Pseudomonas_aeruginosa":{"assembler":"MINIA","contiguity":0.012415327288279574,"multiplicity":1.0011322955087871,"validity":0.9998277915505208,"parsimony":1.001304728643563,"identity":0.9995154851153532,"lowest_identity":0.9739382239382239,"breadth_of_coverage":0.9554117659183226,"L90":405,"aligned_contigs":596,"NA50":18904,"NG50":18007,"aligned_basepairs":6489472,"Ns":0},"Salmonella_enterica":{"assembler":"MINIA","contiguity":0.00919355780749645,"multiplicity":1.0024209312341938,"validity":0.9998463101989968,"parsimony":1.0025750167890148,"identity":0.9996416982031933,"lowest_identity":0.8015488867376573,"breadth_of_coverage":0.7990094429408628,"L90":0,"aligned_contigs":1106,"NA50":4884,"NG50":3355,"aligned_basepairs":3803082,"Ns":0},"Staphylococcus_aureus":{"assembler":"MINIA","contiguity":0.023957068979468733,"multiplicity":1.0008550692317202,"validity":1.0000119300973265,"parsimony":1.0008431290757818,"identity":0.9999341628715186,"lowest_identity":0.9931758530183727,"breadth_of_coverage":0.9549433937280692,"L90":140,"aligned_contigs":207,"NA50":23433,"NG50":22986,"aligned_basepairs":2596281,"Ns":0},"Staphylococcus_aureus_plasmid1":{"assembler":"MINIA","contiguity":0.0,"multiplicity":0,"validity":0,"parsimony":0,"identity":0,"lowest_identity":0,"breadth_of_coverage":0.0,"L90":0,"aligned_contigs":0,"NA50":0,"NG50":0,"aligned_basepairs":0,"Ns":0},"Staphylococcus_aureus_plasmid2":{"assembler":"MINIA","contiguity":0.0,"multiplicity":0,"validity":0,"parsimony":0,"identity":0,"lowest_identity":0,"breadth_of_coverage":0.0,"L90":0,"aligned_contigs":0,"NA50":0,"NG50":0,"aligned_basepairs":0,"Ns":0},"Staphylococcus_aureus_plasmid3":{"assembler":"MINIA","contiguity":0.0,"multiplicity":0,"validity":0,"parsimony":0,"identity":0,"lowest_identity":0,"breadth_of_coverage":0.0,"L90":0,"aligned_contigs":0,"NA50":0,"NG50":0,"aligned_basepairs":0,"Ns":0}}}