{"sample_id":"ERR2984773","ReferenceTables":{"Bacillus_subtilis":{"assembler":"SPAdes","contiguity":0.14556080478001582,"multiplicity":1.0001936438055483,"validity":0.9997850677652427,"parsimony":1.0004086638753455,"identity":0.9998383717972725,"lowest_identity":0.9979416680042678,"breadth_of_coverage":0.9828696161359397,"L90":18,"aligned_contigs":35,"NA50":253125,"NG50":253125,"aligned_basepairs":3976373,"Ns":0},"Enterococcus_faecalis":{"assembler":"SPAdes","contiguity":0.20897964146943548,"multiplicity":1.036673166128519,"validity":1.0000157654863344,"parsimony":1.0366568227295467,"identity":1.0000158896133022,"lowest_identity":0.9974638879700077,"breadth_of_coverage":0.9891754809179192,"L90":29,"aligned_contigs":61,"NA50":98586,"NG50":104623,"aligned_basepairs":2814592,"Ns":0},"Escherichia_coli_plasmid":{"assembler":"SPAdes","contiguity":0.48254202005326935,"multiplicity":1.001409456169574,"validity":1.0,"parsimony":1.001409456169574,"identity":0.9987235719017853,"lowest_identity":0.9954198473282443,"breadth_of_coverage":0.9932277036915833,"L90":2,"aligned_contigs":4,"NA50":28541,"NG50":28541,"aligned_basepairs":109262,"Ns":0},"Escherichia_coli":{"assembler":"SPAdes","contiguity":0.05953980267064868,"multiplicity":1.0003468283989831,"validity":0.9946799521485585,"parsimony":1.00569718555017,"identity":0.9961244851286497,"lowest_identity":0.5305765649348181,"breadth_of_coverage":0.9716915605168386,"L90":82,"aligned_contigs":142,"NA50":68073,"NG50":65182,"aligned_basepairs":4630532,"Ns":0},"Lactobacillus_fermentum":{"assembler":"SPAdes","contiguity":0.060208373024557914,"multiplicity":1.0037848559775095,"validity":1.0001760176755274,"parsimony":1.0036082031944429,"identity":1.0005096931826039,"lowest_identity":0.9947019867549669,"breadth_of_coverage":0.9358778754160034,"L90":64,"aligned_contigs":97,"NA50":37242,"NG50":34662,"aligned_basepairs":1783159,"Ns":0},"Listeria_monocytogenes":{"assembler":"SPAdes","contiguity":0.11887912544755913,"multiplicity":1.0004951727505682,"validity":1.0000766751728187,"parsimony":1.0004184654918356,"identity":0.9993759303969035,"lowest_identity":0.9878141660319878,"breadth_of_coverage":0.9758887854396322,"L90":18,"aligned_contigs":34,"NA50":147676,"NG50":147676,"aligned_basepairs":2920193,"Ns":0},"Pseudomonas_aeruginosa":{"assembler":"SPAdes","contiguity":0.10973642328921003,"multiplicity":1.0003465171601906,"validity":1.000054611120461,"parsimony":1.0002918900992843,"identity":0.9991734343534022,"lowest_identity":0.9736077481840194,"breadth_of_coverage":0.9890982917496647,"L90":37,"aligned_contigs":79,"NA50":173647,"NG50":173647,"aligned_basepairs":6718282,"Ns":0},"Salmonella_enterica":{"assembler":"SPAdes","contiguity":0.08225228825235632,"multiplicity":1.000644079041139,"validity":0.9942524905447093,"parsimony":1.006428536571156,"identity":0.9953755446764749,"lowest_identity":0.5023564288700544,"breadth_of_coverage":0.9772796699655822,"L90":51,"aligned_contigs":112,"NA50":106595,"NG50":103680,"aligned_basepairs":4651603,"Ns":0},"Staphylococcus_aureus":{"assembler":"SPAdes","contiguity":0.11371203260285863,"multiplicity":1.0005955964026276,"validity":1.0001080675208862,"parsimony":1.0004874762013969,"identity":1.0000396638452225,"lowest_identity":0.9997692573933777,"breadth_of_coverage":0.9831435423241307,"L90":32,"aligned_contigs":49,"NA50":73255,"NG50":73255,"aligned_basepairs":2672951,"Ns":0},"Staphylococcus_aureus_plasmid1":{"assembler":"SPAdes","contiguity":0.0,"multiplicity":0,"validity":0,"parsimony":0,"identity":0,"lowest_identity":0,"breadth_of_coverage":0.0,"L90":0,"aligned_contigs":0,"NA50":0,"NG50":0,"aligned_basepairs":0,"Ns":0},"Staphylococcus_aureus_plasmid2":{"assembler":"SPAdes","contiguity":0.884927797833935,"multiplicity":1.0,"validity":1.0,"parsimony":1.0,"identity":1.0,"lowest_identity":1.0,"breadth_of_coverage":0.884927797833935,"L90":0,"aligned_contigs":1,"NA50":1961,"NG50":1961,"aligned_basepairs":1961,"Ns":0},"Staphylococcus_aureus_plasmid3":{"assembler":"SPAdes","contiguity":0.0,"multiplicity":0,"validity":0,"parsimony":0,"identity":0,"lowest_identity":0,"breadth_of_coverage":0.0,"L90":0,"aligned_contigs":0,"NA50":0,"NG50":0,"aligned_basepairs":0,"Ns":0}}}