{"sample_id":"ERR2984773","ReferenceTables":{"Bacillus_subtilis":{"assembler":"MINIA","contiguity":0.02915605966566288,"multiplicity":1.0005669631891743,"validity":0.9999754520243982,"parsimony":1.0005915256855342,"identity":0.9999525881740768,"lowest_identity":0.9983783783783784,"breadth_of_coverage":0.976130818154786,"L90":102,"aligned_contigs":169,"NA50":46155,"NG50":43056,"aligned_basepairs":3949110,"Ns":0},"Enterococcus_faecalis":{"assembler":"MINIA","contiguity":0.022230328896686292,"multiplicity":1.0010446361501188,"validity":0.9999389626798819,"parsimony":1.001105740961702,"identity":0.999883904605246,"lowest_identity":0.9938271604938271,"breadth_of_coverage":0.9605035088311207,"L90":149,"aligned_contigs":218,"NA50":20287,"NG50":19690,"aligned_basepairs":2733009,"Ns":0},"Escherichia_coli_plasmid":{"assembler":"MINIA","contiguity":0.22640377430527148,"multiplicity":1.000862920314103,"validity":0.9998084419627037,"parsimony":1.0010546803839038,"identity":0.9995911692559281,"lowest_identity":0.9967293540474244,"breadth_of_coverage":0.9480942121864973,"L90":6,"aligned_contigs":8,"NA50":14811,"NG50":14811,"aligned_basepairs":104297,"Ns":0},"Escherichia_coli":{"assembler":"MINIA","contiguity":0.011346290810029054,"multiplicity":1.002311505678293,"validity":0.9999542087362809,"parsimony":1.002357404890561,"identity":0.9998571771968293,"lowest_identity":0.9743589743589743,"breadth_of_coverage":0.7863588080330144,"L90":0,"aligned_contigs":1147,"NA50":4405,"NG50":3072,"aligned_basepairs":3747341,"Ns":0},"Lactobacillus_fermentum":{"assembler":"MINIA","contiguity":0.017739156357445128,"multiplicity":1.0011452103667788,"validity":0.9998340611404033,"parsimony":1.0013113668330924,"identity":0.9996401529489338,"lowest_identity":0.9343168247277837,"breadth_of_coverage":0.9097128953311573,"L90":263,"aligned_contigs":282,"NA50":9080,"NG50":8209,"aligned_basepairs":1733306,"Ns":0},"Listeria_monocytogenes":{"assembler":"MINIA","contiguity":0.028272837797283866,"multiplicity":1.0010220002986698,"validity":0.999987996956028,"parsimony":1.0010340157539783,"identity":0.999889700148347,"lowest_identity":0.9903952715182859,"breadth_of_coverage":0.973456576821767,"L90":120,"aligned_contigs":185,"NA50":28142,"NG50":26654,"aligned_basepairs":2912915,"Ns":0},"Pseudomonas_aeruginosa":{"assembler":"MINIA","contiguity":0.012415327288279574,"multiplicity":1.0011373361525586,"validity":0.9998185675422719,"parsimony":1.0013190079211356,"identity":0.9994745611242998,"lowest_identity":0.973293768545994,"breadth_of_coverage":0.9554491610389955,"L90":408,"aligned_contigs":600,"NA50":18690,"NG50":17883,"aligned_basepairs":6489726,"Ns":0},"Salmonella_enterica":{"assembler":"MINIA","contiguity":0.00919355780749645,"multiplicity":1.0023875494962131,"validity":0.9998386461176157,"parsimony":1.002549314720425,"identity":0.9996290503863848,"lowest_identity":0.8015488867376573,"breadth_of_coverage":0.798741361408781,"L90":0,"aligned_contigs":1104,"NA50":4884,"NG50":3355,"aligned_basepairs":3801806,"Ns":0},"Staphylococcus_aureus":{"assembler":"MINIA","contiguity":0.023957068979468733,"multiplicity":1.0008546840653998,"validity":1.0000161634323126,"parsimony":1.0008385070799348,"identity":0.999936194722045,"lowest_identity":0.9931758530183727,"breadth_of_coverage":0.9549433937280692,"L90":139,"aligned_contigs":206,"NA50":23433,"NG50":22986,"aligned_basepairs":2596281,"Ns":0},"Staphylococcus_aureus_plasmid1":{"assembler":"MINIA","contiguity":0.0,"multiplicity":0,"validity":0,"parsimony":0,"identity":0,"lowest_identity":0,"breadth_of_coverage":0.0,"L90":0,"aligned_contigs":0,"NA50":0,"NG50":0,"aligned_basepairs":0,"Ns":0},"Staphylococcus_aureus_plasmid2":{"assembler":"MINIA","contiguity":0.0,"multiplicity":0,"validity":0,"parsimony":0,"identity":0,"lowest_identity":0,"breadth_of_coverage":0.0,"L90":0,"aligned_contigs":0,"NA50":0,"NG50":0,"aligned_basepairs":0,"Ns":0},"Staphylococcus_aureus_plasmid3":{"assembler":"MINIA","contiguity":0.0,"multiplicity":0,"validity":0,"parsimony":0,"identity":0,"lowest_identity":0,"breadth_of_coverage":0.0,"L90":0,"aligned_contigs":0,"NA50":0,"NG50":0,"aligned_basepairs":0,"Ns":0}}}