{"sample_id":"ERR2984773","ReferenceTables":{"Bacillus_subtilis":{"assembler":"GATBMiniaPipeline","contiguity":0.18994249911695868,"multiplicity":1.0000931710867265,"validity":0.9999876956825908,"parsimony":1.0001054767019544,"identity":0.9998086538918349,"lowest_identity":0.9953271028037384,"breadth_of_coverage":0.9842412036353866,"L90":15,"aligned_contigs":30,"NA50":263420,"NG50":257358,"aligned_basepairs":3981922,"Ns":0},"Enterococcus_faecalis":{"assembler":"GATBMiniaPipeline","contiguity":0.19309606549818092,"multiplicity":1.0010043585642663,"validity":1.000071749934259,"parsimony":1.0009325417202002,"identity":0.9993060391518777,"lowest_identity":0.9734375,"breadth_of_coverage":0.9787270084403134,"L90":18,"aligned_contigs":38,"NA50":179847,"NG50":179847,"aligned_basepairs":2784862,"Ns":0},"Escherichia_coli_plasmid":{"assembler":"GATBMiniaPipeline","contiguity":0.48336924013926386,"multiplicity":1.0024029237094563,"validity":0.9999544286261142,"parsimony":1.0024486066697122,"identity":0.999658172310327,"lowest_identity":0.9994752859691468,"breadth_of_coverage":0.9949366858472642,"L90":2,"aligned_contigs":3,"NA50":28587,"NG50":28587,"aligned_basepairs":109450,"Ns":0},"Escherichia_coli":{"assembler":"GATBMiniaPipeline","contiguity":0.027645330939427552,"multiplicity":1.0011436863354957,"validity":0.9999417847125361,"parsimony":1.0012019715960816,"identity":0.9997162463390276,"lowest_identity":0.9913494809688581,"breadth_of_coverage":0.9720812417085202,"L90":99,"aligned_contigs":180,"NA50":59656,"NG50":59357,"aligned_basepairs":4632389,"Ns":0},"Lactobacillus_fermentum":{"assembler":"GATBMiniaPipeline","contiguity":0.06031281670973,"multiplicity":1.0011050098788774,"validity":0.9999794363560779,"parsimony":1.0011255966691686,"identity":0.9996068729849412,"lowest_identity":0.9840674789128397,"breadth_of_coverage":0.94328340505308,"L90":55,"aligned_contigs":83,"NA50":40488,"NG50":37549,"aligned_basepairs":1797269,"Ns":0},"Listeria_monocytogenes":{"assembler":"GATBMiniaPipeline","contiguity":0.18151300887398567,"multiplicity":1.0003492651906691,"validity":1.0003834271557719,"parsimony":0.9999658511285019,"identity":0.9986224415922504,"lowest_identity":0.9794841735052755,"breadth_of_coverage":0.9884023951807648,"L90":12,"aligned_contigs":24,"NA50":452364,"NG50":155105,"aligned_basepairs":2957638,"Ns":0},"Pseudomonas_aeruginosa":{"assembler":"GATBMiniaPipeline","contiguity":0.06852729475746909,"multiplicity":1.0005872564310323,"validity":0.999998509243362,"parsimony":1.0005887480653504,"identity":0.998500608585982,"lowest_identity":0.9207082371054658,"breadth_of_coverage":0.9870038705422145,"L90":40,"aligned_contigs":102,"NA50":204691,"NG50":204691,"aligned_basepairs":6704056,"Ns":0},"Salmonella_enterica":{"assembler":"GATBMiniaPipeline","contiguity":0.05947523250190241,"multiplicity":1.0017968271323263,"validity":1.0001320421684716,"parsimony":1.0016645651710598,"identity":1.0003108686052957,"lowest_identity":0.9723394772030098,"breadth_of_coverage":0.9769141042400161,"L90":85,"aligned_contigs":167,"NA50":59024,"NG50":59024,"aligned_basepairs":4649863,"Ns":0},"Staphylococcus_aureus":{"assembler":"GATBMiniaPipeline","contiguity":0.10641096374108976,"multiplicity":1.000809289114613,"validity":1.0000735515936428,"parsimony":1.000735683410283,"identity":0.9999846574560899,"lowest_identity":0.999482936918304,"breadth_of_coverage":0.9844205857038819,"L90":33,"aligned_contigs":53,"NA50":90967,"NG50":90967,"aligned_basepairs":2676423,"Ns":0},"Staphylococcus_aureus_plasmid1":{"assembler":"GATBMiniaPipeline","contiguity":1.0231970964178634,"multiplicity":1.0231970964178634,"validity":0.9953945348480197,"parsimony":1.0279311977276313,"identity":0.9953945348480197,"lowest_identity":0.9953945348480197,"breadth_of_coverage":1.0,"L90":0,"aligned_contigs":1,"NA50":6514,"NG50":6514,"aligned_basepairs":6337,"Ns":0},"Staphylococcus_aureus_plasmid2":{"assembler":"GATBMiniaPipeline","contiguity":1.0794223826714802,"multiplicity":1.0794223826714802,"validity":1.0,"parsimony":1.0794223826714802,"identity":1.0,"lowest_identity":1.0,"breadth_of_coverage":1.0,"L90":0,"aligned_contigs":1,"NA50":2392,"NG50":2392,"aligned_basepairs":2216,"Ns":0},"Staphylococcus_aureus_plasmid3":{"assembler":"GATBMiniaPipeline","contiguity":1.0574674239893085,"multiplicity":1.0574674239893085,"validity":1.0,"parsimony":1.0574674239893085,"identity":1.0,"lowest_identity":1.0,"breadth_of_coverage":1.0,"L90":0,"aligned_contigs":1,"NA50":3165,"NG50":3165,"aligned_basepairs":2993,"Ns":0}}}