{"sample_id":"ERR2984773","ReferenceTables":{"Bacillus_subtilis":{"assembler":"metaSPAdes","contiguity":0.10595976890888718,"multiplicity":1.000706058012966,"validity":0.9999090169482324,"parsimony":1.0007971135885605,"identity":0.9985998662367819,"lowest_identity":0.9659815733522324,"breadth_of_coverage":0.9826770649263399,"L90":23,"aligned_contigs":50,"NA50":164894,"NG50":164894,"aligned_basepairs":3975594,"Ns":0},"Enterococcus_faecalis":{"assembler":"metaSPAdes","contiguity":0.07879511856362849,"multiplicity":1.0094138347229826,"validity":1.0000199705078394,"parsimony":1.0093936766186506,"identity":0.9982284292830884,"lowest_identity":0.9516129032258065,"breadth_of_coverage":0.9763290963072926,"L90":25,"aligned_contigs":49,"NA50":143041,"NG50":143041,"aligned_basepairs":2778039,"Ns":0},"Escherichia_coli_plasmid":{"assembler":"metaSPAdes","contiguity":0.5009226685574555,"multiplicity":1.0,"validity":1.0,"parsimony":1.0,"identity":0.9998548226113783,"lowest_identity":0.9997096452227565,"breadth_of_coverage":0.9830647140636505,"L90":1,"aligned_contigs":2,"NA50":55105,"NG50":55105,"aligned_basepairs":108144,"Ns":0},"Escherichia_coli":{"assembler":"metaSPAdes","contiguity":0.045337108855143096,"multiplicity":1.000809735112651,"validity":0.9999818962473939,"parsimony":1.0008278538525186,"identity":0.9993407349136764,"lowest_identity":0.9885233358837031,"breadth_of_coverage":0.9728566170468419,"L90":90,"aligned_contigs":168,"NA50":65619,"NG50":61032,"aligned_basepairs":4636084,"Ns":0},"Lactobacillus_fermentum":{"assembler":"metaSPAdes","contiguity":0.04951732846699238,"multiplicity":1.003292724929013,"validity":1.0001185433040927,"parsimony":1.0031738053915427,"identity":1.0001938459000905,"lowest_identity":0.9902849740932642,"breadth_of_coverage":0.9356464198121798,"L90":65,"aligned_contigs":96,"NA50":33788,"NG50":33759,"aligned_basepairs":1782718,"Ns":0},"Listeria_monocytogenes":{"assembler":"metaSPAdes","contiguity":0.1581627367460003,"multiplicity":1.0002435303787236,"validity":1.0000946921659142,"parsimony":1.0001488241203311,"identity":0.9990875822845198,"lowest_identity":0.990521327014218,"breadth_of_coverage":0.9880254329217717,"L90":13,"aligned_contigs":26,"NA50":235115,"NG50":235115,"aligned_basepairs":2956510,"Ns":0},"Pseudomonas_aeruginosa":{"assembler":"metaSPAdes","contiguity":0.05485466695522744,"multiplicity":1.0259882636623419,"validity":0.9999836148438495,"parsimony":1.0260050749157057,"identity":0.9993179551595481,"lowest_identity":0.9877845641310383,"breadth_of_coverage":0.9895997397064041,"L90":44,"aligned_contigs":100,"NA50":151807,"NG50":151807,"aligned_basepairs":6721688,"Ns":0},"Salmonella_enterica":{"assembler":"metaSPAdes","contiguity":0.05149329396988831,"multiplicity":1.0040537933304485,"validity":0.9998183616477359,"parsimony":1.0042362011393076,"identity":0.9988073315298159,"lowest_identity":0.9586919104991394,"breadth_of_coverage":0.9778685669361348,"L90":77,"aligned_contigs":145,"NA50":70327,"NG50":70327,"aligned_basepairs":4654406,"Ns":0},"Staphylococcus_aureus":{"assembler":"metaSPAdes","contiguity":0.0831045542485968,"multiplicity":1.000318635224002,"validity":0.9999906534404125,"parsimony":1.0003279848491196,"identity":0.9994949234320045,"lowest_identity":0.9840564558285415,"breadth_of_coverage":0.9834940671919022,"L90":30,"aligned_contigs":49,"NA50":76042,"NG50":76042,"aligned_basepairs":2673904,"Ns":0},"Staphylococcus_aureus_plasmid1":{"assembler":"metaSPAdes","contiguity":0.66387880700647,"multiplicity":1.0088652482269505,"validity":0.9952297662585466,"parsimony":1.0137008381689234,"identity":0.99645975926363,"lowest_identity":0.9929195185272599,"breadth_of_coverage":0.9790121508600284,"L90":1,"aligned_contigs":2,"NA50":4237,"NG50":4237,"aligned_basepairs":6204,"Ns":0},"Staphylococcus_aureus_plasmid2":{"assembler":"metaSPAdes","contiguity":1.0248194945848375,"multiplicity":1.0248194945848375,"validity":1.0,"parsimony":1.0248194945848375,"identity":0.9982386613826508,"lowest_identity":0.9982386613826508,"breadth_of_coverage":1.0,"L90":0,"aligned_contigs":1,"NA50":2271,"NG50":2271,"aligned_basepairs":2216,"Ns":0},"Staphylococcus_aureus_plasmid3":{"assembler":"metaSPAdes","contiguity":1.2886735716672235,"multiplicity":1.2886735716672235,"validity":1.0,"parsimony":1.2886735716672235,"identity":1.0,"lowest_identity":1.0,"breadth_of_coverage":1.0,"L90":0,"aligned_contigs":1,"NA50":3857,"NG50":3857,"aligned_basepairs":2993,"Ns":0}}}