{"sample_id":"ENN","ReferenceTables":{"Bacillus_subtilis":{"assembler":"SPAdes","contiguity":0.19004779669756136,"multiplicity":1.0,"validity":1.0,"parsimony":1.0,"identity":0.9999895503989736,"lowest_identity":0.9998670884393525,"breadth_of_coverage":0.9835476237969566,"L90":11,"aligned_contigs":21,"NA50":294377,"NG50":294377,"aligned_basepairs":3979116,"Ns":0},"Enterococcus_faecalis":{"assembler":"SPAdes","contiguity":0.26490234034537247,"multiplicity":1.000079211286024,"validity":1.0,"parsimony":1.000079211286024,"identity":0.9999001170723444,"lowest_identity":0.9990458015267175,"breadth_of_coverage":0.9760981966632366,"L90":9,"aligned_contigs":18,"NA50":336624,"NG50":336624,"aligned_basepairs":2777382,"Ns":0},"Escherichia_coli_plasmid":{"assembler":"SPAdes","contiguity":0.48214204550619505,"multiplicity":1.0003865410101604,"validity":1.0,"parsimony":1.0003865410101604,"identity":1.0,"lowest_identity":1.0,"breadth_of_coverage":0.9877189633386966,"L90":2,"aligned_contigs":4,"NA50":28182,"NG50":28182,"aligned_basepairs":108656,"Ns":0},"Escherichia_coli":{"assembler":"SPAdes","contiguity":0.06828045462386008,"multiplicity":1.000082955714277,"validity":1.0,"parsimony":1.000082955714277,"identity":0.9997511481032958,"lowest_identity":0.9912616056799564,"breadth_of_coverage":0.9637762268872048,"L90":57,"aligned_contigs":104,"NA50":93327,"NG50":85988,"aligned_basepairs":4592812,"Ns":0},"Lactobacillus_fermentum":{"assembler":"SPAdes","contiguity":0.06392006016796015,"multiplicity":1.0003587979431894,"validity":0.999997768781007,"parsimony":1.0003610299677193,"identity":0.9999503720233187,"lowest_identity":0.9964881474978051,"breadth_of_coverage":0.9405678692386056,"L90":47,"aligned_contigs":77,"NA50":46123,"NG50":45008,"aligned_basepairs":1792095,"Ns":0},"Listeria_monocytogenes":{"assembler":"SPAdes","contiguity":0.21141934979357305,"multiplicity":1.0000372166669769,"validity":1.0,"parsimony":1.0000372166669769,"identity":0.9991415427556324,"lowest_identity":0.9946949602122016,"breadth_of_coverage":0.9877430454139267,"L90":8,"aligned_contigs":17,"NA50":476416,"NG50":476416,"aligned_basepairs":2955665,"Ns":0},"Pseudomonas_aeruginosa":{"assembler":"SPAdes","contiguity":0.12480003180057506,"multiplicity":1.0001908158912427,"validity":1.0000154768906213,"parsimony":1.0001753362869608,"identity":0.9997738429527127,"lowest_identity":0.9939795304033715,"breadth_of_coverage":0.9891330368224158,"L90":28,"aligned_contigs":67,"NA50":256582,"NG50":239185,"aligned_basepairs":6718518,"Ns":0},"Salmonella_enterica":{"assembler":"SPAdes","contiguity":0.11135342095985794,"multiplicity":1.005288148601622,"validity":0.9974606050154439,"parsimony":1.0078474714157328,"identity":0.9974276102211393,"lowest_identity":0.8162372988040644,"breadth_of_coverage":0.9767088411860633,"L90":33,"aligned_contigs":90,"NA50":120485,"NG50":135294,"aligned_basepairs":4648886,"Ns":0},"Staphylococcus_aureus":{"assembler":"SPAdes","contiguity":0.2113058062807583,"multiplicity":1.000020608103931,"validity":0.9999985012619375,"parsimony":1.0000221068751258,"identity":0.9999674486342707,"lowest_identity":0.999717664773975,"breadth_of_coverage":0.9816362486115096,"L90":14,"aligned_contigs":21,"NA50":204975,"NG50":204975,"aligned_basepairs":2668853,"Ns":0},"Staphylococcus_aureus_plasmid1":{"assembler":"SPAdes","contiguity":1.0086791857345747,"multiplicity":1.0086791857345747,"validity":1.0,"parsimony":1.0086791857345747,"identity":1.0,"lowest_identity":1.0,"breadth_of_coverage":1.0,"L90":0,"aligned_contigs":1,"NA50":6392,"NG50":6392,"aligned_basepairs":6337,"Ns":0},"Staphylococcus_aureus_plasmid2":{"assembler":"SPAdes","contiguity":0.944043321299639,"multiplicity":1.0,"validity":1.0,"parsimony":1.0,"identity":1.0,"lowest_identity":1.0,"breadth_of_coverage":0.944043321299639,"L90":0,"aligned_contigs":1,"NA50":2092,"NG50":2092,"aligned_basepairs":2092,"Ns":0},"Staphylococcus_aureus_plasmid3":{"assembler":"SPAdes","contiguity":0.983962579351821,"multiplicity":1.0,"validity":1.0,"parsimony":1.0,"identity":1.0,"lowest_identity":1.0,"breadth_of_coverage":0.983962579351821,"L90":0,"aligned_contigs":1,"NA50":2945,"NG50":2945,"aligned_basepairs":2945,"Ns":0}}}