{"sample_id":"ENN","ReferenceTables":{"Bacillus_subtilis":{"assembler":"IDBA-UD","contiguity":0.07363884956708111,"multiplicity":1.000898448422573,"validity":1.000812884253127,"parsimony":1.0000854946721731,"identity":0.9990394800788059,"lowest_identity":0.9528619528619529,"breadth_of_coverage":0.9829890028294399,"L90":31,"aligned_contigs":52,"NA50":122683,"NG50":122683,"aligned_basepairs":3976856,"Ns":0},"Enterococcus_faecalis":{"assembler":"IDBA-UD","contiguity":0.15580594870583736,"multiplicity":1.0006337505284255,"validity":1.000110128512056,"parsimony":1.000523564357006,"identity":1.0005617123384074,"lowest_identity":0.9596412556053812,"breadth_of_coverage":0.9760054150711044,"L90":29,"aligned_contigs":59,"NA50":93334,"NG50":93334,"aligned_basepairs":2777118,"Ns":0},"Escherichia_coli_plasmid":{"assembler":"IDBA-UD","contiguity":0.4829419946003436,"multiplicity":1.0009139586410636,"validity":1.0,"parsimony":1.0009139586410636,"identity":1.0,"lowest_identity":1.0,"breadth_of_coverage":0.9846646122519476,"L90":2,"aligned_contigs":3,"NA50":28766,"NG50":28766,"aligned_basepairs":108320,"Ns":0},"Escherichia_coli":{"assembler":"IDBA-UD","contiguity":0.01877667385593841,"multiplicity":1.0074771208439406,"validity":0.9452392612357645,"parsimony":1.0658434982131497,"identity":0.9884515823265513,"lowest_identity":0.07334843532944832,"breadth_of_coverage":0.9463757131039902,"L90":237,"aligned_contigs":419,"NA50":21939,"NG50":21939,"aligned_basepairs":4509891,"Ns":0},"Lactobacillus_fermentum":{"assembler":"IDBA-UD","contiguity":0.06396519663491894,"multiplicity":1.000572607977704,"validity":1.0,"parsimony":1.000572607977704,"identity":1.0,"lowest_identity":1.0,"breadth_of_coverage":0.9385808150071405,"L90":57,"aligned_contigs":88,"NA50":40364,"NG50":40069,"aligned_basepairs":1788309,"Ns":0},"Listeria_monocytogenes":{"assembler":"IDBA-UD","contiguity":0.16514890343416627,"multiplicity":1.0000969028362714,"validity":1.0002470376659582,"parsimony":0.999849902250111,"identity":0.9998429142671866,"lowest_identity":0.9958391123439667,"breadth_of_coverage":0.986321082282707,"L90":13,"aligned_contigs":27,"NA50":254629,"NG50":254629,"aligned_basepairs":2951410,"Ns":0},"Pseudomonas_aeruginosa":{"assembler":"IDBA-UD","contiguity":0.05001847672300963,"multiplicity":1.00060365244076,"validity":0.9997691559868358,"parsimony":1.0008346891369142,"identity":0.996835326035172,"lowest_identity":0.7216439818521484,"breadth_of_coverage":0.9858039877332226,"L90":74,"aligned_contigs":161,"NA50":84981,"NG50":84981,"aligned_basepairs":6695906,"Ns":0},"Salmonella_enterica":{"assembler":"IDBA-UD","contiguity":0.03399446104897194,"multiplicity":1.0080441238006042,"validity":0.9889058194266614,"parsimony":1.0193530101633324,"identity":0.9945701675739802,"lowest_identity":0.6769448774266685,"breadth_of_coverage":0.9569842592440857,"L90":330,"aligned_contigs":413,"NA50":20367,"NG50":18609,"aligned_basepairs":4555002,"Ns":0},"Staphylococcus_aureus":{"assembler":"IDBA-UD","contiguity":0.06690243418003664,"multiplicity":1.0005331734438352,"validity":1.0000498788282,"parsimony":1.0004832705106685,"identity":0.999963062676585,"lowest_identity":0.9980626412657411,"breadth_of_coverage":0.9802830681408573,"L90":43,"aligned_contigs":76,"NA50":53248,"NG50":51887,"aligned_basepairs":2665174,"Ns":0},"Staphylococcus_aureus_plasmid1":{"assembler":"IDBA-UD","contiguity":1.002998264162853,"multiplicity":1.002998264162853,"validity":1.0,"parsimony":1.002998264162853,"identity":1.0,"lowest_identity":1.0,"breadth_of_coverage":1.0,"L90":0,"aligned_contigs":1,"NA50":6356,"NG50":6356,"aligned_basepairs":6337,"Ns":0},"Staphylococcus_aureus_plasmid2":{"assembler":"IDBA-UD","contiguity":1.0446750902527075,"multiplicity":1.0446750902527075,"validity":1.0,"parsimony":1.0446750902527075,"identity":1.0,"lowest_identity":1.0,"breadth_of_coverage":1.0,"L90":0,"aligned_contigs":1,"NA50":2315,"NG50":2315,"aligned_basepairs":2216,"Ns":0},"Staphylococcus_aureus_plasmid3":{"assembler":"IDBA-UD","contiguity":0.4794520547945205,"multiplicity":1.0,"validity":1.0,"parsimony":1.0,"identity":1.0,"lowest_identity":1.0,"breadth_of_coverage":0.4794520547945205,"L90":0,"aligned_contigs":1,"NA50":1435,"NG50":0,"aligned_basepairs":1435,"Ns":0}}}