{"sample_id":"ENN","ReferenceTables":{"Bacillus_subtilis":{"assembler":"MINIA","contiguity":0.0336843499864176,"multiplicity":1.0002831473433997,"validity":1.0,"parsimony":1.0002831473433997,"identity":1.0,"lowest_identity":1.0,"breadth_of_coverage":0.9768466439609489,"L90":65,"aligned_contigs":115,"NA50":65143,"NG50":64960,"aligned_basepairs":3952006,"Ns":0},"Enterococcus_faecalis":{"assembler":"MINIA","contiguity":0.045908612943313255,"multiplicity":1.000743174006307,"validity":1.0,"parsimony":1.000743174006307,"identity":0.9999967081440515,"lowest_identity":0.9994535519125683,"breadth_of_coverage":0.9736967700759684,"L90":102,"aligned_contigs":166,"NA50":32898,"NG50":32803,"aligned_basepairs":2770549,"Ns":0},"Escherichia_coli_plasmid":{"assembler":"MINIA","contiguity":0.3306244148099666,"multiplicity":1.0002823795180722,"validity":1.0,"parsimony":1.0002823795180722,"identity":1.0,"lowest_identity":1.0,"breadth_of_coverage":0.9657567245720727,"L90":3,"aligned_contigs":6,"NA50":26838,"NG50":26838,"aligned_basepairs":106240,"Ns":0},"Escherichia_coli":{"assembler":"MINIA","contiguity":0.011346290810029054,"multiplicity":1.0023211768827958,"validity":1.0000288227493466,"parsimony":1.0022922880634049,"identity":0.999978928320992,"lowest_identity":0.9912232583653319,"breadth_of_coverage":0.7917612540641629,"L90":0,"aligned_contigs":1122,"NA50":4465,"NG50":3200,"aligned_basepairs":3773086,"Ns":0},"Lactobacillus_fermentum":{"assembler":"MINIA","contiguity":0.03464433776143068,"multiplicity":1.0008010230289845,"validity":1.0004137492406049,"parsimony":1.0003871136204132,"identity":1.0,"lowest_identity":1.0,"breadth_of_coverage":0.9205776628022503,"L90":205,"aligned_contigs":236,"NA50":11209,"NG50":10841,"aligned_basepairs":1754007,"Ns":0},"Listeria_monocytogenes":{"assembler":"MINIA","contiguity":0.054075369727123436,"multiplicity":1.0006046370772614,"validity":1.000000346684981,"parsimony":1.000604290182782,"identity":0.9999743818336458,"lowest_identity":0.9967721110393802,"breadth_of_coverage":0.9633661526657047,"L90":75,"aligned_contigs":126,"NA50":46368,"NG50":44353,"aligned_basepairs":2882721,"Ns":0},"Pseudomonas_aeruginosa":{"assembler":"MINIA","contiguity":0.015603629387853653,"multiplicity":1.0010332957854453,"validity":0.9999998467138359,"parsimony":1.0010334492300228,"identity":0.9999692845329669,"lowest_identity":0.9870059556036817,"breadth_of_coverage":0.9594661920136389,"L90":335,"aligned_contigs":521,"NA50":22207,"NG50":21734,"aligned_basepairs":6517011,"Ns":0},"Salmonella_enterica":{"assembler":"MINIA","contiguity":0.011955679987965744,"multiplicity":1.0023614432639407,"validity":1.0,"parsimony":1.0023614432639407,"identity":0.9999726583417103,"lowest_identity":0.9908116385911179,"breadth_of_coverage":0.8038349105183343,"L90":0,"aligned_contigs":1084,"NA50":4996,"NG50":3551,"aligned_basepairs":3826050,"Ns":0},"Staphylococcus_aureus":{"assembler":"MINIA","contiguity":0.033342896446200136,"multiplicity":1.000588328033254,"validity":0.999999615698117,"parsimony":1.0005887125613802,"identity":0.9999993787469326,"lowest_identity":0.9998912807131985,"breadth_of_coverage":0.9565282957797248,"L90":112,"aligned_contigs":175,"NA50":29647,"NG50":29165,"aligned_basepairs":2600590,"Ns":0},"Staphylococcus_aureus_plasmid1":{"assembler":"MINIA","contiguity":2.606596181158277,"multiplicity":3.0042600189334174,"validity":1.0,"parsimony":3.0042600189334174,"identity":1.0,"lowest_identity":1.0,"breadth_of_coverage":1.0001578033769922,"L90":0,"aligned_contigs":2,"NA50":19041,"NG50":19041,"aligned_basepairs":6338,"Ns":0},"Staphylococcus_aureus_plasmid2":{"assembler":"MINIA","contiguity":0.0,"multiplicity":0,"validity":0,"parsimony":0,"identity":0,"lowest_identity":0,"breadth_of_coverage":0.0,"L90":0,"aligned_contigs":0,"NA50":0,"NG50":0,"aligned_basepairs":0,"Ns":0},"Staphylococcus_aureus_plasmid3":{"assembler":"MINIA","contiguity":0.0,"multiplicity":0,"validity":0,"parsimony":0,"identity":0,"lowest_identity":0,"breadth_of_coverage":0.0,"L90":0,"aligned_contigs":0,"NA50":0,"NG50":0,"aligned_basepairs":0,"Ns":0}}}