{"sample_id":"ENN","ReferenceTables":{"Bacillus_subtilis":{"assembler":"VelvetOptimizer","contiguity":0.060170399169286126,"multiplicity":1.0002642903298824,"validity":1.0,"parsimony":1.0002642903298824,"identity":1.0,"lowest_identity":1.0,"breadth_of_coverage":0.9773358080736549,"L90":59,"aligned_contigs":108,"NA50":69914,"NG50":69010,"aligned_basepairs":3953985,"Ns":0},"Enterococcus_faecalis":{"assembler":"VelvetOptimizer","contiguity":0.045908612943313255,"multiplicity":1.0006432171970954,"validity":1.0,"parsimony":1.0006432171970954,"identity":0.9999875027598072,"lowest_identity":0.9980379332897319,"breadth_of_coverage":0.9742077717235446,"L90":95,"aligned_contigs":157,"NA50":32898,"NG50":32803,"aligned_basepairs":2772003,"Ns":0},"Escherichia_coli_plasmid":{"assembler":"VelvetOptimizer","contiguity":0.3660130718954248,"multiplicity":1.0,"validity":1.0,"parsimony":1.0,"identity":1.0,"lowest_identity":1.0,"breadth_of_coverage":0.9553937476706028,"L90":3,"aligned_contigs":4,"NA50":26838,"NG50":26838,"aligned_basepairs":105100,"Ns":0},"Escherichia_coli":{"assembler":"VelvetOptimizer","contiguity":0.011654342500599105,"multiplicity":1.0024186360006544,"validity":0.9991896503081836,"parsimony":1.0032316044221183,"identity":0.9979206725032533,"lowest_identity":0.7165193745751189,"breadth_of_coverage":0.8592858488859567,"L90":0,"aligned_contigs":1107,"NA50":4818,"NG50":4207,"aligned_basepairs":4094870,"Ns":4145},"Lactobacillus_fermentum":{"assembler":"VelvetOptimizer","contiguity":0.035284120938439634,"multiplicity":1.0006343275699545,"validity":1.0,"parsimony":1.0006343275699545,"identity":1.0,"lowest_identity":1.0,"breadth_of_coverage":0.9192414134432144,"L90":197,"aligned_contigs":226,"NA50":11784,"NG50":11122,"aligned_basepairs":1751461,"Ns":0},"Listeria_monocytogenes":{"assembler":"VelvetOptimizer","contiguity":0.05407570391352325,"multiplicity":1.0005064072659038,"validity":1.0,"parsimony":1.0005064072659038,"identity":1.0,"lowest_identity":1.0,"breadth_of_coverage":0.9634777709232434,"L90":68,"aligned_contigs":114,"NA50":52654,"NG50":51199,"aligned_basepairs":2883055,"Ns":0},"Pseudomonas_aeruginosa":{"assembler":"VelvetOptimizer","contiguity":0.10060612484964658,"multiplicity":1.0000880094572875,"validity":0.9997448601472743,"parsimony":1.000343236883421,"identity":0.9944251472064876,"lowest_identity":0.8402777777777778,"breadth_of_coverage":0.986969861593886,"L90":28,"aligned_contigs":70,"NA50":256534,"NG50":216712,"aligned_basepairs":6703825,"Ns":7417},"Salmonella_enterica":{"assembler":"VelvetOptimizer","contiguity":0.011955679987965744,"multiplicity":1.0023705957167306,"validity":0.9997304359294668,"parsimony":1.0026408716713813,"identity":0.9988297798558272,"lowest_identity":0.7951363301400147,"breadth_of_coverage":0.8690617104358089,"L90":0,"aligned_contigs":1034,"NA50":5583,"NG50":4703,"aligned_basepairs":4136513,"Ns":2959},"Staphylococcus_aureus":{"assembler":"VelvetOptimizer","contiguity":0.033342896446200136,"multiplicity":1.0004609298568468,"validity":1.0,"parsimony":1.0004609298568468,"identity":1.0,"lowest_identity":1.0,"breadth_of_coverage":0.9575739853905061,"L90":104,"aligned_contigs":164,"NA50":32297,"NG50":30086,"aligned_basepairs":2603433,"Ns":0},"Staphylococcus_aureus_plasmid1":{"assembler":"VelvetOptimizer","contiguity":1.004734101309768,"multiplicity":1.004734101309768,"validity":1.0,"parsimony":1.004734101309768,"identity":1.0,"lowest_identity":1.0,"breadth_of_coverage":1.0,"L90":0,"aligned_contigs":1,"NA50":6367,"NG50":6367,"aligned_basepairs":6337,"Ns":0},"Staphylococcus_aureus_plasmid2":{"assembler":"VelvetOptimizer","contiguity":0.0,"multiplicity":0,"validity":0,"parsimony":0,"identity":0,"lowest_identity":0,"breadth_of_coverage":0.0,"L90":0,"aligned_contigs":0,"NA50":0,"NG50":0,"aligned_basepairs":0,"Ns":0},"Staphylococcus_aureus_plasmid3":{"assembler":"VelvetOptimizer","contiguity":0.0,"multiplicity":0,"validity":0,"parsimony":0,"identity":0,"lowest_identity":0,"breadth_of_coverage":0.0,"L90":0,"aligned_contigs":0,"NA50":0,"NG50":0,"aligned_basepairs":0,"Ns":0}}}