{"sample_id":"ENN","ReferenceTables":{"Bacillus_subtilis":{"assembler":"MEGAHIT","contiguity":0.13649458421915542,"multiplicity":1.000120284533063,"validity":1.001262925290217,"parsimony":0.9988588004925651,"identity":0.9999109497229236,"lowest_identity":0.9981998199819982,"breadth_of_coverage":0.9863708842796891,"L90":11,"aligned_contigs":25,"NA50":315167,"NG50":315167,"aligned_basepairs":3990538,"Ns":0},"Enterococcus_faecalis":{"assembler":"MEGAHIT","contiguity":0.20950224081602817,"multiplicity":1.0005638757032744,"validity":1.0001112173056999,"parsimony":1.0004526080597256,"identity":0.9996899756705496,"lowest_identity":0.9932287102684617,"breadth_of_coverage":0.9791533117405264,"L90":14,"aligned_contigs":31,"NA50":224764,"NG50":224764,"aligned_basepairs":2786075,"Ns":0},"Escherichia_coli_plasmid":{"assembler":"MEGAHIT","contiguity":1.0002545292572291,"multiplicity":1.0002545292572291,"validity":1.0,"parsimony":1.0002545292572291,"identity":1.0,"lowest_identity":1.0,"breadth_of_coverage":1.0,"L90":0,"aligned_contigs":1,"NA50":110035,"NG50":110035,"aligned_basepairs":110007,"Ns":0},"Escherichia_coli":{"assembler":"MEGAHIT","contiguity":0.07228365768993968,"multiplicity":1.0013522474584906,"validity":1.0008630303946973,"parsimony":1.000488795218663,"identity":0.9997613867797561,"lowest_identity":0.9876447876447877,"breadth_of_coverage":0.9762500120660573,"L90":64,"aligned_contigs":133,"NA50":80820,"NG50":74408,"aligned_basepairs":4652255,"Ns":0},"Lactobacillus_fermentum":{"assembler":"MEGAHIT","contiguity":0.06400928341659962,"multiplicity":1.0018683671996775,"validity":1.0019703076898405,"parsimony":0.9998982599690025,"identity":0.9967035875081933,"lowest_identity":0.7272434866516565,"breadth_of_coverage":0.9491941828541257,"L90":48,"aligned_contigs":79,"NA50":44597,"NG50":41765,"aligned_basepairs":1808531,"Ns":0},"Listeria_monocytogenes":{"assembler":"MEGAHIT","contiguity":0.21129737175764,"multiplicity":1.0002587796747822,"validity":1.0005335840288399,"parsimony":0.9997253421989584,"identity":0.999749417283401,"lowest_identity":0.9962634283045306,"breadth_of_coverage":0.989207450217923,"L90":7,"aligned_contigs":18,"NA50":543128,"NG50":543128,"aligned_basepairs":2960047,"Ns":0},"Pseudomonas_aeruginosa":{"assembler":"MEGAHIT","contiguity":0.06899944496218528,"multiplicity":1.0007222574021353,"validity":1.0003150791441375,"parsimony":1.0004070500050306,"identity":0.9999127167628591,"lowest_identity":0.9954938039804732,"breadth_of_coverage":0.9906619672483522,"L90":30,"aligned_contigs":81,"NA50":239309,"NG50":239309,"aligned_basepairs":6728903,"Ns":0},"Salmonella_enterica":{"assembler":"MEGAHIT","contiguity":0.07929540778016306,"multiplicity":1.0015392010254218,"validity":1.000087247823924,"parsimony":1.001451826532792,"identity":0.99977901482894,"lowest_identity":0.9913187593717938,"breadth_of_coverage":0.9834558398704468,"L90":49,"aligned_contigs":107,"NA50":116581,"NG50":107133,"aligned_basepairs":4681000,"Ns":0},"Staphylococcus_aureus":{"assembler":"MEGAHIT","contiguity":0.11142755206379332,"multiplicity":1.0011002937720985,"validity":1.0006081995132914,"parsimony":1.0004917951492367,"identity":0.9987113198006957,"lowest_identity":0.9741824440619621,"breadth_of_coverage":0.9864759193461773,"L90":23,"aligned_contigs":39,"NA50":112741,"NG50":112741,"aligned_basepairs":2682011,"Ns":0},"Staphylococcus_aureus_plasmid1":{"assembler":"MEGAHIT","contiguity":1.0222502761559098,"multiplicity":1.0222502761559098,"validity":1.0,"parsimony":1.0222502761559098,"identity":1.0,"lowest_identity":1.0,"breadth_of_coverage":1.0,"L90":0,"aligned_contigs":1,"NA50":6478,"NG50":6478,"aligned_basepairs":6337,"Ns":0},"Staphylococcus_aureus_plasmid2":{"assembler":"MEGAHIT","contiguity":1.0636281588447654,"multiplicity":1.0636281588447654,"validity":1.0,"parsimony":1.0636281588447654,"identity":1.0,"lowest_identity":1.0,"breadth_of_coverage":1.0,"L90":0,"aligned_contigs":1,"NA50":2357,"NG50":2357,"aligned_basepairs":2216,"Ns":0},"Staphylococcus_aureus_plasmid3":{"assembler":"MEGAHIT","contiguity":1.047109923154026,"multiplicity":1.047109923154026,"validity":1.0,"parsimony":1.047109923154026,"identity":1.0,"lowest_identity":1.0,"breadth_of_coverage":1.0,"L90":0,"aligned_contigs":1,"NA50":3134,"NG50":3134,"aligned_basepairs":2993,"Ns":0}}}