{"sample_id":"EMS","ReferenceTables":{"Bacillus_subtilis":{"assembler":"VelvetOptimizer","contiguity":0.060170399169286126,"multiplicity":1.0002830152888957,"validity":1.0,"parsimony":1.0002830152888957,"identity":1.0,"lowest_identity":1.0,"breadth_of_coverage":0.9773024391220555,"L90":63,"aligned_contigs":114,"NA50":63198,"NG50":63198,"aligned_basepairs":3953850,"Ns":0},"Enterococcus_faecalis":{"assembler":"VelvetOptimizer","contiguity":0.045908612943313255,"multiplicity":1.0006416579710737,"validity":0.9999996346175066,"parsimony":1.0006420235881512,"identity":0.9999877087990443,"lowest_identity":0.9980379332897319,"breadth_of_coverage":0.9612390841051075,"L90":104,"aligned_contigs":162,"NA50":30443,"NG50":30356,"aligned_basepairs":2735102,"Ns":0},"Escherichia_coli_plasmid":{"assembler":"VelvetOptimizer","contiguity":0.3306153244793513,"multiplicity":1.0002661546358433,"validity":1.0000285097931139,"parsimony":1.0002376380677174,"identity":0.9990170839711213,"lowest_identity":0.9985468365750055,"breadth_of_coverage":0.9563209613933659,"L90":3,"aligned_contigs":5,"NA50":26838,"NG50":26838,"aligned_basepairs":105202,"Ns":0},"Escherichia_coli":{"assembler":"VelvetOptimizer","contiguity":0.01165245390031632,"multiplicity":1.0027175999215996,"validity":0.9996188070605102,"parsimony":1.0030999745495002,"identity":0.9991285398392095,"lowest_identity":0.8199524940617577,"breadth_of_coverage":0.850080181574228,"L90":0,"aligned_contigs":1137,"NA50":4871,"NG50":4030,"aligned_basepairs":4051001,"Ns":4979},"Lactobacillus_fermentum":{"assembler":"VelvetOptimizer","contiguity":0.035283596095800576,"multiplicity":1.0007757539751678,"validity":1.0000005708049262,"parsimony":1.0007751827277636,"identity":0.9999977745566074,"lowest_identity":0.9997233748271093,"breadth_of_coverage":0.9187659060122298,"L90":207,"aligned_contigs":236,"NA50":11504,"NG50":10966,"aligned_basepairs":1750555,"Ns":0},"Listeria_monocytogenes":{"assembler":"VelvetOptimizer","contiguity":0.05407570391352325,"multiplicity":1.0005432020406575,"validity":1.0,"parsimony":1.0005432020406575,"identity":1.0,"lowest_identity":1.0,"breadth_of_coverage":0.975116814856056,"L90":69,"aligned_contigs":121,"NA50":46963,"NG50":44384,"aligned_basepairs":2917883,"Ns":0},"Pseudomonas_aeruginosa":{"assembler":"VelvetOptimizer","contiguity":0.0845301980321922,"multiplicity":1.0002452954507002,"validity":1.000396822145774,"parsimony":0.9998485334102234,"identity":1.0007030828774603,"lowest_identity":0.9957013144620064,"breadth_of_coverage":0.9885196979534269,"L90":15,"aligned_contigs":65,"NA50":294506,"NG50":425077,"aligned_basepairs":6714352,"Ns":5114},"Salmonella_enterica":{"assembler":"VelvetOptimizer","contiguity":0.011955679987965744,"multiplicity":1.00268850345637,"validity":0.9997761651451139,"parsimony":1.002912990340026,"identity":0.9993838456232867,"lowest_identity":0.9114173228346457,"breadth_of_coverage":0.8656991360463352,"L90":0,"aligned_contigs":1093,"NA50":5385,"NG50":4411,"aligned_basepairs":4120508,"Ns":2775},"Staphylococcus_aureus":{"assembler":"VelvetOptimizer","contiguity":0.033342896446200136,"multiplicity":1.0004896502767062,"validity":1.0,"parsimony":1.0004896502767062,"identity":1.0,"lowest_identity":1.0,"breadth_of_coverage":0.9569943136259645,"L90":108,"aligned_contigs":169,"NA50":29915,"NG50":29647,"aligned_basepairs":2601857,"Ns":0},"Staphylococcus_aureus_plasmid1":{"assembler":"VelvetOptimizer","contiguity":0.0,"multiplicity":0,"validity":0,"parsimony":0,"identity":0,"lowest_identity":0,"breadth_of_coverage":0.0,"L90":0,"aligned_contigs":0,"NA50":0,"NG50":0,"aligned_basepairs":0,"Ns":0},"Staphylococcus_aureus_plasmid2":{"assembler":"VelvetOptimizer","contiguity":0.0,"multiplicity":0,"validity":0,"parsimony":0,"identity":0,"lowest_identity":0,"breadth_of_coverage":0.0,"L90":0,"aligned_contigs":0,"NA50":0,"NG50":0,"aligned_basepairs":0,"Ns":0},"Staphylococcus_aureus_plasmid3":{"assembler":"VelvetOptimizer","contiguity":0.0,"multiplicity":0,"validity":0,"parsimony":0,"identity":0,"lowest_identity":0,"breadth_of_coverage":0.0,"L90":0,"aligned_contigs":0,"NA50":0,"NG50":0,"aligned_basepairs":0,"Ns":0}}}