{"sample_id":"EMS","ReferenceTables":{"Bacillus_subtilis":{"assembler":"metaSPAdes","contiguity":0.2552934898164139,"multiplicity":1.0000165900841569,"validity":1.000037202773718,"parsimony":0.9999793880772595,"identity":0.9991627979521696,"lowest_identity":0.9813023855577047,"breadth_of_coverage":0.9833409834744593,"L90":11,"aligned_contigs":23,"NA50":308009,"NG50":294377,"aligned_basepairs":3978280,"Ns":0},"Enterococcus_faecalis":{"assembler":"metaSPAdes","contiguity":0.18953240889128808,"multiplicity":1.000204414283874,"validity":1.0000152572081438,"parsimony":1.0001891541897654,"identity":0.9986966268920763,"lowest_identity":0.973463687150838,"breadth_of_coverage":0.9903053779584676,"L90":11,"aligned_contigs":23,"NA50":238566,"NG50":238566,"aligned_basepairs":2817807,"Ns":0},"Escherichia_coli_plasmid":{"assembler":"metaSPAdes","contiguity":0.6258329015426292,"multiplicity":1.000499968183843,"validity":1.0,"parsimony":1.000499968183843,"identity":1.0,"lowest_identity":1.0,"breadth_of_coverage":1.0,"L90":1,"aligned_contigs":2,"NA50":68846,"NG50":68846,"aligned_basepairs":110007,"Ns":0},"Escherichia_coli":{"assembler":"metaSPAdes","contiguity":0.1171779947010073,"multiplicity":1.0002063559338343,"validity":1.0010606979932133,"parsimony":0.999146563179344,"identity":1.0004201700617577,"lowest_identity":0.9889950767448595,"breadth_of_coverage":0.9813137691131595,"L90":35,"aligned_contigs":82,"NA50":113353,"NG50":116126,"aligned_basepairs":4676386,"Ns":0},"Lactobacillus_fermentum":{"assembler":"metaSPAdes","contiguity":0.06391901048268203,"multiplicity":1.000484333834759,"validity":1.000006684961177,"parsimony":1.000477645680539,"identity":0.9996231034727006,"lowest_identity":0.9722064662507091,"breadth_of_coverage":0.9416815853186818,"L90":49,"aligned_contigs":80,"NA50":44423,"NG50":40276,"aligned_basepairs":1794217,"Ns":0},"Listeria_monocytogenes":{"assembler":"metaSPAdes","contiguity":0.30669455563568604,"multiplicity":1.0000188119340172,"validity":0.9999993159430085,"parsimony":1.0000194960043451,"identity":0.9992042694509312,"lowest_identity":0.9915966386554622,"breadth_of_coverage":0.9770527566701934,"L90":7,"aligned_contigs":12,"NA50":448662,"NG50":448662,"aligned_basepairs":2923676,"Ns":0},"Pseudomonas_aeruginosa":{"assembler":"metaSPAdes","contiguity":0.12479429003007804,"multiplicity":1.0002357488623557,"validity":1.0000126318936888,"parsimony":1.0002231141503126,"identity":0.9993509832550941,"lowest_identity":0.9679182509505704,"breadth_of_coverage":0.990455116285575,"L90":25,"aligned_contigs":58,"NA50":256240,"NG50":253547,"aligned_basepairs":6727498,"Ns":0},"Salmonella_enterica":{"assembler":"metaSPAdes","contiguity":0.07700074751888021,"multiplicity":1.000189774431586,"validity":0.9999957218125739,"parsimony":1.000194053449209,"identity":0.9994531645157965,"lowest_identity":0.9842931937172775,"breadth_of_coverage":0.9819788703010622,"L90":28,"aligned_contigs":55,"NA50":164359,"NG50":157907,"aligned_basepairs":4673970,"Ns":0},"Staphylococcus_aureus":{"assembler":"metaSPAdes","contiguity":0.16042416083684594,"multiplicity":1.0001181466994395,"validity":1.0000137885543818,"parsimony":1.0001043567061296,"identity":0.998686133427554,"lowest_identity":0.9800235017626322,"breadth_of_coverage":0.9868783057106496,"L90":14,"aligned_contigs":26,"NA50":181495,"NG50":181495,"aligned_basepairs":2683105,"Ns":0},"Staphylococcus_aureus_plasmid1":{"assembler":"metaSPAdes","contiguity":0.9998421966230078,"multiplicity":1.0,"validity":1.0,"parsimony":1.0,"identity":1.0,"lowest_identity":1.0,"breadth_of_coverage":0.9998421966230078,"L90":0,"aligned_contigs":1,"NA50":6336,"NG50":6336,"aligned_basepairs":6336,"Ns":0},"Staphylococcus_aureus_plasmid2":{"assembler":"metaSPAdes","contiguity":0.0,"multiplicity":0,"validity":0,"parsimony":0,"identity":0,"lowest_identity":0,"breadth_of_coverage":0.0,"L90":0,"aligned_contigs":0,"NA50":0,"NG50":0,"aligned_basepairs":0,"Ns":0},"Staphylococcus_aureus_plasmid3":{"assembler":"metaSPAdes","contiguity":0.0,"multiplicity":0,"validity":0,"parsimony":0,"identity":0,"lowest_identity":0,"breadth_of_coverage":0.0,"L90":0,"aligned_contigs":0,"NA50":0,"NG50":0,"aligned_basepairs":0,"Ns":0}}}