{"sample_id":"EMS","ReferenceTables":{"Bacillus_subtilis":{"assembler":"MINIA","contiguity":0.032648182244899925,"multiplicity":1.0002838209176017,"validity":0.9999997471120192,"parsimony":1.0002840738774215,"identity":0.9999929305140223,"lowest_identity":0.9991728701406121,"breadth_of_coverage":0.9771410322672819,"L90":66,"aligned_contigs":117,"NA50":65138,"NG50":64960,"aligned_basepairs":3953197,"Ns":0},"Enterococcus_faecalis":{"assembler":"MINIA","contiguity":0.045908612943313255,"multiplicity":1.0007309890731944,"validity":1.0,"parsimony":1.0007309890731944,"identity":0.9999868325762065,"lowest_identity":0.9978142076502732,"breadth_of_coverage":0.9610805822185484,"L90":107,"aligned_contigs":166,"NA50":30453,"NG50":30356,"aligned_basepairs":2734651,"Ns":0},"Escherichia_coli_plasmid":{"assembler":"MINIA","contiguity":0.3306244148099666,"multiplicity":1.0005082687800608,"validity":1.0,"parsimony":1.0005082687800608,"identity":1.0,"lowest_identity":1.0,"breadth_of_coverage":0.9657839955639187,"L90":3,"aligned_contigs":6,"NA50":26838,"NG50":26838,"aligned_basepairs":106243,"Ns":0},"Escherichia_coli":{"assembler":"MINIA","contiguity":0.011346290810029054,"multiplicity":1.0023041969471975,"validity":1.0000298910879852,"parsimony":1.0022742378797678,"identity":0.9999807656556831,"lowest_identity":0.9924026590693258,"breadth_of_coverage":0.7914941220463866,"L90":0,"aligned_contigs":1123,"NA50":4469,"NG50":3200,"aligned_basepairs":3771813,"Ns":0},"Lactobacillus_fermentum":{"assembler":"MINIA","contiguity":0.03464433776143068,"multiplicity":1.0007810696092656,"validity":1.0004137579652683,"parsimony":1.000367159728735,"identity":1.0,"lowest_identity":1.0,"breadth_of_coverage":0.9205766131169723,"L90":206,"aligned_contigs":237,"NA50":11209,"NG50":10836,"aligned_basepairs":1754005,"Ns":0},"Listeria_monocytogenes":{"assembler":"MINIA","contiguity":0.054075369727123436,"multiplicity":1.0006075265445926,"validity":0.9999996575535971,"parsimony":1.0006078691991582,"identity":0.9999697580645162,"lowest_identity":0.9961290322580645,"breadth_of_coverage":0.9752865815471627,"L90":72,"aligned_contigs":128,"NA50":46368,"NG50":44353,"aligned_basepairs":2918391,"Ns":0},"Pseudomonas_aeruginosa":{"assembler":"MINIA","contiguity":0.015603629387853653,"multiplicity":1.0010379026265044,"validity":1.0000001532860232,"parsimony":1.0010377491814086,"identity":0.999967243112551,"lowest_identity":0.9891657638136512,"breadth_of_coverage":0.959462953066179,"L90":336,"aligned_contigs":522,"NA50":22123,"NG50":21276,"aligned_basepairs":6516989,"Ns":0},"Salmonella_enterica":{"assembler":"MINIA","contiguity":0.011955679987965744,"multiplicity":1.002340125022886,"validity":1.0,"parsimony":1.002340125022886,"identity":0.9999779424955532,"lowest_identity":0.9910630291627469,"breadth_of_coverage":0.8032571485957444,"L90":0,"aligned_contigs":1082,"NA50":5009,"NG50":3551,"aligned_basepairs":3823300,"Ns":0},"Staphylococcus_aureus":{"assembler":"MINIA","contiguity":0.033342896446200136,"multiplicity":1.0005775912292272,"validity":0.9999988470230134,"parsimony":1.0005787448734933,"identity":0.9999989195905248,"lowest_identity":0.9998109283418416,"breadth_of_coverage":0.9564786411552241,"L90":112,"aligned_contigs":175,"NA50":29647,"NG50":29165,"aligned_basepairs":2600455,"Ns":0},"Staphylococcus_aureus_plasmid1":{"assembler":"MINIA","contiguity":0.20356635632002526,"multiplicity":1.0,"validity":1.0,"parsimony":1.0,"identity":1.0,"lowest_identity":1.0,"breadth_of_coverage":0.20356635632002526,"L90":0,"aligned_contigs":1,"NA50":1290,"NG50":0,"aligned_basepairs":1290,"Ns":0},"Staphylococcus_aureus_plasmid2":{"assembler":"MINIA","contiguity":0.0,"multiplicity":0,"validity":0,"parsimony":0,"identity":0,"lowest_identity":0,"breadth_of_coverage":0.0,"L90":0,"aligned_contigs":0,"NA50":0,"NG50":0,"aligned_basepairs":0,"Ns":0},"Staphylococcus_aureus_plasmid3":{"assembler":"MINIA","contiguity":0.0,"multiplicity":0,"validity":0,"parsimony":0,"identity":0,"lowest_identity":0,"breadth_of_coverage":0.0,"L90":0,"aligned_contigs":0,"NA50":0,"NG50":0,"aligned_basepairs":0,"Ns":0}}}