{"sample_id":"EMS","ReferenceTables":{"Bacillus_subtilis":{"assembler":"BCALM2","contiguity":0.0023926774183900493,"multiplicity":1.0042509371828026,"validity":1.0,"parsimony":1.0042509371828026,"identity":1.0,"lowest_identity":1.0,"breadth_of_coverage":0.7215407952735723,"L90":0,"aligned_contigs":1468,"NA50":2130,"NG50":1635,"aligned_basepairs":2919121,"Ns":0},"Enterococcus_faecalis":{"assembler":"BCALM2","contiguity":0.001498914736528394,"multiplicity":1.002686836835884,"validity":1.0,"parsimony":1.002686836835884,"identity":1.0,"lowest_identity":1.0,"breadth_of_coverage":0.40614228197731633,"L90":0,"aligned_contigs":797,"NA50":1417,"NG50":0,"aligned_basepairs":1155634,"Ns":0},"Escherichia_coli_plasmid":{"assembler":"BCALM2","contiguity":0.0,"multiplicity":0,"validity":0,"parsimony":0,"identity":0,"lowest_identity":0,"breadth_of_coverage":0.0,"L90":0,"aligned_contigs":0,"NA50":0,"NG50":0,"aligned_basepairs":0,"Ns":0},"Escherichia_coli":{"assembler":"BCALM2","contiguity":0.0014565305069800568,"multiplicity":1.0033969904991804,"validity":1.0,"parsimony":1.0033969904991804,"identity":1.0,"lowest_identity":1.0,"breadth_of_coverage":0.5932122866458753,"L90":0,"aligned_contigs":1511,"NA50":1950,"NG50":1250,"aligned_basepairs":2826914,"Ns":0},"Lactobacillus_fermentum":{"assembler":"BCALM2","contiguity":0.0011273619886917406,"multiplicity":1.000386839712965,"validity":1.0,"parsimony":1.000386839712965,"identity":1.0,"lowest_identity":1.0,"breadth_of_coverage":0.08140466784546323,"L90":0,"aligned_contigs":123,"NA50":1237,"NG50":0,"aligned_basepairs":155103,"Ns":0},"Listeria_monocytogenes":{"assembler":"BCALM2","contiguity":0.0016147886839138039,"multiplicity":1.0024558895396758,"validity":1.0,"parsimony":1.0024558895396758,"identity":1.0,"lowest_identity":1.0,"breadth_of_coverage":0.4581662122845584,"L90":0,"aligned_contigs":872,"NA50":1565,"NG50":0,"aligned_basepairs":1370990,"Ns":0},"Pseudomonas_aeruginosa":{"assembler":"BCALM2","contiguity":0.0031969883677618726,"multiplicity":1.004143022311003,"validity":1.0,"parsimony":1.004143022311003,"identity":1.0,"lowest_identity":1.0,"breadth_of_coverage":0.8979852274550854,"L90":1795,"aligned_contigs":1807,"NA50":4303,"NG50":3849,"aligned_basepairs":6099412,"Ns":0},"Salmonella_enterica":{"assembler":"BCALM2","contiguity":0.0018368627233470022,"multiplicity":1.004097870659428,"validity":1.0,"parsimony":1.004097870659428,"identity":1.0,"lowest_identity":1.0,"breadth_of_coverage":0.6009795480683213,"L90":0,"aligned_contigs":1546,"NA50":1944,"NG50":1275,"aligned_basepairs":2860510,"Ns":0},"Staphylococcus_aureus":{"assembler":"BCALM2","contiguity":0.0012638021465510266,"multiplicity":1.001946562936877,"validity":1.0,"parsimony":1.001946562936877,"identity":1.0,"lowest_identity":1.0,"breadth_of_coverage":0.33860665445530713,"L90":0,"aligned_contigs":648,"NA50":1384,"NG50":0,"aligned_basepairs":920597,"Ns":0},"Staphylococcus_aureus_plasmid1":{"assembler":"BCALM2","contiguity":0.0,"multiplicity":0,"validity":0,"parsimony":0,"identity":0,"lowest_identity":0,"breadth_of_coverage":0.0,"L90":0,"aligned_contigs":0,"NA50":0,"NG50":0,"aligned_basepairs":0,"Ns":0},"Staphylococcus_aureus_plasmid2":{"assembler":"BCALM2","contiguity":0.0,"multiplicity":0,"validity":0,"parsimony":0,"identity":0,"lowest_identity":0,"breadth_of_coverage":0.0,"L90":0,"aligned_contigs":0,"NA50":0,"NG50":0,"aligned_basepairs":0,"Ns":0},"Staphylococcus_aureus_plasmid3":{"assembler":"BCALM2","contiguity":0.0,"multiplicity":0,"validity":0,"parsimony":0,"identity":0,"lowest_identity":0,"breadth_of_coverage":0.0,"L90":0,"aligned_contigs":0,"NA50":0,"NG50":0,"aligned_basepairs":0,"Ns":0}}}