{"ERR2984773":{"assembler":"VelvetOptimiser","mapped_reads_original":1.7720608564045497,"mapped_reads_filtered":0.007438197231397136}}