{"ERR2984773":{"assembler":"IDBA-UD","mapped_reads_original":84.35921268247343,"mapped_reads_filtered":81.59700086424225}}