{"ERR2984773":{"assembler":"ABySS","mapped_reads_original":92.28279923434943,"mapped_reads_filtered":81.90448239309853}}