{"ERR2984773":{"assembler":"MetaHipMer2","mapped_reads_original":25.561766004445165,"mapped_reads_filtered":3.9739834966492826}}