{"ERR2984773":{"assembler":"MEGAHIT","mapped_reads_original":86.16739460837123,"mapped_reads_filtered":84.13988545745367}}