{"ERR2984773":{"assembler":"SPAdes","mapped_reads_original":85.44643581734974,"mapped_reads_filtered":82.04558049865173}}