{"ERR2984773":{"assembler":"MINIA","mapped_reads_original":80.67203514425834,"mapped_reads_filtered":74.39360481216646}}