{"ERR2984773":{"assembler":"GATBMiniaPipeline","mapped_reads_original":84.06768315578978,"mapped_reads_filtered":82.83921963920817}}