{"assembler":"MEGAHIT","sample_id":"LHS","global":{"contigs":767,"basepairs":13843596,"max_contig_size":632250,"N50":171359,"mapped_reads":98.2067964928988,"Ns":0},"filtered":{"contigs":327,"basepairs":13671964,"N50":171540,"mapped_reads":97.58873413235405,"Ns":0}}