{"assembler":"Unicycler","sample_id":"LHS","global":{"contigs":264,"basepairs":13324149,"max_contig_size":847572,"N50":192888,"mapped_reads":97.20123651357761,"Ns":0},"filtered":{"contigs":243,"basepairs":13315624,"N50":192888,"mapped_reads":96.65135784517624,"Ns":0}}