{"assembler":"GATBMiniaPipeline","sample_id":"LHS","global":{"contigs":988,"basepairs":13638768,"max_contig_size":632215,"N50":90987,"mapped_reads":97.48105432467831,"Ns":0},"filtered":{"contigs":761,"basepairs":13507815,"N50":91722,"mapped_reads":97.03401984489558,"Ns":0}}