{"assembler":"VelvetOptimiser","sample_id":"LHS","global":{"contigs":164369,"basepairs":22221755,"max_contig_size":21269,"N50":182,"mapped_reads":11.886118892422884,"Ns":0},"filtered":{"contigs":3210,"basepairs":8710797,"N50":3220,"mapped_reads":3.705464011203082,"Ns":0}}