{"assembler":"MINIA","sample_id":"LHS","global":{"contigs":24656,"basepairs":15334712,"max_contig_size":163543,"N50":7727,"mapped_reads":91.15537887253015,"Ns":0},"filtered":{"contigs":2172,"basepairs":12922094,"N50":10582,"mapped_reads":81.99466338321234,"Ns":0}}