{"sample_id":"ENN","ReferenceTables":{"Bacillus_subtilis":{"assembler":"SKESA","contiguity":0.0977828927025069,"multiplicity":1.0,"validity":1.0,"parsimony":1.0,"identity":1.0,"lowest_identity":1.0,"breadth_of_coverage":0.9797297213791413,"L90":22,"aligned_contigs":40,"NA50":200700,"NG50":200700,"aligned_basepairs":3963670,"Ns":0},"Enterococcus_faecalis":{"assembler":"SKESA","contiguity":0.15564709537385357,"multiplicity":1.0,"validity":0.9960989613263025,"parsimony":1.0039163163753362,"identity":0.9959694354145648,"lowest_identity":0.7783189478010687,"breadth_of_coverage":0.9680121403307523,"L90":34,"aligned_contigs":55,"NA50":77858,"NG50":68552,"aligned_basepairs":2754374,"Ns":0},"Escherichia_coli_plasmid":{"assembler":"SKESA","contiguity":1.0,"multiplicity":1.0,"validity":1.0,"parsimony":1.0,"identity":1.0,"lowest_identity":1.0,"breadth_of_coverage":1.0,"L90":0,"aligned_contigs":1,"NA50":110007,"NG50":110007,"aligned_basepairs":110007,"Ns":0},"Escherichia_coli":{"assembler":"SKESA","contiguity":0.018775204944607354,"multiplicity":1.0000189988909949,"validity":0.989982873585365,"parsimony":1.0101376756845122,"identity":0.9969676627874391,"lowest_identity":0.3202442848889989,"breadth_of_coverage":0.9498778075617037,"L90":218,"aligned_contigs":338,"NA50":26708,"NG50":26116,"aligned_basepairs":4526580,"Ns":0},"Lactobacillus_fermentum":{"assembler":"SKESA","contiguity":0.06386022810710779,"multiplicity":1.0,"validity":1.0,"parsimony":1.0,"identity":1.0,"lowest_identity":1.0,"breadth_of_coverage":0.9297267196862701,"L90":74,"aligned_contigs":103,"NA50":37086,"NG50":33086,"aligned_basepairs":1771439,"Ns":0},"Listeria_monocytogenes":{"assembler":"SKESA","contiguity":0.1586021918617591,"multiplicity":1.0,"validity":1.0,"parsimony":1.0,"identity":1.0,"lowest_identity":1.0,"breadth_of_coverage":0.9826771137791068,"L90":14,"aligned_contigs":29,"NA50":254429,"NG50":254429,"aligned_basepairs":2940506,"Ns":0},"Pseudomonas_aeruginosa":{"assembler":"SKESA","contiguity":0.036184343222428826,"multiplicity":1.0,"validity":0.9971463842446991,"parsimony":1.0028617821820238,"identity":0.9984336357474708,"lowest_identity":0.6800858298258645,"breadth_of_coverage":0.980493586147905,"L90":100,"aligned_contigs":206,"NA50":63595,"NG50":63595,"aligned_basepairs":6659836,"Ns":0},"Salmonella_enterica":{"assembler":"SKESA","contiguity":0.030296994839640604,"multiplicity":1.000419068033898,"validity":0.9917628625693046,"parsimony":1.008728100024,"identity":0.9973545651482091,"lowest_identity":0.22223592272914097,"breadth_of_coverage":0.9585606038641558,"L90":199,"aligned_contigs":327,"NA50":29370,"NG50":27994,"aligned_basepairs":4562505,"Ns":0},"Staphylococcus_aureus":{"assembler":"SKESA","contiguity":0.04806346964447289,"multiplicity":1.0000064369362,"validity":0.9999545651601862,"parsimony":1.0000518741329067,"identity":0.9999919285021813,"lowest_identity":0.9985681989449887,"breadth_of_coverage":0.9713945225431995,"L90":49,"aligned_contigs":86,"NA50":50313,"NG50":50313,"aligned_basepairs":2641008,"Ns":0},"Staphylococcus_aureus_plasmid1":{"assembler":"SKESA","contiguity":1.0,"multiplicity":1.0,"validity":1.0,"parsimony":1.0,"identity":1.0,"lowest_identity":1.0,"breadth_of_coverage":1.0,"L90":0,"aligned_contigs":1,"NA50":6337,"NG50":6337,"aligned_basepairs":6337,"Ns":0},"Staphylococcus_aureus_plasmid2":{"assembler":"SKESA","contiguity":0.0,"multiplicity":0,"validity":0,"parsimony":0,"identity":0,"lowest_identity":0,"breadth_of_coverage":0.0,"L90":0,"aligned_contigs":0,"NA50":0,"NG50":0,"aligned_basepairs":0,"Ns":0},"Staphylococcus_aureus_plasmid3":{"assembler":"SKESA","contiguity":0.4553959238222519,"multiplicity":1.0,"validity":1.0,"parsimony":1.0,"identity":1.0,"lowest_identity":1.0,"breadth_of_coverage":0.4553959238222519,"L90":0,"aligned_contigs":1,"NA50":1363,"NG50":0,"aligned_basepairs":1363,"Ns":0}}}