{"sample_id":"ENN","ReferenceTables":{"Bacillus_subtilis":{"assembler":"Unicycler","contiguity":0.189923466455676,"multiplicity":1.0,"validity":0.9999997484036843,"parsimony":1.000000251596379,"identity":0.999999894021386,"lowest_identity":0.9999976684704933,"breadth_of_coverage":0.9824363141199853,"L90":12,"aligned_contigs":22,"NA50":294290,"NG50":294290,"aligned_basepairs":3974620,"Ns":0},"Enterococcus_faecalis":{"assembler":"Unicycler","contiguity":0.23476730095536924,"multiplicity":1.0,"validity":0.9999985787560989,"parsimony":1.000001421245921,"identity":0.9999147976186862,"lowest_identity":0.9990458015267175,"breadth_of_coverage":0.9891192496499603,"L90":9,"aligned_contigs":21,"NA50":238501,"NG50":238501,"aligned_basepairs":2814432,"Ns":0},"Escherichia_coli_plasmid":{"assembler":"Unicycler","contiguity":0.3672311761978783,"multiplicity":1.0,"validity":1.0,"parsimony":1.0,"identity":1.0,"lowest_identity":1.0,"breadth_of_coverage":0.9747743325424746,"L90":3,"aligned_contigs":4,"NA50":28073,"NG50":28073,"aligned_basepairs":107232,"Ns":0},"Escherichia_coli":{"assembler":"Unicycler","contiguity":0.09296215203064401,"multiplicity":1.0,"validity":1.0,"parsimony":1.0,"identity":0.9999235350077111,"lowest_identity":0.9921052631578947,"breadth_of_coverage":0.9648632212721864,"L90":54,"aligned_contigs":106,"NA50":101854,"NG50":99558,"aligned_basepairs":4597992,"Ns":0},"Lactobacillus_fermentum":{"assembler":"Unicycler","contiguity":0.06386285232030306,"multiplicity":1.0,"validity":1.0,"parsimony":1.0,"identity":1.0,"lowest_identity":1.0,"breadth_of_coverage":0.9320543967904823,"L90":51,"aligned_contigs":80,"NA50":44315,"NG50":40168,"aligned_basepairs":1775874,"Ns":0},"Listeria_monocytogenes":{"assembler":"Unicycler","contiguity":0.21122752680007834,"multiplicity":1.0,"validity":1.0,"parsimony":1.0,"identity":0.9997644703527058,"lowest_identity":0.995995995995996,"breadth_of_coverage":0.9742485985893323,"L90":9,"aligned_contigs":17,"NA50":350999,"NG50":350999,"aligned_basepairs":2915285,"Ns":0},"Pseudomonas_aeruginosa":{"assembler":"Unicycler","contiguity":0.12477809529277877,"multiplicity":1.0,"validity":1.0000155017776364,"parsimony":0.9999844984626649,"identity":0.9999998654686652,"lowest_identity":0.9999905828065591,"breadth_of_coverage":0.9877335170699892,"L90":25,"aligned_contigs":70,"NA50":256472,"NG50":256472,"aligned_basepairs":6709012,"Ns":0},"Salmonella_enterica":{"assembler":"Unicycler","contiguity":0.07713247723723073,"multiplicity":1.0,"validity":1.0,"parsimony":1.0,"identity":0.9998909136776181,"lowest_identity":0.9957726632221701,"breadth_of_coverage":0.974539397690549,"L90":32,"aligned_contigs":81,"NA50":190616,"NG50":190616,"aligned_basepairs":4638560,"Ns":0},"Staphylococcus_aureus":{"assembler":"Unicycler","contiguity":0.30929902382686353,"multiplicity":1.0,"validity":1.0000337235902135,"parsimony":0.9999662775470287,"identity":0.9999998724257428,"lowest_identity":0.9999964279207999,"breadth_of_coverage":0.9816333061152429,"L90":14,"aligned_contigs":28,"NA50":223263,"NG50":164012,"aligned_basepairs":2668845,"Ns":0},"Staphylococcus_aureus_plasmid1":{"assembler":"Unicycler","contiguity":0.984061858923781,"multiplicity":1.0,"validity":1.0,"parsimony":1.0,"identity":1.0,"lowest_identity":1.0,"breadth_of_coverage":0.984061858923781,"L90":0,"aligned_contigs":1,"NA50":6236,"NG50":6236,"aligned_basepairs":6236,"Ns":0},"Staphylococcus_aureus_plasmid2":{"assembler":"Unicycler","contiguity":0.0,"multiplicity":0,"validity":0,"parsimony":0,"identity":0,"lowest_identity":0,"breadth_of_coverage":0.0,"L90":0,"aligned_contigs":0,"NA50":0,"NG50":0,"aligned_basepairs":0,"Ns":0},"Staphylococcus_aureus_plasmid3":{"assembler":"Unicycler","contiguity":0.0,"multiplicity":0,"validity":0,"parsimony":0,"identity":0,"lowest_identity":0,"breadth_of_coverage":0.0,"L90":0,"aligned_contigs":0,"NA50":0,"NG50":0,"aligned_basepairs":0,"Ns":0}}}