{"sample_id":"ENN","ReferenceTables":{"Bacillus_subtilis":{"assembler":"MEGAHIT","contiguity":0.13649458421915542,"multiplicity":1.00015562361339,"validity":1.001262925290217,"parsimony":0.9988940949985678,"identity":0.9999109497229237,"lowest_identity":0.9981998199819982,"breadth_of_coverage":0.9863360322635741,"L90":10,"aligned_contigs":26,"NA50":294549,"NG50":315167,"aligned_basepairs":3990397,"Ns":0},"Enterococcus_faecalis":{"assembler":"MEGAHIT","contiguity":0.20950224081602817,"multiplicity":1.000645045729327,"validity":1.0001112173056999,"parsimony":1.0005337690592706,"identity":0.9996899756705495,"lowest_identity":0.9932287102684617,"breadth_of_coverage":0.9790738850745345,"L90":13,"aligned_contigs":32,"NA50":224764,"NG50":224764,"aligned_basepairs":2785849,"Ns":0},"Escherichia_coli_plasmid":{"assembler":"MEGAHIT","contiguity":1.0002545292572291,"multiplicity":1.0002545292572291,"validity":1.0,"parsimony":1.0002545292572291,"identity":1.0,"lowest_identity":1.0,"breadth_of_coverage":1.0,"L90":0,"aligned_contigs":1,"NA50":110035,"NG50":110035,"aligned_basepairs":110007,"Ns":0},"Escherichia_coli":{"assembler":"MEGAHIT","contiguity":0.07228365768993968,"multiplicity":1.0013825972450374,"validity":1.0008630303946973,"parsimony":1.000519118835007,"identity":0.9997613867797561,"lowest_identity":0.9876447876447877,"breadth_of_coverage":0.9762204239949603,"L90":57,"aligned_contigs":134,"NA50":80820,"NG50":88313,"aligned_basepairs":4652114,"Ns":0},"Lactobacillus_fermentum":{"assembler":"MEGAHIT","contiguity":0.06400928341659962,"multiplicity":1.0014829537697592,"validity":1.0019703076898405,"parsimony":0.9995136044288527,"identity":0.9967035875081935,"lowest_identity":0.7272434866516565,"breadth_of_coverage":0.9495594733309085,"L90":40,"aligned_contigs":81,"NA50":44597,"NG50":44597,"aligned_basepairs":1809227,"Ns":0},"Listeria_monocytogenes":{"assembler":"MEGAHIT","contiguity":0.21129737175764,"multiplicity":1.0002587796747822,"validity":1.0005335840288399,"parsimony":0.9997253421989584,"identity":0.999749417283401,"lowest_identity":0.9962634283045306,"breadth_of_coverage":0.989207450217923,"L90":7,"aligned_contigs":18,"NA50":543128,"NG50":543128,"aligned_basepairs":2960047,"Ns":0},"Pseudomonas_aeruginosa":{"assembler":"MEGAHIT","contiguity":0.06899944496218528,"multiplicity":1.0007012883256523,"validity":1.0003150791441375,"parsimony":1.0003860875333852,"identity":0.9999127167628589,"lowest_identity":0.9954938039804732,"breadth_of_coverage":0.9906827259570722,"L90":30,"aligned_contigs":81,"NA50":239309,"NG50":239309,"aligned_basepairs":6729044,"Ns":0},"Salmonella_enterica":{"assembler":"MEGAHIT","contiguity":0.07929540778016306,"multiplicity":1.0015392010254218,"validity":1.000087247823924,"parsimony":1.001451826532792,"identity":0.99977901482894,"lowest_identity":0.9913187593717938,"breadth_of_coverage":0.9834558398704468,"L90":49,"aligned_contigs":107,"NA50":116581,"NG50":107133,"aligned_basepairs":4681000,"Ns":0},"Staphylococcus_aureus":{"assembler":"MEGAHIT","contiguity":0.11142755206379332,"multiplicity":1.0011002937720985,"validity":1.0006081995132914,"parsimony":1.0004917951492367,"identity":0.9987113198006958,"lowest_identity":0.9741824440619621,"breadth_of_coverage":0.9864759193461773,"L90":19,"aligned_contigs":40,"NA50":149841,"NG50":149841,"aligned_basepairs":2682011,"Ns":0},"Staphylococcus_aureus_plasmid1":{"assembler":"MEGAHIT","contiguity":1.0222502761559098,"multiplicity":1.0222502761559098,"validity":1.0,"parsimony":1.0222502761559098,"identity":1.0,"lowest_identity":1.0,"breadth_of_coverage":1.0,"L90":0,"aligned_contigs":1,"NA50":6478,"NG50":6478,"aligned_basepairs":6337,"Ns":0},"Staphylococcus_aureus_plasmid2":{"assembler":"MEGAHIT","contiguity":1.0636281588447654,"multiplicity":1.0636281588447654,"validity":1.0,"parsimony":1.0636281588447654,"identity":1.0,"lowest_identity":1.0,"breadth_of_coverage":1.0,"L90":0,"aligned_contigs":1,"NA50":2357,"NG50":2357,"aligned_basepairs":2216,"Ns":0},"Staphylococcus_aureus_plasmid3":{"assembler":"MEGAHIT","contiguity":1.047109923154026,"multiplicity":1.047109923154026,"validity":1.0,"parsimony":1.047109923154026,"identity":1.0,"lowest_identity":1.0,"breadth_of_coverage":1.0,"L90":0,"aligned_contigs":1,"NA50":3134,"NG50":3134,"aligned_basepairs":2993,"Ns":0}}}