{"sample_id":"ENN","ReferenceTables":{"Bacillus_subtilis":{"assembler":"VelvetOptimizer","contiguity":0.060170399169286126,"multiplicity":1.0002642909314574,"validity":1.0,"parsimony":1.0002642909314574,"identity":1.0,"lowest_identity":1.0,"breadth_of_coverage":0.9773335834768816,"L90":60,"aligned_contigs":109,"NA50":69914,"NG50":69010,"aligned_basepairs":3953976,"Ns":0},"Enterococcus_faecalis":{"assembler":"VelvetOptimizer","contiguity":0.045908612943313255,"multiplicity":1.0006296890914679,"validity":1.0,"parsimony":1.0006296890914679,"identity":0.9999916685065381,"lowest_identity":0.9986919555264879,"breadth_of_coverage":0.961649923806632,"L90":101,"aligned_contigs":157,"NA50":30453,"NG50":30445,"aligned_basepairs":2736271,"Ns":0},"Escherichia_coli_plasmid":{"assembler":"VelvetOptimizer","contiguity":0.3661948785077313,"multiplicity":1.0,"validity":1.0,"parsimony":1.0,"identity":1.0,"lowest_identity":1.0,"breadth_of_coverage":0.9576663303244339,"L90":3,"aligned_contigs":4,"NA50":27068,"NG50":27068,"aligned_basepairs":105350,"Ns":0},"Escherichia_coli":{"assembler":"VelvetOptimizer","contiguity":0.011654342500599105,"multiplicity":1.0025357690124097,"validity":0.9996230152935565,"parsimony":1.0029138521965681,"identity":0.9987661461609081,"lowest_identity":0.8303682250724038,"breadth_of_coverage":0.8597290404189839,"L90":0,"aligned_contigs":1117,"NA50":4818,"NG50":4179,"aligned_basepairs":4096982,"Ns":5099},"Lactobacillus_fermentum":{"assembler":"VelvetOptimizer","contiguity":0.035284120938439634,"multiplicity":1.0006171902030618,"validity":1.0,"parsimony":1.0006171902030618,"identity":1.0,"lowest_identity":1.0,"breadth_of_coverage":0.9192545345091908,"L90":198,"aligned_contigs":227,"NA50":11784,"NG50":11122,"aligned_basepairs":1751486,"Ns":0},"Listeria_monocytogenes":{"assembler":"VelvetOptimizer","contiguity":0.05407570391352325,"multiplicity":1.0005207685584612,"validity":1.0,"parsimony":1.0005207685584612,"identity":1.0,"lowest_identity":1.0,"breadth_of_coverage":0.9754108988878945,"L90":66,"aligned_contigs":116,"NA50":52654,"NG50":51199,"aligned_basepairs":2918763,"Ns":0},"Pseudomonas_aeruginosa":{"assembler":"VelvetOptimizer","contiguity":0.10060612484964658,"multiplicity":1.000076149374015,"validity":0.9988573618659808,"parsimony":1.001220181734214,"identity":0.9953908386873904,"lowest_identity":0.833435394978567,"breadth_of_coverage":0.9860184943899958,"L90":16,"aligned_contigs":83,"NA50":264970,"NG50":338877,"aligned_basepairs":6697363,"Ns":13448},"Salmonella_enterica":{"assembler":"VelvetOptimizer","contiguity":0.011955679987965744,"multiplicity":1.00247862236601,"validity":0.9997080394122665,"parsimony":1.0027713920910073,"identity":0.9986285838086385,"lowest_identity":0.6669960474308301,"breadth_of_coverage":0.8683112502221757,"L90":0,"aligned_contigs":1067,"NA50":5566,"NG50":4516,"aligned_basepairs":4132941,"Ns":3777},"Staphylococcus_aureus":{"assembler":"VelvetOptimizer","contiguity":0.033342896446200136,"multiplicity":1.0004609298568468,"validity":1.0,"parsimony":1.0004609298568468,"identity":1.0,"lowest_identity":1.0,"breadth_of_coverage":0.9575739853905061,"L90":104,"aligned_contigs":164,"NA50":32297,"NG50":30086,"aligned_basepairs":2603433,"Ns":0},"Staphylococcus_aureus_plasmid1":{"assembler":"VelvetOptimizer","contiguity":0.9998421966230078,"multiplicity":1.0,"validity":1.0,"parsimony":1.0,"identity":1.0,"lowest_identity":1.0,"breadth_of_coverage":0.9998421966230078,"L90":0,"aligned_contigs":1,"NA50":6336,"NG50":6336,"aligned_basepairs":6336,"Ns":0},"Staphylococcus_aureus_plasmid2":{"assembler":"VelvetOptimizer","contiguity":0.0,"multiplicity":0,"validity":0,"parsimony":0,"identity":0,"lowest_identity":0,"breadth_of_coverage":0.0,"L90":0,"aligned_contigs":0,"NA50":0,"NG50":0,"aligned_basepairs":0,"Ns":0},"Staphylococcus_aureus_plasmid3":{"assembler":"VelvetOptimizer","contiguity":0.0,"multiplicity":0,"validity":0,"parsimony":0,"identity":0,"lowest_identity":0,"breadth_of_coverage":0.0,"L90":0,"aligned_contigs":0,"NA50":0,"NG50":0,"aligned_basepairs":0,"Ns":0}}}