{"sample_id":"ENN","ReferenceTables":{"Bacillus_subtilis":{"assembler":"SPAdes","contiguity":0.19004779669756136,"multiplicity":1.0,"validity":1.0,"parsimony":1.0,"identity":0.9999896567041854,"lowest_identity":0.9998670884393525,"breadth_of_coverage":0.9836830770227084,"L90":12,"aligned_contigs":22,"NA50":294377,"NG50":294377,"aligned_basepairs":3979664,"Ns":0},"Enterococcus_faecalis":{"assembler":"SPAdes","contiguity":0.189450522107323,"multiplicity":1.0001173074735525,"validity":1.0,"parsimony":1.0001173074735525,"identity":0.9997943754365295,"lowest_identity":0.9971198156682027,"breadth_of_coverage":0.9886581532526977,"L90":10,"aligned_contigs":20,"NA50":239100,"NG50":239100,"aligned_basepairs":2813120,"Ns":0},"Escherichia_coli_plasmid":{"assembler":"SPAdes","contiguity":0.3681583899206414,"multiplicity":1.0,"validity":1.0,"parsimony":1.0,"identity":1.0,"lowest_identity":1.0,"breadth_of_coverage":0.9786559037152182,"L90":3,"aligned_contigs":4,"NA50":28182,"NG50":28182,"aligned_basepairs":107659,"Ns":0},"Escherichia_coli":{"assembler":"SPAdes","contiguity":0.06828045462386008,"multiplicity":1.000104992159351,"validity":1.0,"parsimony":1.000104992159351,"identity":0.9998064962335445,"lowest_identity":0.9909480705097665,"breadth_of_coverage":0.9633580068468055,"L90":59,"aligned_contigs":104,"NA50":85988,"NG50":82872,"aligned_basepairs":4590819,"Ns":0},"Lactobacillus_fermentum":{"assembler":"SPAdes","contiguity":0.06392006016796015,"multiplicity":1.0004821896768994,"validity":0.9999977687212653,"parsimony":1.0004844220365146,"identity":0.99995100827943,"lowest_identity":0.9964881474978051,"breadth_of_coverage":0.9404266865686995,"L90":48,"aligned_contigs":78,"NA50":46123,"NG50":45008,"aligned_basepairs":1791826,"Ns":0},"Listeria_monocytogenes":{"assembler":"SPAdes","contiguity":0.21141934979357305,"multiplicity":1.0000188351326593,"validity":1.0,"parsimony":1.0000188351326593,"identity":0.9990362118097681,"lowest_identity":0.9946949602122016,"breadth_of_coverage":0.9758493514444538,"L90":9,"aligned_contigs":17,"NA50":351104,"NG50":351104,"aligned_basepairs":2920075,"Ns":0},"Pseudomonas_aeruginosa":{"assembler":"SPAdes","contiguity":0.12480003180057506,"multiplicity":1.0001851516420226,"validity":1.000015476289506,"parsimony":1.0001696727266125,"identity":0.9997772586477801,"lowest_identity":0.9939795304033715,"breadth_of_coverage":0.989177057062893,"L90":27,"aligned_contigs":66,"NA50":256582,"NG50":239185,"aligned_basepairs":6718817,"Ns":0},"Salmonella_enterica":{"assembler":"SPAdes","contiguity":0.11135342095985794,"multiplicity":1.0052567293401335,"validity":0.9974621898711984,"parsimony":1.00781437085845,"identity":0.9973616000614152,"lowest_identity":0.8165264220801077,"breadth_of_coverage":0.9773508922534943,"L90":32,"aligned_contigs":91,"NA50":120485,"NG50":126027,"aligned_basepairs":4651942,"Ns":0},"Staphylococcus_aureus":{"assembler":"SPAdes","contiguity":0.2113058062807583,"multiplicity":1.0000206027541763,"validity":1.0000322155897232,"parsimony":0.9999883875385553,"identity":0.999964284939973,"lowest_identity":0.9997647206449791,"breadth_of_coverage":0.9818911423506131,"L90":13,"aligned_contigs":20,"NA50":204975,"NG50":204975,"aligned_basepairs":2669546,"Ns":0},"Staphylococcus_aureus_plasmid1":{"assembler":"SPAdes","contiguity":0.9998421966230078,"multiplicity":1.0,"validity":1.0,"parsimony":1.0,"identity":1.0,"lowest_identity":1.0,"breadth_of_coverage":0.9998421966230078,"L90":0,"aligned_contigs":1,"NA50":6336,"NG50":6336,"aligned_basepairs":6336,"Ns":0},"Staphylococcus_aureus_plasmid2":{"assembler":"SPAdes","contiguity":0.0,"multiplicity":0,"validity":0,"parsimony":0,"identity":0,"lowest_identity":0,"breadth_of_coverage":0.0,"L90":0,"aligned_contigs":0,"NA50":0,"NG50":0,"aligned_basepairs":0,"Ns":0},"Staphylococcus_aureus_plasmid3":{"assembler":"SPAdes","contiguity":0.0,"multiplicity":0,"validity":0,"parsimony":0,"identity":0,"lowest_identity":0,"breadth_of_coverage":0.0,"L90":0,"aligned_contigs":0,"NA50":0,"NG50":0,"aligned_basepairs":0,"Ns":0}}}