{"sample_id":"ENN","ReferenceTables":{"Bacillus_subtilis":{"assembler":"SKESA","contiguity":0.0977828927025069,"multiplicity":1.0,"validity":1.0,"parsimony":1.0,"identity":1.0,"lowest_identity":1.0,"breadth_of_coverage":0.9799143629113248,"L90":22,"aligned_contigs":38,"NA50":234123,"NG50":234123,"aligned_basepairs":3964417,"Ns":0},"Enterococcus_faecalis":{"assembler":"SKESA","contiguity":0.1357018646288455,"multiplicity":1.0,"validity":0.9961570702675088,"parsimony":1.0038577548131633,"identity":0.9959694354145648,"lowest_identity":0.7783189478010687,"breadth_of_coverage":0.9827067764301017,"L90":31,"aligned_contigs":55,"NA50":88301,"NG50":77858,"aligned_basepairs":2796186,"Ns":0},"Escherichia_coli_plasmid":{"assembler":"SKESA","contiguity":0.9966547583335605,"multiplicity":1.0,"validity":1.0,"parsimony":1.0,"identity":1.0,"lowest_identity":1.0,"breadth_of_coverage":0.9966547583335605,"L90":0,"aligned_contigs":1,"NA50":109639,"NG50":109639,"aligned_basepairs":109639,"Ns":0},"Escherichia_coli":{"assembler":"SKESA","contiguity":0.027376310321368422,"multiplicity":1.0000189340066208,"validity":0.9686192044796136,"parsimony":1.0324170008005122,"identity":0.9956547438401764,"lowest_identity":0.11981202566430155,"breadth_of_coverage":0.953132915071324,"L90":160,"aligned_contigs":282,"NA50":32408,"NG50":31563,"aligned_basepairs":4542092,"Ns":0},"Lactobacillus_fermentum":{"assembler":"SKESA","contiguity":0.06386022810710779,"multiplicity":1.0,"validity":1.0,"parsimony":1.0,"identity":1.0,"lowest_identity":1.0,"breadth_of_coverage":0.9305187072286052,"L90":68,"aligned_contigs":97,"NA50":37086,"NG50":33086,"aligned_basepairs":1772948,"Ns":0},"Listeria_monocytogenes":{"assembler":"SKESA","contiguity":0.18136396173966746,"multiplicity":1.0,"validity":1.0,"parsimony":1.0,"identity":1.0,"lowest_identity":1.0,"breadth_of_coverage":0.9720269274033516,"L90":13,"aligned_contigs":25,"NA50":254429,"NG50":254429,"aligned_basepairs":2908637,"Ns":0},"Pseudomonas_aeruginosa":{"assembler":"SKESA","contiguity":0.036017537428246274,"multiplicity":1.0,"validity":0.9967965469167268,"parsimony":1.0032137481747725,"identity":0.9988469949101012,"lowest_identity":0.880311479155474,"breadth_of_coverage":0.9830573602872652,"L90":60,"aligned_contigs":145,"NA50":134839,"NG50":134839,"aligned_basepairs":6677250,"Ns":0},"Salmonella_enterica":{"assembler":"SKESA","contiguity":0.030296994839640604,"multiplicity":1.0008881632752893,"validity":0.9917971662938105,"parsimony":1.009166185678318,"identity":0.9966899433392412,"lowest_identity":0.22223592272914097,"breadth_of_coverage":0.9620498656861102,"L90":155,"aligned_contigs":263,"NA50":37157,"NG50":36803,"aligned_basepairs":4579113,"Ns":0},"Staphylococcus_aureus":{"assembler":"SKESA","contiguity":0.06460691927997117,"multiplicity":1.0000181290174186,"validity":1.0,"parsimony":1.0000181290174186,"identity":0.9999997263933554,"lowest_identity":0.9999789322883749,"breadth_of_coverage":0.9738518747379339,"L90":45,"aligned_contigs":77,"NA50":53048,"NG50":51613,"aligned_basepairs":2647689,"Ns":0},"Staphylococcus_aureus_plasmid1":{"assembler":"SKESA","contiguity":0.9419283572668455,"multiplicity":1.0,"validity":1.0,"parsimony":1.0,"identity":1.0,"lowest_identity":1.0,"breadth_of_coverage":0.9419283572668455,"L90":0,"aligned_contigs":1,"NA50":5969,"NG50":5969,"aligned_basepairs":5969,"Ns":0},"Staphylococcus_aureus_plasmid2":{"assembler":"SKESA","contiguity":0.0,"multiplicity":0,"validity":0,"parsimony":0,"identity":0,"lowest_identity":0,"breadth_of_coverage":0.0,"L90":0,"aligned_contigs":0,"NA50":0,"NG50":0,"aligned_basepairs":0,"Ns":0},"Staphylococcus_aureus_plasmid3":{"assembler":"SKESA","contiguity":0.0,"multiplicity":0,"validity":0,"parsimony":0,"identity":0,"lowest_identity":0,"breadth_of_coverage":0.0,"L90":0,"aligned_contigs":0,"NA50":0,"NG50":0,"aligned_basepairs":0,"Ns":0}}}