{"sample_id":"ENN","ReferenceTables":{"Bacillus_subtilis":{"assembler":"BCALM2","contiguity":0.0336843499864176,"multiplicity":1.0002791005321128,"validity":1.0,"parsimony":1.0002791005321128,"identity":1.0,"lowest_identity":1.0,"breadth_of_coverage":0.9768404645254676,"L90":65,"aligned_contigs":115,"NA50":65138,"NG50":64934,"aligned_basepairs":3951981,"Ns":0},"Enterococcus_faecalis":{"assembler":"BCALM2","contiguity":0.045908612943313255,"multiplicity":1.0007095050625876,"validity":1.0,"parsimony":1.0007095050625876,"identity":1.0,"lowest_identity":1.0,"breadth_of_coverage":0.960462038271001,"L90":106,"aligned_contigs":164,"NA50":32803,"NG50":30453,"aligned_basepairs":2732891,"Ns":0},"Escherichia_coli_plasmid":{"assembler":"BCALM2","contiguity":0.3306244148099666,"multiplicity":1.0002854424357754,"validity":1.0,"parsimony":1.0002854424357754,"identity":1.0,"lowest_identity":1.0,"breadth_of_coverage":0.9553937476706028,"L90":3,"aligned_contigs":5,"NA50":26838,"NG50":26838,"aligned_basepairs":105100,"Ns":0},"Escherichia_coli":{"assembler":"BCALM2","contiguity":0.011346290810029054,"multiplicity":1.0022828971692979,"validity":1.0,"parsimony":1.0022828971692979,"identity":1.0,"lowest_identity":1.0,"breadth_of_coverage":0.7906060602245252,"L90":0,"aligned_contigs":1120,"NA50":4465,"NG50":3200,"aligned_basepairs":3767581,"Ns":0},"Lactobacillus_fermentum":{"assembler":"BCALM2","contiguity":0.03464433776143068,"multiplicity":1.0006913901058587,"validity":1.0,"parsimony":1.0006913901058587,"identity":1.0,"lowest_identity":1.0,"breadth_of_coverage":0.9177666056274677,"L90":207,"aligned_contigs":235,"NA50":11209,"NG50":10234,"aligned_basepairs":1748651,"Ns":0},"Listeria_monocytogenes":{"assembler":"BCALM2","contiguity":0.054075369727123436,"multiplicity":1.000597563668129,"validity":1.0,"parsimony":1.000597563668129,"identity":1.0,"lowest_identity":1.0,"breadth_of_coverage":0.9747695951866464,"L90":71,"aligned_contigs":126,"NA50":46368,"NG50":44353,"aligned_basepairs":2916844,"Ns":0},"Pseudomonas_aeruginosa":{"assembler":"BCALM2","contiguity":0.015603629387853653,"multiplicity":1.001017873220949,"validity":1.0,"parsimony":1.001017873220949,"identity":1.0,"lowest_identity":1.0,"breadth_of_coverage":0.9585273389249345,"L90":335,"aligned_contigs":518,"NA50":22207,"NG50":21734,"aligned_basepairs":6510634,"Ns":0},"Salmonella_enterica":{"assembler":"BCALM2","contiguity":0.011955679987965744,"multiplicity":1.0023236531914865,"validity":1.0,"parsimony":1.0023236531914865,"identity":1.0,"lowest_identity":1.0,"breadth_of_coverage":0.801989223794715,"L90":0,"aligned_contigs":1079,"NA50":5009,"NG50":3551,"aligned_basepairs":3817265,"Ns":0},"Staphylococcus_aureus":{"assembler":"BCALM2","contiguity":0.033342896446200136,"multiplicity":1.0005768292312442,"validity":1.0,"parsimony":1.0005768292312442,"identity":1.0,"lowest_identity":1.0,"breadth_of_coverage":0.9564668711701572,"L90":112,"aligned_contigs":175,"NA50":29647,"NG50":29165,"aligned_basepairs":2600423,"Ns":0},"Staphylococcus_aureus_plasmid1":{"assembler":"BCALM2","contiguity":1.004734101309768,"multiplicity":1.004734101309768,"validity":1.0,"parsimony":1.004734101309768,"identity":1.0,"lowest_identity":1.0,"breadth_of_coverage":1.0,"L90":0,"aligned_contigs":1,"NA50":6367,"NG50":6367,"aligned_basepairs":6337,"Ns":0},"Staphylococcus_aureus_plasmid2":{"assembler":"BCALM2","contiguity":0.0,"multiplicity":0,"validity":0,"parsimony":0,"identity":0,"lowest_identity":0,"breadth_of_coverage":0.0,"L90":0,"aligned_contigs":0,"NA50":0,"NG50":0,"aligned_basepairs":0,"Ns":0},"Staphylococcus_aureus_plasmid3":{"assembler":"BCALM2","contiguity":0.0,"multiplicity":0,"validity":0,"parsimony":0,"identity":0,"lowest_identity":0,"breadth_of_coverage":0.0,"L90":0,"aligned_contigs":0,"NA50":0,"NG50":0,"aligned_basepairs":0,"Ns":0}}}