{"sample_id":"ENN","ReferenceTables":{"Bacillus_subtilis":{"assembler":"Unicycler","contiguity":0.18989998460084678,"multiplicity":1.0,"validity":1.0,"parsimony":1.0,"identity":1.0,"lowest_identity":1.0,"breadth_of_coverage":0.9820586270233634,"L90":12,"aligned_contigs":23,"NA50":269495,"NG50":269495,"aligned_basepairs":3973092,"Ns":0},"Enterococcus_faecalis":{"assembler":"Unicycler","contiguity":0.31019346367741246,"multiplicity":1.0,"validity":0.9999985779633378,"parsimony":1.0000014220386844,"identity":0.9999059630533765,"lowest_identity":0.9990458015267175,"breadth_of_coverage":0.9885678317785388,"L90":8,"aligned_contigs":19,"NA50":336270,"NG50":336270,"aligned_basepairs":2812863,"Ns":0},"Escherichia_coli_plasmid":{"assembler":"Unicycler","contiguity":0.4811693801303553,"multiplicity":1.0,"validity":1.0,"parsimony":1.0,"identity":1.0,"lowest_identity":1.0,"breadth_of_coverage":0.9756742752733917,"L90":2,"aligned_contigs":3,"NA50":28071,"NG50":28071,"aligned_basepairs":107331,"Ns":0},"Escherichia_coli":{"assembler":"Unicycler","contiguity":0.0727249606226841,"multiplicity":1.0,"validity":1.0,"parsimony":1.0,"identity":0.9999819456531456,"lowest_identity":0.9982978723404256,"breadth_of_coverage":0.9638683486121096,"L90":56,"aligned_contigs":109,"NA50":98665,"NG50":96845,"aligned_basepairs":4593251,"Ns":0},"Lactobacillus_fermentum":{"assembler":"Unicycler","contiguity":0.06386285232030306,"multiplicity":1.0,"validity":1.0,"parsimony":1.0,"identity":1.0,"lowest_identity":1.0,"breadth_of_coverage":0.931354256709982,"L90":52,"aligned_contigs":80,"NA50":44315,"NG50":40168,"aligned_basepairs":1774540,"Ns":0},"Listeria_monocytogenes":{"assembler":"Unicycler","contiguity":0.21122652424087887,"multiplicity":1.0,"validity":1.0,"parsimony":1.0,"identity":0.9996651038178165,"lowest_identity":0.9946416610850636,"breadth_of_coverage":0.9740367244118486,"L90":8,"aligned_contigs":16,"NA50":475179,"NG50":475179,"aligned_basepairs":2914651,"Ns":0},"Pseudomonas_aeruginosa":{"assembler":"Unicycler","contiguity":0.12477809529277877,"multiplicity":1.0,"validity":1.000015510576871,"parsimony":0.9999844896637031,"identity":0.9999982889603722,"lowest_identity":0.9998699609882965,"breadth_of_coverage":0.9871731791594343,"L90":25,"aligned_contigs":76,"NA50":256472,"NG50":239075,"aligned_basepairs":6705206,"Ns":0},"Salmonella_enterica":{"assembler":"Unicycler","contiguity":0.07713247723723073,"multiplicity":1.0,"validity":0.999999137159685,"parsimony":1.0000008628410595,"identity":0.9997996032245942,"lowest_identity":0.9914784831700043,"breadth_of_coverage":0.973969619387253,"L90":34,"aligned_contigs":85,"NA50":157802,"NG50":148284,"aligned_basepairs":4635848,"Ns":0},"Staphylococcus_aureus":{"assembler":"Unicycler","contiguity":0.30929902382686353,"multiplicity":1.0,"validity":1.0,"parsimony":1.0,"identity":0.9999913158361374,"lowest_identity":0.999787657085497,"breadth_of_coverage":0.98213978328515,"L90":14,"aligned_contigs":25,"NA50":223263,"NG50":164016,"aligned_basepairs":2670222,"Ns":0},"Staphylococcus_aureus_plasmid1":{"assembler":"Unicycler","contiguity":1.0,"multiplicity":1.0,"validity":1.0,"parsimony":1.0,"identity":1.0,"lowest_identity":1.0,"breadth_of_coverage":1.0,"L90":0,"aligned_contigs":1,"NA50":6337,"NG50":6337,"aligned_basepairs":6337,"Ns":0},"Staphylococcus_aureus_plasmid2":{"assembler":"Unicycler","contiguity":0.9557761732851986,"multiplicity":1.0,"validity":1.0,"parsimony":1.0,"identity":1.0,"lowest_identity":1.0,"breadth_of_coverage":0.9557761732851986,"L90":0,"aligned_contigs":1,"NA50":2118,"NG50":2118,"aligned_basepairs":2118,"Ns":0},"Staphylococcus_aureus_plasmid3":{"assembler":"Unicycler","contiguity":0.967256932843301,"multiplicity":1.0,"validity":1.0,"parsimony":1.0,"identity":1.0,"lowest_identity":1.0,"breadth_of_coverage":0.967256932843301,"L90":0,"aligned_contigs":1,"NA50":2895,"NG50":2895,"aligned_basepairs":2895,"Ns":0}}}