{"sample_id":"ENN","ReferenceTables":{"Bacillus_subtilis":{"assembler":"GATBMiniaPipeline","contiguity":0.09783282254119645,"multiplicity":1.0,"validity":0.9999997487572276,"parsimony":1.0000002512428354,"identity":0.9999659261278452,"lowest_identity":0.9990118577075099,"breadth_of_coverage":0.9838187774258795,"L90":14,"aligned_contigs":29,"NA50":269695,"NG50":263366,"aligned_basepairs":3980213,"Ns":0},"Enterococcus_faecalis":{"assembler":"GATBMiniaPipeline","contiguity":0.13575387855170745,"multiplicity":1.000612713321915,"validity":1.0,"parsimony":1.000612713321915,"identity":0.9999844387040554,"lowest_identity":0.9992841803865425,"breadth_of_coverage":0.9894404707681753,"L90":24,"aligned_contigs":46,"NA50":127741,"NG50":127741,"aligned_basepairs":2815346,"Ns":0},"Escherichia_coli_plasmid":{"assembler":"GATBMiniaPipeline","contiguity":0.36827656421864063,"multiplicity":1.0009233354570048,"validity":1.0,"parsimony":1.0009233354570048,"identity":1.0,"lowest_identity":1.0,"breadth_of_coverage":0.984510076631487,"L90":3,"aligned_contigs":4,"NA50":28767,"NG50":28767,"aligned_basepairs":108303,"Ns":0},"Escherichia_coli":{"assembler":"GATBMiniaPipeline","contiguity":0.02505123352878248,"multiplicity":1.0012787931695666,"validity":0.999998917478756,"parsimony":1.0012798770763047,"identity":0.9999985143752762,"lowest_identity":0.9997043606799705,"breadth_of_coverage":0.9680006060308463,"L90":111,"aligned_contigs":199,"NA50":56116,"NG50":52416,"aligned_basepairs":4612943,"Ns":0},"Lactobacillus_fermentum":{"assembler":"GATBMiniaPipeline","contiguity":0.06396624632019705,"multiplicity":1.0008742609649453,"validity":1.0,"parsimony":1.0008742609649453,"identity":1.0,"lowest_identity":1.0,"breadth_of_coverage":0.940712725806985,"L90":54,"aligned_contigs":89,"NA50":40366,"NG50":40071,"aligned_basepairs":1792371,"Ns":0},"Listeria_monocytogenes":{"assembler":"GATBMiniaPipeline","contiguity":0.2112776547600508,"multiplicity":1.0000102890538185,"validity":1.0,"parsimony":1.0000102890538185,"identity":1.0,"lowest_identity":1.0,"breadth_of_coverage":0.9743939696732525,"L90":11,"aligned_contigs":19,"NA50":351145,"NG50":351145,"aligned_basepairs":2915720,"Ns":0},"Pseudomonas_aeruginosa":{"assembler":"GATBMiniaPipeline","contiguity":0.06802790794911319,"multiplicity":1.0006223118221524,"validity":1.0000011905729245,"parsimony":1.0006211205097386,"identity":0.9999085807883438,"lowest_identity":0.995291902071563,"breadth_of_coverage":0.9886567643209326,"L90":40,"aligned_contigs":102,"NA50":205441,"NG50":204531,"aligned_basepairs":6715283,"Ns":0},"Salmonella_enterica":{"assembler":"GATBMiniaPipeline","contiguity":0.05061845737146478,"multiplicity":1.001441999883279,"validity":0.9999989247894523,"parsimony":1.001443076645438,"identity":0.9999945814334745,"lowest_identity":0.9992357077346378,"breadth_of_coverage":0.9755879830562387,"L90":88,"aligned_contigs":173,"NA50":56533,"NG50":55333,"aligned_basepairs":4643551,"Ns":0},"Staphylococcus_aureus":{"assembler":"GATBMiniaPipeline","contiguity":0.06690316980410331,"multiplicity":1.0006698681045054,"validity":1.0000336779208299,"parsimony":1.0006361687588345,"identity":1.0,"lowest_identity":1.0,"breadth_of_coverage":0.9823064021362523,"L90":39,"aligned_contigs":65,"NA50":63844,"NG50":53354,"aligned_basepairs":2670675,"Ns":0},"Staphylococcus_aureus_plasmid1":{"assembler":"GATBMiniaPipeline","contiguity":0.9998421966230078,"multiplicity":1.0,"validity":1.0,"parsimony":1.0,"identity":1.0,"lowest_identity":1.0,"breadth_of_coverage":0.9998421966230078,"L90":0,"aligned_contigs":1,"NA50":6336,"NG50":6336,"aligned_basepairs":6336,"Ns":0},"Staphylococcus_aureus_plasmid2":{"assembler":"GATBMiniaPipeline","contiguity":0.0,"multiplicity":0,"validity":0,"parsimony":0,"identity":0,"lowest_identity":0,"breadth_of_coverage":0.0,"L90":0,"aligned_contigs":0,"NA50":0,"NG50":0,"aligned_basepairs":0,"Ns":0},"Staphylococcus_aureus_plasmid3":{"assembler":"GATBMiniaPipeline","contiguity":0.0,"multiplicity":0,"validity":0,"parsimony":0,"identity":0,"lowest_identity":0,"breadth_of_coverage":0.0,"L90":0,"aligned_contigs":0,"NA50":0,"NG50":0,"aligned_basepairs":0,"Ns":0}}}