{"sample_id":"ENN","ReferenceTables":{"Bacillus_subtilis":{"assembler":"MINIA","contiguity":0.032648182244899925,"multiplicity":1.0002838219227392,"validity":0.9999997471111239,"parsimony":1.0002840748834547,"identity":0.9999929305140223,"lowest_identity":0.9991728701406121,"breadth_of_coverage":0.9771375717834123,"L90":66,"aligned_contigs":117,"NA50":65138,"NG50":64960,"aligned_basepairs":3953183,"Ns":0},"Enterococcus_faecalis":{"assembler":"MINIA","contiguity":0.045908612943313255,"multiplicity":1.0007432268534828,"validity":1.0,"parsimony":1.0007432268534828,"identity":0.9999869114230555,"lowest_identity":0.9978142076502732,"breadth_of_coverage":0.9736275353272941,"L90":103,"aligned_contigs":167,"NA50":30453,"NG50":30443,"aligned_basepairs":2770352,"Ns":0},"Escherichia_coli_plasmid":{"assembler":"MINIA","contiguity":0.3306244148099666,"multiplicity":1.0002854424357754,"validity":1.0,"parsimony":1.0002854424357754,"identity":1.0,"lowest_identity":1.0,"breadth_of_coverage":0.9553937476706028,"L90":3,"aligned_contigs":5,"NA50":26838,"NG50":26838,"aligned_basepairs":105100,"Ns":0},"Escherichia_coli":{"assembler":"MINIA","contiguity":0.011346290810029054,"multiplicity":1.002303509817352,"validity":1.0000285632223123,"parsimony":1.0022748816170903,"identity":0.9999851915477422,"lowest_identity":0.9917718047174986,"breadth_of_coverage":0.7916391245792094,"L90":0,"aligned_contigs":1123,"NA50":4469,"NG50":3200,"aligned_basepairs":3772504,"Ns":0},"Lactobacillus_fermentum":{"assembler":"MINIA","contiguity":0.03464433776143068,"multiplicity":1.0007736535890515,"validity":1.0004057766176924,"parsimony":1.000367727756034,"identity":0.9999946541420852,"lowest_identity":0.9987330316742081,"breadth_of_coverage":0.9205818615433627,"L90":206,"aligned_contigs":237,"NA50":11209,"NG50":10836,"aligned_basepairs":1754015,"Ns":0},"Listeria_monocytogenes":{"assembler":"MINIA","contiguity":0.054075369727123436,"multiplicity":1.0005942362208657,"validity":0.9999996533081681,"parsimony":1.0005945831188348,"identity":0.9999898399796799,"lowest_identity":0.9987096774193548,"breadth_of_coverage":0.96335646126011,"L90":75,"aligned_contigs":127,"NA50":46368,"NG50":44353,"aligned_basepairs":2882692,"Ns":0},"Pseudomonas_aeruginosa":{"assembler":"MINIA","contiguity":0.015603629387853653,"multiplicity":1.0010379046969025,"validity":1.0,"parsimony":1.0010379046969025,"identity":0.9999857966283907,"lowest_identity":0.9956686518678939,"breadth_of_coverage":0.9594610391426801,"L90":335,"aligned_contigs":521,"NA50":22207,"NG50":21734,"aligned_basepairs":6516976,"Ns":0},"Salmonella_enterica":{"assembler":"MINIA","contiguity":0.011955679987965744,"multiplicity":1.002344224186426,"validity":0.9999997393289075,"parsimony":1.002344485468658,"identity":0.9999670500969101,"lowest_identity":0.9892884468247896,"breadth_of_coverage":0.804093117573921,"L90":0,"aligned_contigs":1084,"NA50":4996,"NG50":3551,"aligned_basepairs":3827279,"Ns":0},"Staphylococcus_aureus":{"assembler":"MINIA","contiguity":0.033342896446200136,"multiplicity":1.0005887082602576,"validity":0.9999996157010708,"parsimony":1.0005890927855745,"identity":0.9999993787469326,"lowest_identity":0.9998912807131985,"breadth_of_coverage":0.9565352842083582,"L90":112,"aligned_contigs":175,"NA50":29647,"NG50":29165,"aligned_basepairs":2600609,"Ns":0},"Staphylococcus_aureus_plasmid1":{"assembler":"MINIA","contiguity":0.9998421966230078,"multiplicity":1.0,"validity":1.0,"parsimony":1.0,"identity":1.0,"lowest_identity":1.0,"breadth_of_coverage":0.9998421966230078,"L90":0,"aligned_contigs":1,"NA50":6336,"NG50":6336,"aligned_basepairs":6336,"Ns":0},"Staphylococcus_aureus_plasmid2":{"assembler":"MINIA","contiguity":0.0,"multiplicity":0,"validity":0,"parsimony":0,"identity":0,"lowest_identity":0,"breadth_of_coverage":0.0,"L90":0,"aligned_contigs":0,"NA50":0,"NG50":0,"aligned_basepairs":0,"Ns":0},"Staphylococcus_aureus_plasmid3":{"assembler":"MINIA","contiguity":0.0,"multiplicity":0,"validity":0,"parsimony":0,"identity":0,"lowest_identity":0,"breadth_of_coverage":0.0,"L90":0,"aligned_contigs":0,"NA50":0,"NG50":0,"aligned_basepairs":0,"Ns":0}}}