{"sample_id":"ENN","ReferenceTables":{"Bacillus_subtilis":{"assembler":"IDBA-UD","contiguity":0.07789400883955887,"multiplicity":1.0000475273458265,"validity":0.9999994970892785,"parsimony":1.0000480302807029,"identity":0.9995579660858175,"lowest_identity":0.988061797752809,"breadth_of_coverage":0.9829400617004274,"L90":21,"aligned_contigs":38,"NA50":211169,"NG50":211169,"aligned_basepairs":3976658,"Ns":0},"Enterococcus_faecalis":{"assembler":"IDBA-UD","contiguity":0.13575352710628272,"multiplicity":1.00052263898469,"validity":1.0000284411342324,"parsimony":1.0004941837953099,"identity":0.9946567912486741,"lowest_identity":0.7950740111623392,"breadth_of_coverage":0.975716175486541,"L90":23,"aligned_contigs":53,"NA50":115641,"NG50":118897,"aligned_basepairs":2776295,"Ns":0},"Escherichia_coli_plasmid":{"assembler":"IDBA-UD","contiguity":0.36855836446771567,"multiplicity":1.0009139670787213,"validity":1.0,"parsimony":1.0009139670787213,"identity":0.9999815015785319,"lowest_identity":0.9999260063141279,"breadth_of_coverage":0.9846555219213323,"L90":3,"aligned_contigs":4,"NA50":28766,"NG50":28766,"aligned_basepairs":108319,"Ns":0},"Escherichia_coli":{"assembler":"IDBA-UD","contiguity":0.01877667385593841,"multiplicity":1.0045445497252965,"validity":0.99561684446999,"parsimony":1.0089670090506144,"identity":0.9956264246435581,"lowest_identity":0.5622025832766825,"breadth_of_coverage":0.9487572380605838,"L90":273,"aligned_contigs":422,"NA50":19640,"NG50":18579,"aligned_basepairs":4521240,"Ns":0},"Lactobacillus_fermentum":{"assembler":"IDBA-UD","contiguity":0.06396519663491894,"multiplicity":1.0006236928321193,"validity":1.0,"parsimony":1.0006236928321193,"identity":0.9999691205533597,"lowest_identity":0.9972826086956522,"breadth_of_coverage":0.9382816547028787,"L90":57,"aligned_contigs":88,"NA50":40069,"NG50":38890,"aligned_basepairs":1787739,"Ns":0},"Listeria_monocytogenes":{"assembler":"IDBA-UD","contiguity":0.15660141788605714,"multiplicity":1.0000775774165027,"validity":1.0000941785143576,"parsimony":0.9999834004654646,"identity":0.9999114586101745,"lowest_identity":0.9979195561719834,"breadth_of_coverage":0.986481491754619,"L90":14,"aligned_contigs":27,"NA50":254629,"NG50":254629,"aligned_basepairs":2951890,"Ns":0},"Pseudomonas_aeruginosa":{"assembler":"IDBA-UD","contiguity":0.049807209013696334,"multiplicity":1.000888258353556,"validity":1.0004670798285553,"parsimony":1.0004209818928504,"identity":1.0004851432908863,"lowest_identity":0.983097304705345,"breadth_of_coverage":0.985854633093504,"L90":76,"aligned_contigs":162,"NA50":83546,"NG50":83546,"aligned_basepairs":6696250,"Ns":0},"Salmonella_enterica":{"assembler":"IDBA-UD","contiguity":0.033783315328170874,"multiplicity":1.007089873850092,"validity":0.9908163421274767,"parsimony":1.0164243674944569,"identity":0.9922676747519378,"lowest_identity":0.02791513798053916,"breadth_of_coverage":0.9601434614368077,"L90":243,"aligned_contigs":421,"NA50":21325,"NG50":21250,"aligned_basepairs":4570039,"Ns":0},"Staphylococcus_aureus":{"assembler":"IDBA-UD","contiguity":0.06690243418003664,"multiplicity":1.00052113658765,"validity":1.0000835702406,"parsimony":1.000437529782581,"identity":0.9996614616727589,"lowest_identity":0.9855403348554034,"breadth_of_coverage":0.981045542485968,"L90":42,"aligned_contigs":76,"NA50":53248,"NG50":53248,"aligned_basepairs":2667247,"Ns":0},"Staphylococcus_aureus_plasmid1":{"assembler":"IDBA-UD","contiguity":0.9998421966230078,"multiplicity":1.0,"validity":1.0,"parsimony":1.0,"identity":1.0,"lowest_identity":1.0,"breadth_of_coverage":0.9998421966230078,"L90":0,"aligned_contigs":1,"NA50":6336,"NG50":6336,"aligned_basepairs":6336,"Ns":0},"Staphylococcus_aureus_plasmid2":{"assembler":"IDBA-UD","contiguity":0.0,"multiplicity":0,"validity":0,"parsimony":0,"identity":0,"lowest_identity":0,"breadth_of_coverage":0.0,"L90":0,"aligned_contigs":0,"NA50":0,"NG50":0,"aligned_basepairs":0,"Ns":0},"Staphylococcus_aureus_plasmid3":{"assembler":"IDBA-UD","contiguity":0.0,"multiplicity":0,"validity":0,"parsimony":0,"identity":0,"lowest_identity":0,"breadth_of_coverage":0.0,"L90":0,"aligned_contigs":0,"NA50":0,"NG50":0,"aligned_basepairs":0,"Ns":0}}}