{"sample_id":"EHS","ReferenceTables":{"Bacillus_subtilis":{"assembler":"BCALM2","contiguity":0.0017161528218886482,"multiplicity":1.0041580378760957,"validity":1.0,"parsimony":1.0041580378760957,"identity":1.0,"lowest_identity":1.0,"breadth_of_coverage":0.6858248940782964,"L90":0,"aligned_contigs":1461,"NA50":2008,"NG50":1511,"aligned_basepairs":2774626,"Ns":0},"Enterococcus_faecalis":{"assembler":"BCALM2","contiguity":0.0012574717297300336,"multiplicity":1.0020086892624969,"validity":1.0,"parsimony":1.0020086892624969,"identity":1.0,"lowest_identity":1.0,"breadth_of_coverage":0.35010009165696676,"L90":0,"aligned_contigs":694,"NA50":1402,"NG50":0,"aligned_basepairs":996172,"Ns":0},"Escherichia_coli_plasmid":{"assembler":"BCALM2","contiguity":0.0,"multiplicity":0,"validity":0,"parsimony":0,"identity":0,"lowest_identity":0,"breadth_of_coverage":0.0,"L90":0,"aligned_contigs":0,"NA50":0,"NG50":0,"aligned_basepairs":0,"Ns":0},"Escherichia_coli":{"assembler":"BCALM2","contiguity":0.0016932350757559542,"multiplicity":1.0036944246570407,"validity":1.0,"parsimony":1.0036944246570407,"identity":1.0,"lowest_identity":1.0,"breadth_of_coverage":0.5708999432160848,"L90":0,"aligned_contigs":1504,"NA50":1874,"NG50":1185,"aligned_basepairs":2720586,"Ns":0},"Lactobacillus_fermentum":{"assembler":"BCALM2","contiguity":0.0010302661004664277,"multiplicity":1.0011719970830295,"validity":1.0,"parsimony":1.0011719970830295,"identity":1.0,"lowest_identity":1.0,"breadth_of_coverage":0.040303715938368775,"L90":0,"aligned_contigs":64,"NA50":1149,"NG50":0,"aligned_basepairs":76792,"Ns":0},"Listeria_monocytogenes":{"assembler":"BCALM2","contiguity":0.001786894679819352,"multiplicity":1.0026465493531997,"validity":1.0,"parsimony":1.0026465493531997,"identity":1.0,"lowest_identity":1.0,"breadth_of_coverage":0.4155627932903391,"L90":0,"aligned_contigs":831,"NA50":1491,"NG50":0,"aligned_basepairs":1243506,"Ns":0},"Pseudomonas_aeruginosa":{"assembler":"BCALM2","contiguity":0.00245306102618689,"multiplicity":1.0047208821159477,"validity":1.0,"parsimony":1.0047208821159477,"identity":1.0,"lowest_identity":1.0,"breadth_of_coverage":0.8876126454397828,"L90":0,"aligned_contigs":1944,"NA50":3971,"NG50":3534,"aligned_basepairs":6028958,"Ns":0},"Salmonella_enterica":{"assembler":"BCALM2","contiguity":0.0016797114804025257,"multiplicity":1.0036715145669428,"validity":1.0,"parsimony":1.0036715145669428,"identity":1.0,"lowest_identity":1.0,"breadth_of_coverage":0.5785249885182949,"L90":0,"aligned_contigs":1512,"NA50":1902,"NG50":1194,"aligned_basepairs":2753632,"Ns":0},"Staphylococcus_aureus":{"assembler":"BCALM2","contiguity":0.0011626538373829438,"multiplicity":1.0017223314092987,"validity":1.0,"parsimony":1.0017223314092987,"identity":1.0,"lowest_identity":1.0,"breadth_of_coverage":0.2966275314663194,"L90":0,"aligned_contigs":577,"NA50":1362,"NG50":0,"aligned_basepairs":806465,"Ns":0},"Staphylococcus_aureus_plasmid1":{"assembler":"BCALM2","contiguity":0.0,"multiplicity":0,"validity":0,"parsimony":0,"identity":0,"lowest_identity":0,"breadth_of_coverage":0.0,"L90":0,"aligned_contigs":0,"NA50":0,"NG50":0,"aligned_basepairs":0,"Ns":0},"Staphylococcus_aureus_plasmid2":{"assembler":"BCALM2","contiguity":0.0,"multiplicity":0,"validity":0,"parsimony":0,"identity":0,"lowest_identity":0,"breadth_of_coverage":0.0,"L90":0,"aligned_contigs":0,"NA50":0,"NG50":0,"aligned_basepairs":0,"Ns":0},"Staphylococcus_aureus_plasmid3":{"assembler":"BCALM2","contiguity":0.0,"multiplicity":0,"validity":0,"parsimony":0,"identity":0,"lowest_identity":0,"breadth_of_coverage":0.0,"L90":0,"aligned_contigs":0,"NA50":0,"NG50":0,"aligned_basepairs":0,"Ns":0}}}