{"sample_id":"EHS","ReferenceTables":{"Bacillus_subtilis":{"assembler":"VelvetOptimizer","contiguity":0.060170399169286126,"multiplicity":1.0003192817324804,"validity":1.0,"parsimony":1.0003192817324804,"identity":1.0,"lowest_identity":1.0,"breadth_of_coverage":0.9769989052512101,"L90":64,"aligned_contigs":116,"NA50":69009,"NG50":65138,"aligned_basepairs":3952622,"Ns":0},"Enterococcus_faecalis":{"assembler":"VelvetOptimizer","contiguity":0.029038178219380668,"multiplicity":1.0006600102530125,"validity":0.9999996345846616,"parsimony":1.0006603759096624,"identity":0.99997910093954,"lowest_identity":0.9967362924281984,"breadth_of_coverage":0.9611350562593836,"L90":105,"aligned_contigs":162,"NA50":32803,"NG50":30356,"aligned_basepairs":2734806,"Ns":0},"Escherichia_coli_plasmid":{"assembler":"VelvetOptimizer","contiguity":0.3307971310916578,"multiplicity":1.0002672903441363,"validity":0.9996565508161688,"parsimony":1.000610949358026,"identity":0.9966345115005578,"lowest_identity":0.9956254384878874,"breadth_of_coverage":0.9522575836083158,"L90":3,"aligned_contigs":6,"NA50":26643,"NG50":26643,"aligned_basepairs":104755,"Ns":0},"Escherichia_coli":{"assembler":"VelvetOptimizer","contiguity":0.011654342500599105,"multiplicity":1.0031617326201767,"validity":0.9978634583622977,"parsimony":1.0053096184788393,"identity":0.9952437578470635,"lowest_identity":0.3966861598440546,"breadth_of_coverage":0.9026332124209463,"L90":885,"aligned_contigs":1015,"NA50":6486,"NG50":5930,"aligned_basepairs":4301439,"Ns":18551},"Lactobacillus_fermentum":{"assembler":"VelvetOptimizer","contiguity":0.035284120938439634,"multiplicity":1.0006171361568075,"validity":1.0000011421411834,"parsimony":1.0006159933120726,"identity":0.9999963781485111,"lowest_identity":0.9994952044422009,"breadth_of_coverage":0.918484590357696,"L90":200,"aligned_contigs":228,"NA50":11578,"NG50":10966,"aligned_basepairs":1750019,"Ns":0},"Listeria_monocytogenes":{"assembler":"VelvetOptimizer","contiguity":0.0540747013543238,"multiplicity":1.0006125802104713,"validity":1.000000342588358,"parsimony":1.000612237412368,"identity":1.0,"lowest_identity":1.0,"breadth_of_coverage":0.9748782057665868,"L90":73,"aligned_contigs":128,"NA50":43714,"NG50":42506,"aligned_basepairs":2917169,"Ns":0},"Pseudomonas_aeruginosa":{"assembler":"VelvetOptimizer","contiguity":0.1247869287858511,"multiplicity":1.0003246255037357,"validity":0.9995269219095146,"parsimony":1.000798081148927,"identity":0.9928844125792113,"lowest_identity":0.7655541153596889,"breadth_of_coverage":0.9882249537345801,"L90":18,"aligned_contigs":55,"NA50":261903,"NG50":303020,"aligned_basepairs":6712350,"Ns":8384},"Salmonella_enterica":{"assembler":"VelvetOptimizer","contiguity":0.009392097813622827,"multiplicity":1.0041026040193775,"validity":0.9984746407012851,"parsimony":1.0056365610989775,"identity":0.9958718020643016,"lowest_identity":0.3385608856088561,"breadth_of_coverage":0.9123100266274713,"L90":865,"aligned_contigs":990,"NA50":6801,"NG50":6098,"aligned_basepairs":4342364,"Ns":10388},"Staphylococcus_aureus":{"assembler":"VelvetOptimizer","contiguity":0.033342896446200136,"multiplicity":1.0004975202804876,"validity":0.999999615708898,"parsimony":1.0004979047629299,"identity":0.99999450728193,"lowest_identity":0.9995105237395986,"breadth_of_coverage":0.9566419496980263,"L90":109,"aligned_contigs":169,"NA50":29376,"NG50":27809,"aligned_basepairs":2600899,"Ns":0},"Staphylococcus_aureus_plasmid1":{"assembler":"VelvetOptimizer","contiguity":0.0,"multiplicity":0,"validity":0,"parsimony":0,"identity":0,"lowest_identity":0,"breadth_of_coverage":0.0,"L90":0,"aligned_contigs":0,"NA50":0,"NG50":0,"aligned_basepairs":0,"Ns":0},"Staphylococcus_aureus_plasmid2":{"assembler":"VelvetOptimizer","contiguity":0.0,"multiplicity":0,"validity":0,"parsimony":0,"identity":0,"lowest_identity":0,"breadth_of_coverage":0.0,"L90":0,"aligned_contigs":0,"NA50":0,"NG50":0,"aligned_basepairs":0,"Ns":0},"Staphylococcus_aureus_plasmid3":{"assembler":"VelvetOptimizer","contiguity":0.0,"multiplicity":0,"validity":0,"parsimony":0,"identity":0,"lowest_identity":0,"breadth_of_coverage":0.0,"L90":0,"aligned_contigs":0,"NA50":0,"NG50":0,"aligned_basepairs":0,"Ns":0}}}