{"sample_id":"EHS","ReferenceTables":{"Bacillus_subtilis":{"assembler":"GATBMiniaPipeline","contiguity":0.09783282254119645,"multiplicity":1.0000233809861296,"validity":1.0000007542082938,"parsimony":1.0000226267607706,"identity":0.9986678004535147,"lowest_identity":0.9626984126984127,"breadth_of_coverage":0.9831706782325925,"L90":15,"aligned_contigs":28,"NA50":263366,"NG50":263366,"aligned_basepairs":3977591,"Ns":0},"Enterococcus_faecalis":{"assembler":"GATBMiniaPipeline","contiguity":0.1558070030421116,"multiplicity":1.0005489797107747,"validity":1.0,"parsimony":1.0005489797107747,"identity":0.9999837313724214,"lowest_identity":0.9992841803865425,"breadth_of_coverage":0.97691355004864,"L90":23,"aligned_contigs":44,"NA50":128464,"NG50":128464,"aligned_basepairs":2779702,"Ns":0},"Escherichia_coli_plasmid":{"assembler":"GATBMiniaPipeline","contiguity":0.48301471724526623,"multiplicity":1.0009231053263177,"validity":1.0,"parsimony":1.0009231053263177,"identity":1.0,"lowest_identity":1.0,"breadth_of_coverage":0.9847555155581008,"L90":2,"aligned_contigs":3,"NA50":28767,"NG50":28767,"aligned_basepairs":108330,"Ns":0},"Escherichia_coli":{"assembler":"GATBMiniaPipeline","contiguity":0.022379493662067297,"multiplicity":1.0017273625195293,"validity":1.0,"parsimony":1.0017273625195293,"identity":0.9999841158632439,"lowest_identity":0.9978813559322034,"breadth_of_coverage":0.9677303263459319,"L90":134,"aligned_contigs":228,"NA50":40791,"NG50":38864,"aligned_basepairs":4611655,"Ns":0},"Lactobacillus_fermentum":{"assembler":"GATBMiniaPipeline","contiguity":0.06396624632019705,"multiplicity":1.000939112268277,"validity":1.0,"parsimony":1.000939112268277,"identity":1.0,"lowest_identity":1.0,"breadth_of_coverage":0.9405799406193038,"L90":54,"aligned_contigs":88,"NA50":40366,"NG50":40071,"aligned_basepairs":1792118,"Ns":0},"Listeria_monocytogenes":{"assembler":"GATBMiniaPipeline","contiguity":0.2112776547600508,"multiplicity":1.0000779345844206,"validity":1.0,"parsimony":1.0000779345844206,"identity":0.9999775558298731,"lowest_identity":0.9995735607675906,"breadth_of_coverage":0.9862485638339468,"L90":10,"aligned_contigs":19,"NA50":475379,"NG50":475379,"aligned_basepairs":2951193,"Ns":0},"Pseudomonas_aeruginosa":{"assembler":"GATBMiniaPipeline","contiguity":0.05708409338179977,"multiplicity":1.0007412985755946,"validity":1.000006853320322,"parsimony":1.0007344402219185,"identity":0.9988980060781388,"lowest_identity":0.8657513348588863,"breadth_of_coverage":0.9874592371100933,"L90":54,"aligned_contigs":118,"NA50":124002,"NG50":124002,"aligned_basepairs":6707149,"Ns":0},"Salmonella_enterica":{"assembler":"GATBMiniaPipeline","contiguity":0.05059786803749612,"multiplicity":1.0019185038685663,"validity":0.9999987099745413,"parsimony":1.0019197963706112,"identity":0.9999570598096158,"lowest_identity":0.9952335557673975,"breadth_of_coverage":0.9752955304757859,"L90":114,"aligned_contigs":207,"NA50":43952,"NG50":42280,"aligned_basepairs":4642159,"Ns":0},"Staphylococcus_aureus":{"assembler":"GATBMiniaPipeline","contiguity":0.06690316980410331,"multiplicity":1.0007069373847435,"validity":1.0,"parsimony":1.0007069373847435,"identity":1.0,"lowest_identity":1.0,"breadth_of_coverage":0.9823064021362523,"L90":40,"aligned_contigs":66,"NA50":53404,"NG50":53404,"aligned_basepairs":2670675,"Ns":0},"Staphylococcus_aureus_plasmid1":{"assembler":"GATBMiniaPipeline","contiguity":1.0160959444532114,"multiplicity":1.0160959444532114,"validity":1.0,"parsimony":1.0160959444532114,"identity":1.0,"lowest_identity":1.0,"breadth_of_coverage":1.0,"L90":0,"aligned_contigs":1,"NA50":6439,"NG50":6439,"aligned_basepairs":6337,"Ns":0},"Staphylococcus_aureus_plasmid2":{"assembler":"GATBMiniaPipeline","contiguity":0.9544223826714802,"multiplicity":1.0,"validity":1.0,"parsimony":1.0,"identity":1.0,"lowest_identity":1.0,"breadth_of_coverage":0.9544223826714802,"L90":0,"aligned_contigs":1,"NA50":2115,"NG50":2115,"aligned_basepairs":2115,"Ns":0},"Staphylococcus_aureus_plasmid3":{"assembler":"GATBMiniaPipeline","contiguity":1.0340795188773806,"multiplicity":1.0340795188773806,"validity":1.0,"parsimony":1.0340795188773806,"identity":1.0,"lowest_identity":1.0,"breadth_of_coverage":1.0,"L90":0,"aligned_contigs":1,"NA50":3095,"NG50":3095,"aligned_basepairs":2993,"Ns":0}}}