{"sample_id":"EHS","ReferenceTables":{"Bacillus_subtilis":{"assembler":"SKESA","contiguity":0.09090419230205476,"multiplicity":1.0,"validity":1.0,"parsimony":1.0,"identity":1.0,"lowest_identity":1.0,"breadth_of_coverage":0.9796498830727218,"L90":24,"aligned_contigs":41,"NA50":149633,"NG50":149633,"aligned_basepairs":3963347,"Ns":0},"Enterococcus_faecalis":{"assembler":"SKESA","contiguity":0.15564709537385357,"multiplicity":1.0,"validity":0.9961424065989988,"parsimony":1.003872532055102,"identity":0.9965362335593917,"lowest_identity":0.7783189478010687,"breadth_of_coverage":0.9789568537480952,"L90":38,"aligned_contigs":64,"NA50":63109,"NG50":62975,"aligned_basepairs":2785516,"Ns":0},"Escherichia_coli_plasmid":{"assembler":"SKESA","contiguity":1.0,"multiplicity":1.0,"validity":1.0,"parsimony":1.0,"identity":1.0,"lowest_identity":1.0,"breadth_of_coverage":1.0,"L90":0,"aligned_contigs":1,"NA50":110007,"NG50":110007,"aligned_basepairs":110007,"Ns":0},"Escherichia_coli":{"assembler":"SKESA","contiguity":0.018775204944607354,"multiplicity":1.0000191857693348,"validity":0.9879538864122193,"parsimony":1.012212411452655,"identity":0.996505724642951,"lowest_identity":0.4542323135560402,"breadth_of_coverage":0.940625554776333,"L90":284,"aligned_contigs":411,"NA50":19951,"NG50":18640,"aligned_basepairs":4482489,"Ns":0},"Lactobacillus_fermentum":{"assembler":"SKESA","contiguity":0.06386022810710779,"multiplicity":1.0,"validity":1.0,"parsimony":1.0,"identity":1.0,"lowest_identity":1.0,"breadth_of_coverage":0.9286030315960517,"L90":81,"aligned_contigs":109,"NA50":33086,"NG50":32083,"aligned_basepairs":1769298,"Ns":0},"Listeria_monocytogenes":{"assembler":"SKESA","contiguity":0.1586021918617591,"multiplicity":1.0,"validity":1.0,"parsimony":1.0,"identity":1.0,"lowest_identity":1.0,"breadth_of_coverage":0.9701929124411581,"L90":17,"aligned_contigs":31,"NA50":210332,"NG50":136539,"aligned_basepairs":2903149,"Ns":0},"Pseudomonas_aeruginosa":{"assembler":"SKESA","contiguity":0.021189194282374386,"multiplicity":1.0000084289035531,"validity":0.9897909671206481,"parsimony":1.0103228480783455,"identity":0.9959065697445735,"lowest_identity":0.3783146892890312,"breadth_of_coverage":0.9781335712487468,"L90":166,"aligned_contigs":318,"NA50":42077,"NG50":42655,"aligned_basepairs":6643806,"Ns":0},"Salmonella_enterica":{"assembler":"SKESA","contiguity":0.02248880507489265,"multiplicity":1.000429133135566,"validity":0.9729435402247365,"parsimony":1.0282499361725355,"identity":0.9933965907304332,"lowest_identity":0.09313876939895906,"breadth_of_coverage":0.9488071422298585,"L90":244,"aligned_contigs":396,"NA50":20752,"NG50":19950,"aligned_basepairs":4516081,"Ns":0},"Staphylococcus_aureus":{"assembler":"SKESA","contiguity":0.04806346964447289,"multiplicity":1.0,"validity":1.0,"parsimony":1.0,"identity":0.9999997734654663,"lowest_identity":0.9999789322883749,"breadth_of_coverage":0.9689636528148655,"L90":57,"aligned_contigs":93,"NA50":46175,"NG50":44585,"aligned_basepairs":2634399,"Ns":0},"Staphylococcus_aureus_plasmid1":{"assembler":"SKESA","contiguity":1.0,"multiplicity":1.0,"validity":1.0,"parsimony":1.0,"identity":1.0,"lowest_identity":1.0,"breadth_of_coverage":1.0,"L90":0,"aligned_contigs":1,"NA50":6337,"NG50":6337,"aligned_basepairs":6337,"Ns":0},"Staphylococcus_aureus_plasmid2":{"assembler":"SKESA","contiguity":0.0,"multiplicity":0,"validity":0,"parsimony":0,"identity":0,"lowest_identity":0,"breadth_of_coverage":0.0,"L90":0,"aligned_contigs":0,"NA50":0,"NG50":0,"aligned_basepairs":0,"Ns":0},"Staphylococcus_aureus_plasmid3":{"assembler":"SKESA","contiguity":0.4330103575008353,"multiplicity":1.0,"validity":1.0,"parsimony":1.0,"identity":1.0,"lowest_identity":1.0,"breadth_of_coverage":0.4330103575008353,"L90":0,"aligned_contigs":1,"NA50":1296,"NG50":0,"aligned_basepairs":1296,"Ns":0}}}