{"ENN":{"assembler":"VelvetOptimiser","mapped_reads_original":97.17871608678341,"mapped_reads_filtered":93.14591700590981}}