{"ENN":{"assembler":"GATBMiniaPipeline","mapped_reads_original":100.06655676122223,"mapped_reads_filtered":98.97998846766815}}