{"ENN":{"assembler":"IDBA-UD","mapped_reads_original":100.02575766577955,"mapped_reads_filtered":98.24480231247611}}