{"ENN":{"assembler":"MEGAHIT","mapped_reads_original":101.5826281560539,"mapped_reads_filtered":100.79059416094319}}