{"ENN":{"assembler":"MetaHipMer2","mapped_reads_original":99.29233573427103,"mapped_reads_filtered":98.35735409244121}}