{"ENN":{"assembler":"ABySS","mapped_reads_original":108.30130413691104,"mapped_reads_filtered":107.09212798839573}}