{"ENN":{"assembler":"ABySS","mapped_reads_original":108.31301630575203,"mapped_reads_filtered":107.10495560188824}}