{"ENN":{"assembler":"MINIA","mapped_reads_original":97.22849564987968,"mapped_reads_filtered":92.97324503564529}}