{"ENN":{"assembler":"BCALM2","mapped_reads_original":96.57061663829111,"mapped_reads_filtered":92.63063279630364}}