{"ENN":{"assembler":"MINIA","mapped_reads_original":97.22694768587348,"mapped_reads_filtered":92.97301170283554}}