{"ENN":{"assembler":"GATBMiniaPipeline","mapped_reads_original":100.06631204632419,"mapped_reads_filtered":98.97982911843222}}