{"sample_id":"ERR2984773","ReferenceTables":{"Bacillus_subtilis":{"assembler":"MetaHipMer2","contiguity":0.0006181907255571812,"multiplicity":1.000952251394368,"validity":0.9998835222860692,"parsimony":1.0010688536059233,"identity":0.9998937234308577,"lowest_identity":0.9831697054698457,"breadth_of_coverage":0.05087603385045321,"L90":0,"aligned_contigs":172,"NA50":1149,"NG50":0,"aligned_basepairs":205828,"Ns":0},"Enterococcus_faecalis":{"assembler":"MetaHipMer2","contiguity":0.0009144609951809803,"multiplicity":1.0001445706717407,"validity":1.0,"parsimony":1.0001445706717407,"identity":1.0,"lowest_identity":1.0,"breadth_of_coverage":0.07535973953676682,"L90":0,"aligned_contigs":177,"NA50":1159,"NG50":0,"aligned_basepairs":214428,"Ns":0},"Escherichia_coli_plasmid":{"assembler":"MetaHipMer2","contiguity":0.013662766914832692,"multiplicity":1.0,"validity":1.0,"parsimony":1.0,"identity":1.0,"lowest_identity":1.0,"breadth_of_coverage":0.013662766914832692,"L90":0,"aligned_contigs":1,"NA50":1503,"NG50":0,"aligned_basepairs":1503,"Ns":0},"Escherichia_coli":{"assembler":"MetaHipMer2","contiguity":0.0004383651100823136,"multiplicity":1.000141997270497,"validity":0.99936151093314,"parsimony":1.000780984987733,"identity":0.9993328237114836,"lowest_identity":0.9576923076923077,"breadth_of_coverage":0.026600515294094934,"L90":0,"aligned_contigs":106,"NA50":1162,"NG50":0,"aligned_basepairs":126763,"Ns":0},"Lactobacillus_fermentum":{"assembler":"MetaHipMer2","contiguity":0.0006765221617428555,"multiplicity":1.0,"validity":1.0,"parsimony":1.0,"identity":1.0,"lowest_identity":1.0,"breadth_of_coverage":0.004798636248886678,"L90":0,"aligned_contigs":8,"NA50":1179,"NG50":0,"aligned_basepairs":9143,"Ns":0},"Listeria_monocytogenes":{"assembler":"MetaHipMer2","contiguity":0.0009905284890563979,"multiplicity":1.002416004880286,"validity":0.999925576671351,"parsimony":1.002490613568687,"identity":0.9999599864182472,"lowest_identity":0.9855550969872059,"breadth_of_coverage":0.15229241844682193,"L90":0,"aligned_contigs":361,"NA50":1224,"NG50":0,"aligned_basepairs":455711,"Ns":0},"Pseudomonas_aeruginosa":{"assembler":"MetaHipMer2","contiguity":0.00031638627687406235,"multiplicity":1.0010443470677535,"validity":1.0,"parsimony":1.0010443470677535,"identity":1.0,"lowest_identity":1.0,"breadth_of_coverage":0.013674394500856113,"L90":0,"aligned_contigs":80,"NA50":1135,"NG50":0,"aligned_basepairs":92881,"Ns":0},"Salmonella_enterica":{"assembler":"MetaHipMer2","contiguity":0.0005512899217731366,"multiplicity":1.0006333608429456,"validity":0.9989748895850697,"parsimony":1.0016601731186303,"identity":0.9987811710783787,"lowest_identity":0.9107843137254902,"breadth_of_coverage":0.02189318505651352,"L90":0,"aligned_contigs":87,"NA50":1139,"NG50":0,"aligned_basepairs":104206,"Ns":0},"Staphylococcus_aureus":{"assembler":"MetaHipMer2","contiguity":0.0009618284671801322,"multiplicity":1.001305738083919,"validity":0.9999642297361455,"parsimony":1.0013415563355974,"identity":0.9999637895845679,"lowest_identity":0.990983606557377,"breadth_of_coverage":0.11295728231044806,"L90":0,"aligned_contigs":249,"NA50":1221,"NG50":0,"aligned_basepairs":307106,"Ns":0},"Staphylococcus_aureus_plasmid1":{"assembler":"MetaHipMer2","contiguity":0.0,"multiplicity":0,"validity":0,"parsimony":0,"identity":0,"lowest_identity":0,"breadth_of_coverage":0.0,"L90":0,"aligned_contigs":0,"NA50":0,"NG50":0,"aligned_basepairs":0,"Ns":0},"Staphylococcus_aureus_plasmid2":{"assembler":"MetaHipMer2","contiguity":0.0,"multiplicity":0,"validity":0,"parsimony":0,"identity":0,"lowest_identity":0,"breadth_of_coverage":0.0,"L90":0,"aligned_contigs":0,"NA50":0,"NG50":0,"aligned_basepairs":0,"Ns":0},"Staphylococcus_aureus_plasmid3":{"assembler":"MetaHipMer2","contiguity":0.5322418977614434,"multiplicity":1.0,"validity":1.0,"parsimony":1.0,"identity":1.0,"lowest_identity":1.0,"breadth_of_coverage":0.5322418977614434,"L90":0,"aligned_contigs":1,"NA50":1593,"NG50":1593,"aligned_basepairs":1593,"Ns":0}}}