{"sample_id":"ERR2984773","ReferenceTables":{"Bacillus_subtilis":{"assembler":"MINIA","contiguity":0.02915605966566288,"multiplicity":1.000572791637546,"validity":0.9999757050471246,"parsimony":1.0005971010969643,"identity":0.9999453422523836,"lowest_identity":0.9983783783783784,"breadth_of_coverage":0.9761234028322083,"L90":102,"aligned_contigs":170,"NA50":46155,"NG50":43056,"aligned_basepairs":3949080,"Ns":0},"Enterococcus_faecalis":{"assembler":"MINIA","contiguity":0.022230328896686292,"multiplicity":1.0010368330076684,"validity":0.9999436999926152,"parsimony":1.0010931945619153,"identity":0.9998992874685523,"lowest_identity":0.9938271604938271,"breadth_of_coverage":0.9602750693050378,"L90":149,"aligned_contigs":217,"NA50":20366,"NG50":19908,"aligned_basepairs":2732359,"Ns":0},"Escherichia_coli_plasmid":{"assembler":"MINIA","contiguity":0.22640377430527148,"multiplicity":1.000862920314103,"validity":0.9998084419627037,"parsimony":1.0010546803839036,"identity":0.9995911692559281,"lowest_identity":0.9967293540474244,"breadth_of_coverage":0.9480942121864973,"L90":6,"aligned_contigs":8,"NA50":14811,"NG50":14811,"aligned_basepairs":104297,"Ns":0},"Escherichia_coli":{"assembler":"MINIA","contiguity":0.011346290810029054,"multiplicity":1.0022644919076302,"validity":0.9999307804635845,"parsimony":1.0023338729936524,"identity":0.9998760883538302,"lowest_identity":0.9743589743589743,"breadth_of_coverage":0.7863751759021319,"L90":0,"aligned_contigs":1146,"NA50":4409,"NG50":3080,"aligned_basepairs":3747419,"Ns":0},"Lactobacillus_fermentum":{"assembler":"MINIA","contiguity":0.017739156357445128,"multiplicity":1.0011411672329233,"validity":0.9998340611404033,"parsimony":1.0013073230282123,"identity":0.999640152948934,"lowest_identity":0.9343168247277837,"breadth_of_coverage":0.9097165692296307,"L90":263,"aligned_contigs":282,"NA50":9080,"NG50":8209,"aligned_basepairs":1733313,"Ns":0},"Listeria_monocytogenes":{"assembler":"MINIA","contiguity":0.02560502776754796,"multiplicity":1.000985522773474,"validity":0.9999550625162726,"parsimony":1.0010305065655734,"identity":0.9998648358319242,"lowest_identity":0.9903952715182859,"breadth_of_coverage":0.9732042660899055,"L90":121,"aligned_contigs":186,"NA50":28142,"NG50":26654,"aligned_basepairs":2912160,"Ns":0},"Pseudomonas_aeruginosa":{"assembler":"MINIA","contiguity":0.012415327288279574,"multiplicity":1.0011323752699965,"validity":0.9998316493394237,"parsimony":1.0013009449455137,"identity":0.9995334627250139,"lowest_identity":0.9739382239382239,"breadth_of_coverage":0.9554744837191361,"L90":405,"aligned_contigs":596,"NA50":18832,"NG50":17958,"aligned_basepairs":6489898,"Ns":0},"Salmonella_enterica":{"assembler":"MINIA","contiguity":0.00919355780749645,"multiplicity":1.0024029685709808,"validity":0.9998394422243864,"parsimony":1.0025639380067775,"identity":0.9996214600509752,"lowest_identity":0.8015488867376573,"breadth_of_coverage":0.7987745564574245,"L90":0,"aligned_contigs":1105,"NA50":4900,"NG50":3355,"aligned_basepairs":3801964,"Ns":0},"Staphylococcus_aureus":{"assembler":"MINIA","contiguity":0.023957068979468733,"multiplicity":1.0008300334208817,"validity":0.9999869153771258,"parsimony":1.0008431290757818,"identity":0.9999341628715186,"lowest_identity":0.9931758530183727,"breadth_of_coverage":0.9549433937280692,"L90":140,"aligned_contigs":207,"NA50":23433,"NG50":22986,"aligned_basepairs":2596281,"Ns":0},"Staphylococcus_aureus_plasmid1":{"assembler":"MINIA","contiguity":0.0,"multiplicity":0,"validity":0,"parsimony":0,"identity":0,"lowest_identity":0,"breadth_of_coverage":0.0,"L90":0,"aligned_contigs":0,"NA50":0,"NG50":0,"aligned_basepairs":0,"Ns":0},"Staphylococcus_aureus_plasmid2":{"assembler":"MINIA","contiguity":0.0,"multiplicity":0,"validity":0,"parsimony":0,"identity":0,"lowest_identity":0,"breadth_of_coverage":0.0,"L90":0,"aligned_contigs":0,"NA50":0,"NG50":0,"aligned_basepairs":0,"Ns":0},"Staphylococcus_aureus_plasmid3":{"assembler":"MINIA","contiguity":0.0,"multiplicity":0,"validity":0,"parsimony":0,"identity":0,"lowest_identity":0,"breadth_of_coverage":0.0,"L90":0,"aligned_contigs":0,"NA50":0,"NG50":0,"aligned_basepairs":0,"Ns":0}}}