{"sample_id":"ERR2984773","ReferenceTables":{"Bacillus_subtilis":{"assembler":"GATBMiniaPipeline","contiguity":0.18994249911695868,"multiplicity":1.000078603519328,"validity":0.9999952289381474,"parsimony":1.000083374978968,"identity":0.9998086538918348,"lowest_identity":0.9953271028037384,"breadth_of_coverage":0.9842629552482811,"L90":15,"aligned_contigs":30,"NA50":263420,"NG50":257358,"aligned_basepairs":3982010,"Ns":0},"Enterococcus_faecalis":{"assembler":"GATBMiniaPipeline","contiguity":0.19309606549818092,"multiplicity":1.0009767553766433,"validity":0.9999967712529584,"parsimony":1.000979987287816,"identity":0.9992575362344719,"lowest_identity":0.9734375,"breadth_of_coverage":0.9786806176442473,"L90":18,"aligned_contigs":38,"NA50":179847,"NG50":179847,"aligned_basepairs":2784730,"Ns":0},"Escherichia_coli_plasmid":{"assembler":"GATBMiniaPipeline","contiguity":0.48336924013926386,"multiplicity":1.0024029237094563,"validity":0.9999544286261142,"parsimony":1.0024486066697122,"identity":0.999658172310327,"lowest_identity":0.9994752859691468,"breadth_of_coverage":0.9949366858472642,"L90":2,"aligned_contigs":3,"NA50":28587,"NG50":28587,"aligned_basepairs":109450,"Ns":0},"Escherichia_coli":{"assembler":"GATBMiniaPipeline","contiguity":0.027645330939427552,"multiplicity":1.0011244737866358,"validity":0.9999225952288906,"parsimony":1.0012019715960814,"identity":0.9997162463390272,"lowest_identity":0.9913494809688581,"breadth_of_coverage":0.9720812417085202,"L90":99,"aligned_contigs":180,"NA50":59656,"NG50":59357,"aligned_basepairs":4632389,"Ns":0},"Lactobacillus_fermentum":{"assembler":"GATBMiniaPipeline","contiguity":0.06031281670973,"multiplicity":1.0011434402695738,"validity":0.9999838825493583,"parsimony":1.001159576409631,"identity":0.9996068729849414,"lowest_identity":0.9840674789128397,"breadth_of_coverage":0.9432513896520975,"L90":55,"aligned_contigs":83,"NA50":40488,"NG50":37549,"aligned_basepairs":1797208,"Ns":0},"Listeria_monocytogenes":{"assembler":"GATBMiniaPipeline","contiguity":0.18151300887398567,"multiplicity":0.9999418461940025,"validity":0.9999881658285256,"parsimony":0.9999536798173159,"identity":0.9986224415922504,"lowest_identity":0.9794841735052755,"breadth_of_coverage":0.9884144258911581,"L90":12,"aligned_contigs":24,"NA50":452364,"NG50":155105,"aligned_basepairs":2957674,"Ns":0},"Pseudomonas_aeruginosa":{"assembler":"GATBMiniaPipeline","contiguity":0.06852729475746909,"multiplicity":1.0004208689556946,"validity":0.9999991055460172,"parsimony":1.0004217637869257,"identity":0.998500608585982,"lowest_identity":0.9207082371054658,"breadth_of_coverage":0.9871686151880136,"L90":40,"aligned_contigs":102,"NA50":204691,"NG50":204691,"aligned_basepairs":6705175,"Ns":0},"Salmonella_enterica":{"assembler":"GATBMiniaPipeline","contiguity":0.05947523250190241,"multiplicity":1.00144301604782,"validity":0.9984635873860439,"parsimony":1.002984013337508,"identity":0.9974740157506424,"lowest_identity":0.6460342146189736,"breadth_of_coverage":0.9756289516289315,"L90":85,"aligned_contigs":166,"NA50":59024,"NG50":59024,"aligned_basepairs":4643746,"Ns":0},"Staphylococcus_aureus":{"assembler":"GATBMiniaPipeline","contiguity":0.10641096374108976,"multiplicity":1.000735683410283,"validity":1.0,"parsimony":1.000735683410283,"identity":0.9999846574560899,"lowest_identity":0.999482936918304,"breadth_of_coverage":0.9844205857038819,"L90":33,"aligned_contigs":53,"NA50":90967,"NG50":90967,"aligned_basepairs":2676423,"Ns":0},"Staphylococcus_aureus_plasmid1":{"assembler":"GATBMiniaPipeline","contiguity":1.0099416127505128,"multiplicity":1.014675714060281,"validity":0.9869531849577897,"parsimony":1.0280890011046235,"identity":0.9823484267075978,"lowest_identity":0.9823484267075978,"breadth_of_coverage":1.0,"L90":0,"aligned_contigs":1,"NA50":6515,"NG50":6515,"aligned_basepairs":6337,"Ns":0},"Staphylococcus_aureus_plasmid2":{"assembler":"GATBMiniaPipeline","contiguity":1.0672382671480145,"multiplicity":1.0672382671480145,"validity":1.0,"parsimony":1.0672382671480145,"identity":1.0,"lowest_identity":1.0,"breadth_of_coverage":1.0,"L90":0,"aligned_contigs":1,"NA50":2365,"NG50":2365,"aligned_basepairs":2216,"Ns":0},"Staphylococcus_aureus_plasmid3":{"assembler":"GATBMiniaPipeline","contiguity":1.0551286334781156,"multiplicity":1.0551286334781156,"validity":1.0,"parsimony":1.0551286334781156,"identity":1.0,"lowest_identity":1.0,"breadth_of_coverage":1.0,"L90":0,"aligned_contigs":1,"NA50":3158,"NG50":3158,"aligned_basepairs":2993,"Ns":0}}}