{"sample_id":"ERR2984773","ReferenceTables":{"Bacillus_subtilis":{"assembler":"MINIA","contiguity":0.02915605966566288,"multiplicity":1.0005727872862493,"validity":0.9999812726784069,"parsimony":1.0005915256855342,"identity":0.9999525881740768,"lowest_identity":0.9983783783783784,"breadth_of_coverage":0.976130818154786,"L90":102,"aligned_contigs":169,"NA50":46155,"NG50":43056,"aligned_basepairs":3949110,"Ns":0},"Enterococcus_faecalis":{"assembler":"MINIA","contiguity":0.022230328896686292,"multiplicity":1.001020234159374,"validity":0.9999357142545832,"parsimony":1.0010845896284435,"identity":0.9998792167369033,"lowest_identity":0.9938271604938271,"breadth_of_coverage":0.9665975724961622,"L90":146,"aligned_contigs":218,"NA50":20287,"NG50":19908,"aligned_basepairs":2750349,"Ns":0},"Escherichia_coli_plasmid":{"assembler":"MINIA","contiguity":0.22640377430527148,"multiplicity":1.000862920314103,"validity":0.9998084419627037,"parsimony":1.0010546803839036,"identity":0.9995911692559281,"lowest_identity":0.9967293540474244,"breadth_of_coverage":0.9480942121864973,"L90":6,"aligned_contigs":8,"NA50":14811,"NG50":14811,"aligned_basepairs":104297,"Ns":0},"Escherichia_coli":{"assembler":"MINIA","contiguity":0.011346290810029054,"multiplicity":1.0022739005121148,"validity":0.9999376860597058,"parsimony":1.002336360040209,"identity":0.9998984627217544,"lowest_identity":0.9803921568627451,"breadth_of_coverage":0.7861668003375978,"L90":0,"aligned_contigs":1146,"NA50":4409,"NG50":3072,"aligned_basepairs":3746426,"Ns":0},"Lactobacillus_fermentum":{"assembler":"MINIA","contiguity":0.017739156357445128,"multiplicity":1.001140609386575,"validity":0.9998340582720511,"parsimony":1.0013067679618575,"identity":0.9996388723544463,"lowest_identity":0.9343168247277837,"breadth_of_coverage":0.9097013487930982,"L90":262,"aligned_contigs":281,"NA50":9080,"NG50":8209,"aligned_basepairs":1733284,"Ns":0},"Listeria_monocytogenes":{"assembler":"MINIA","contiguity":0.028272837797283866,"multiplicity":1.0009767831734846,"validity":0.999956508937931,"parsimony":1.0010203186102935,"identity":0.9998651357411333,"lowest_identity":0.9903952715182859,"breadth_of_coverage":0.9672002732308005,"L90":121,"aligned_contigs":184,"NA50":28142,"NG50":27395,"aligned_basepairs":2894194,"Ns":0},"Pseudomonas_aeruginosa":{"assembler":"MINIA","contiguity":0.012415327288279574,"multiplicity":1.001137474467689,"validity":0.9998311864881481,"parsimony":1.0013065085358352,"identity":0.9995471822669919,"lowest_identity":0.9739382239382239,"breadth_of_coverage":0.955462411278604,"L90":405,"aligned_contigs":594,"NA50":18832,"NG50":17958,"aligned_basepairs":6489816,"Ns":0},"Salmonella_enterica":{"assembler":"MINIA","contiguity":0.00919355780749645,"multiplicity":1.0024028658757025,"validity":0.9998463192677873,"parsimony":1.002556939560259,"identity":0.9996447113148692,"lowest_identity":0.8015488867376573,"breadth_of_coverage":0.7990710008475242,"L90":0,"aligned_contigs":1105,"NA50":4884,"NG50":3355,"aligned_basepairs":3803375,"Ns":0},"Staphylococcus_aureus":{"assembler":"MINIA","contiguity":0.023957068979468733,"multiplicity":1.0008300334208817,"validity":0.9999869153771258,"parsimony":1.0008431290757818,"identity":0.9999341628715186,"lowest_identity":0.9931758530183727,"breadth_of_coverage":0.9549433937280692,"L90":140,"aligned_contigs":207,"NA50":23433,"NG50":22986,"aligned_basepairs":2596281,"Ns":0},"Staphylococcus_aureus_plasmid1":{"assembler":"MINIA","contiguity":0.0,"multiplicity":0,"validity":0,"parsimony":0,"identity":0,"lowest_identity":0,"breadth_of_coverage":0.0,"L90":0,"aligned_contigs":0,"NA50":0,"NG50":0,"aligned_basepairs":0,"Ns":0},"Staphylococcus_aureus_plasmid2":{"assembler":"MINIA","contiguity":0.0,"multiplicity":0,"validity":0,"parsimony":0,"identity":0,"lowest_identity":0,"breadth_of_coverage":0.0,"L90":0,"aligned_contigs":0,"NA50":0,"NG50":0,"aligned_basepairs":0,"Ns":0},"Staphylococcus_aureus_plasmid3":{"assembler":"MINIA","contiguity":0.0,"multiplicity":0,"validity":0,"parsimony":0,"identity":0,"lowest_identity":0,"breadth_of_coverage":0.0,"L90":0,"aligned_contigs":0,"NA50":0,"NG50":0,"aligned_basepairs":0,"Ns":0}}}