{"sample_id":"ERR2984773","ReferenceTables":{"Bacillus_subtilis":{"assembler":"Unicycler","contiguity":0.18991778137503315,"multiplicity":0.999966540703737,"validity":0.9999803769833083,"parsimony":0.9999861634489138,"identity":0.9999790193355105,"lowest_identity":0.9998345447300166,"breadth_of_coverage":0.982525050813498,"L90":10,"aligned_contigs":18,"NA50":324887,"NG50":324887,"aligned_basepairs":3974979,"Ns":0},"Enterococcus_faecalis":{"assembler":"Unicycler","contiguity":0.31019346367741246,"multiplicity":0.9998436248888048,"validity":0.9999992890933772,"parsimony":0.9998443356847648,"identity":0.9999959587885858,"lowest_identity":0.999941906399591,"breadth_of_coverage":0.9888785095340115,"L90":14,"aligned_contigs":30,"NA50":234974,"NG50":185947,"aligned_basepairs":2813747,"Ns":0},"Escherichia_coli_plasmid":{"assembler":"Unicycler","contiguity":0.4999409128510004,"multiplicity":1.0,"validity":1.0,"parsimony":1.0,"identity":0.9998454461152426,"lowest_identity":0.9996908922304854,"breadth_of_coverage":0.9811102929813558,"L90":1,"aligned_contigs":2,"NA50":54997,"NG50":52932,"aligned_basepairs":107929,"Ns":0},"Escherichia_coli":{"assembler":"Unicycler","contiguity":0.06894125487835945,"multiplicity":0.999844137093731,"validity":0.9999876932669863,"parsimony":0.9998564420600154,"identity":0.9993317330192611,"lowest_identity":0.9892627057981389,"breadth_of_coverage":0.9720575292827474,"L90":44,"aligned_contigs":98,"NA50":106172,"NG50":106172,"aligned_basepairs":4632276,"Ns":0},"Lactobacillus_fermentum":{"assembler":"Unicycler","contiguity":0.060165860770794395,"multiplicity":0.9998080602284422,"validity":0.9999774150254448,"parsimony":0.9998306413780372,"identity":0.9999007552082411,"lowest_identity":0.9963333333333333,"breadth_of_coverage":0.9297004775543173,"L90":55,"aligned_contigs":79,"NA50":40540,"NG50":40235,"aligned_basepairs":1771389,"Ns":0},"Listeria_monocytogenes":{"assembler":"Unicycler","contiguity":0.2434524529615933,"multiplicity":0.9998971020507561,"validity":0.9999993139435486,"parsimony":0.9998977880370844,"identity":0.9999988519063594,"lowest_identity":0.9999926136027891,"breadth_of_coverage":0.9743237905292911,"L90":8,"aligned_contigs":17,"NA50":475179,"NG50":475179,"aligned_basepairs":2915510,"Ns":0},"Pseudomonas_aeruginosa":{"assembler":"Unicycler","contiguity":0.12480444854711123,"multiplicity":0.9999557641014214,"validity":0.9999950847068847,"parsimony":0.9999606792012635,"identity":0.9994750251450405,"lowest_identity":0.9914658634538153,"breadth_of_coverage":0.9884684636936073,"L90":25,"aligned_contigs":65,"NA50":264930,"NG50":264930,"aligned_basepairs":6714004,"Ns":0},"Salmonella_enterica":{"assembler":"Unicycler","contiguity":0.08743996003148068,"multiplicity":0.9999634261441539,"validity":0.999949227603403,"parsimony":1.0000141992616813,"identity":0.9998866646577428,"lowest_identity":0.9952070188740556,"breadth_of_coverage":0.9765497990859177,"L90":32,"aligned_contigs":70,"NA50":157800,"NG50":157800,"aligned_basepairs":4648129,"Ns":0},"Staphylococcus_aureus":{"assembler":"Unicycler","contiguity":0.3093181500525971,"multiplicity":0.9998458261547696,"validity":1.0,"parsimony":0.9998458261547696,"identity":0.999999530037147,"lowest_identity":0.9999891908543819,"breadth_of_coverage":0.9829070391866941,"L90":8,"aligned_contigs":24,"NA50":370057,"NG50":370057,"aligned_basepairs":2672308,"Ns":0},"Staphylococcus_aureus_plasmid1":{"assembler":"Unicycler","contiguity":1.0,"multiplicity":1.004734101309768,"validity":1.0,"parsimony":1.004734101309768,"identity":0.9952882048060311,"lowest_identity":0.9952882048060311,"breadth_of_coverage":1.0,"L90":0,"aligned_contigs":1,"NA50":6367,"NG50":6367,"aligned_basepairs":6337,"Ns":0},"Staphylococcus_aureus_plasmid2":{"assembler":"Unicycler","contiguity":1.0,"multiplicity":1.0,"validity":1.0,"parsimony":1.0,"identity":1.0,"lowest_identity":1.0,"breadth_of_coverage":1.0,"L90":0,"aligned_contigs":1,"NA50":2216,"NG50":2216,"aligned_basepairs":2216,"Ns":0},"Staphylococcus_aureus_plasmid3":{"assembler":"Unicycler","contiguity":1.0,"multiplicity":1.0,"validity":1.0,"parsimony":1.0,"identity":1.0,"lowest_identity":1.0,"breadth_of_coverage":1.0,"L90":0,"aligned_contigs":1,"NA50":2993,"NG50":2993,"aligned_basepairs":2993,"Ns":0}}}