{"sample_id":"ENN","ReferenceTables":{"Bacillus_subtilis":{"assembler":"MEGAHIT","contiguity":0.09791043625084257,"multiplicity":0.9999491135607347,"validity":0.9999764361773864,"parsimony":0.9999726767395078,"identity":0.9981596678712408,"lowest_identity":0.9538606403013182,"breadth_of_coverage":0.9860586991991699,"L90":14,"aligned_contigs":27,"NA50":264135,"NG50":264135,"aligned_basepairs":3989275,"Ns":0},"Enterococcus_faecalis":{"assembler":"MEGAHIT","contiguity":0.189475123287055,"multiplicity":1.0001701297522911,"validity":0.9997806889343572,"parsimony":1.0003895262453497,"identity":0.9996594841531774,"lowest_identity":0.9932287102684617,"breadth_of_coverage":0.9915596866793749,"L90":13,"aligned_contigs":32,"NA50":235316,"NG50":235316,"aligned_basepairs":2821376,"Ns":0},"Escherichia_coli_plasmid":{"assembler":"MEGAHIT","contiguity":0.18677902315307207,"multiplicity":1.0001300933884683,"validity":1.0,"parsimony":1.0001300933884683,"identity":1.0,"lowest_identity":1.0,"breadth_of_coverage":0.9782559291681439,"L90":6,"aligned_contigs":9,"NA50":15523,"NG50":12670,"aligned_basepairs":107615,"Ns":0},"Escherichia_coli":{"assembler":"MEGAHIT","contiguity":0.07228365768993968,"multiplicity":1.0004304612111983,"validity":0.9999491927107618,"parsimony":1.0004812929536266,"identity":0.9996399133144501,"lowest_identity":0.988921372518849,"breadth_of_coverage":0.9783874878972199,"L90":54,"aligned_contigs":137,"NA50":74550,"NG50":75417,"aligned_basepairs":4662441,"Ns":0},"Lactobacillus_fermentum":{"assembler":"MEGAHIT","contiguity":0.06400928341659962,"multiplicity":0.9996566298635808,"validity":0.9991163412216044,"parsimony":1.000540766495037,"identity":0.9978367632433208,"lowest_identity":0.9291389031266017,"breadth_of_coverage":0.9492010058084335,"L90":40,"aligned_contigs":82,"NA50":45302,"NG50":45302,"aligned_basepairs":1808544,"Ns":0},"Listeria_monocytogenes":{"assembler":"MEGAHIT","contiguity":0.21129737175764,"multiplicity":0.9995652297258452,"validity":0.9999870060992686,"parsimony":0.999578218145985,"identity":0.9994169904655879,"lowest_identity":0.9906498363721365,"breadth_of_coverage":0.9777234687746253,"L90":8,"aligned_contigs":19,"NA50":447841,"NG50":447841,"aligned_basepairs":2925683,"Ns":0},"Pseudomonas_aeruginosa":{"assembler":"MEGAHIT","contiguity":0.06899944496218528,"multiplicity":1.0004297097646344,"validity":0.9999992573912958,"parsimony":1.0004304526929964,"identity":0.9998275480927217,"lowest_identity":0.9890282131661442,"breadth_of_coverage":0.9908417288323742,"L90":29,"aligned_contigs":82,"NA50":244431,"NG50":244431,"aligned_basepairs":6730124,"Ns":0},"Salmonella_enterica":{"assembler":"MEGAHIT","contiguity":0.07920023463436915,"multiplicity":1.0012429958341222,"validity":0.9999347659584389,"parsimony":1.001308315222373,"identity":0.9991580136780301,"lowest_identity":0.9295824486907289,"breadth_of_coverage":0.9810111716045352,"L90":47,"aligned_contigs":103,"NA50":117581,"NG50":117581,"aligned_basepairs":4669364,"Ns":0},"Staphylococcus_aureus":{"assembler":"MEGAHIT","contiguity":0.13352054965830262,"multiplicity":0.9998511910866817,"validity":0.9994743321221846,"parsimony":1.0003770571713402,"identity":0.9995092996729464,"lowest_identity":0.9926850712150519,"breadth_of_coverage":0.9862110946821736,"L90":14,"aligned_contigs":40,"NA50":181811,"NG50":213210,"aligned_basepairs":2681291,"Ns":0},"Staphylococcus_aureus_plasmid1":{"assembler":"MEGAHIT","contiguity":0.9998421966230078,"multiplicity":1.0,"validity":1.0,"parsimony":1.0,"identity":1.0,"lowest_identity":1.0,"breadth_of_coverage":0.9998421966230078,"L90":0,"aligned_contigs":1,"NA50":6336,"NG50":6336,"aligned_basepairs":6336,"Ns":0},"Staphylococcus_aureus_plasmid2":{"assembler":"MEGAHIT","contiguity":0.9995487364620939,"multiplicity":1.0,"validity":1.0,"parsimony":1.0,"identity":1.0,"lowest_identity":1.0,"breadth_of_coverage":0.9995487364620939,"L90":0,"aligned_contigs":1,"NA50":2215,"NG50":2215,"aligned_basepairs":2215,"Ns":0},"Staphylococcus_aureus_plasmid3":{"assembler":"MEGAHIT","contiguity":0.9996658870698296,"multiplicity":1.0,"validity":1.0,"parsimony":1.0,"identity":1.0,"lowest_identity":1.0,"breadth_of_coverage":0.9996658870698296,"L90":0,"aligned_contigs":1,"NA50":2992,"NG50":2992,"aligned_basepairs":2992,"Ns":0}}}