{"sample_id":"ENN","ReferenceTables":{"Bacillus_subtilis":{"assembler":"Unicycler","contiguity":0.18989998460084678,"multiplicity":0.9999997483481573,"validity":1.0,"parsimony":0.9999997483481573,"identity":1.0,"lowest_identity":1.0,"breadth_of_coverage":0.9822197867007179,"L90":12,"aligned_contigs":22,"NA50":294271,"NG50":294271,"aligned_basepairs":3973744,"Ns":0},"Enterococcus_faecalis":{"assembler":"Unicycler","contiguity":0.2347711668550414,"multiplicity":0.9998435701278672,"validity":1.0,"parsimony":0.9998435701278672,"identity":0.9999945623489943,"lowest_identity":0.9999146061445623,"breadth_of_coverage":0.9885323357906397,"L90":9,"aligned_contigs":20,"NA50":238501,"NG50":238501,"aligned_basepairs":2812762,"Ns":0},"Escherichia_coli_plasmid":{"assembler":"Unicycler","contiguity":0.0,"multiplicity":0,"validity":0,"parsimony":0,"identity":0,"lowest_identity":0,"breadth_of_coverage":0.0,"L90":0,"aligned_contigs":0,"NA50":0,"NG50":0,"aligned_basepairs":0,"Ns":0},"Escherichia_coli":{"assembler":"Unicycler","contiguity":0.0727249606226841,"multiplicity":0.9999751870547817,"validity":1.0,"parsimony":0.9999751870547817,"identity":0.9999075000488244,"lowest_identity":0.9898770788141721,"breadth_of_coverage":0.964104423647458,"L90":57,"aligned_contigs":111,"NA50":96845,"NG50":94991,"aligned_basepairs":4594376,"Ns":0},"Lactobacillus_fermentum":{"assembler":"Unicycler","contiguity":0.06386285232030306,"multiplicity":1.0,"validity":1.0,"parsimony":1.0,"identity":1.0,"lowest_identity":1.0,"breadth_of_coverage":0.9314933400093317,"L90":51,"aligned_contigs":80,"NA50":44315,"NG50":40168,"aligned_basepairs":1774805,"Ns":0},"Listeria_monocytogenes":{"assembler":"Unicycler","contiguity":0.2434160266440133,"multiplicity":0.9999907362550041,"validity":0.9999855898041689,"parsimony":1.0000051465249977,"identity":0.9981162089752177,"lowest_identity":0.9698593436034829,"breadth_of_coverage":0.9740156706686602,"L90":8,"aligned_contigs":16,"NA50":350995,"NG50":350995,"aligned_basepairs":2914588,"Ns":0},"Pseudomonas_aeruginosa":{"assembler":"Unicycler","contiguity":0.12477809529277877,"multiplicity":1.0,"validity":1.0,"parsimony":1.0,"identity":0.9999908050966244,"lowest_identity":0.9994447529150472,"breadth_of_coverage":0.9870233042269737,"L90":25,"aligned_contigs":77,"NA50":256472,"NG50":239075,"aligned_basepairs":6704188,"Ns":0},"Salmonella_enterica":{"assembler":"Unicycler","contiguity":0.07713247723723073,"multiplicity":1.000000215621474,"validity":1.0,"parsimony":1.000000215621474,"identity":0.9997130515460523,"lowest_identity":0.9911444141689373,"breadth_of_coverage":0.9743706912091528,"L90":35,"aligned_contigs":89,"NA50":157802,"NG50":155040,"aligned_basepairs":4637757,"Ns":0},"Staphylococcus_aureus":{"assembler":"Unicycler","contiguity":0.30929902382686353,"multiplicity":0.9999662949498974,"validity":1.0,"parsimony":0.9999662949498974,"identity":0.9999913158361374,"lowest_identity":0.999787657085497,"breadth_of_coverage":0.9821401510971833,"L90":14,"aligned_contigs":25,"NA50":223263,"NG50":164016,"aligned_basepairs":2670223,"Ns":0},"Staphylococcus_aureus_plasmid1":{"assembler":"Unicycler","contiguity":0.9853242859397191,"multiplicity":1.0,"validity":1.0,"parsimony":1.0,"identity":1.0,"lowest_identity":1.0,"breadth_of_coverage":0.9853242859397191,"L90":0,"aligned_contigs":1,"NA50":6244,"NG50":6244,"aligned_basepairs":6244,"Ns":0},"Staphylococcus_aureus_plasmid2":{"assembler":"Unicycler","contiguity":0.9580324909747292,"multiplicity":1.0,"validity":1.0,"parsimony":1.0,"identity":1.0,"lowest_identity":1.0,"breadth_of_coverage":0.9580324909747292,"L90":0,"aligned_contigs":1,"NA50":2123,"NG50":2123,"aligned_basepairs":2123,"Ns":0},"Staphylococcus_aureus_plasmid3":{"assembler":"Unicycler","contiguity":0.9689274974941531,"multiplicity":1.0,"validity":1.0,"parsimony":1.0,"identity":1.0,"lowest_identity":1.0,"breadth_of_coverage":0.9689274974941531,"L90":0,"aligned_contigs":1,"NA50":2900,"NG50":2900,"aligned_basepairs":2900,"Ns":0}}}