{"sample_id":"ENN","ReferenceTables":{"Bacillus_subtilis":{"assembler":"SKESA","contiguity":0.0977828927025069,"multiplicity":1.0,"validity":1.0,"parsimony":1.0,"identity":1.0,"lowest_identity":1.0,"breadth_of_coverage":0.9806675125077954,"L90":17,"aligned_contigs":30,"NA50":256909,"NG50":256909,"aligned_basepairs":3967464,"Ns":0},"Enterococcus_faecalis":{"assembler":"SKESA","contiguity":0.13570678486479193,"multiplicity":1.0,"validity":0.9961595835959001,"parsimony":1.0038552220621488,"identity":0.9957455586108757,"lowest_identity":0.7787690477655407,"breadth_of_coverage":0.9833523816753544,"L90":30,"aligned_contigs":52,"NA50":88301,"NG50":87934,"aligned_basepairs":2798023,"Ns":0},"Escherichia_coli_plasmid":{"assembler":"SKESA","contiguity":0.015817175270664594,"multiplicity":1.0,"validity":1.0,"parsimony":1.0,"identity":1.0,"lowest_identity":1.0,"breadth_of_coverage":0.14013653676584217,"L90":0,"aligned_contigs":12,"NA50":1421,"NG50":0,"aligned_basepairs":15416,"Ns":0},"Escherichia_coli":{"assembler":"SKESA","contiguity":0.027376310321368422,"multiplicity":1.0026428603849196,"validity":0.9930183584879314,"parsimony":1.00969216914745,"identity":0.9947097253255685,"lowest_identity":0.47489663319551095,"breadth_of_coverage":0.9570144083414018,"L90":152,"aligned_contigs":270,"NA50":34752,"NG50":34302,"aligned_basepairs":4560589,"Ns":0},"Lactobacillus_fermentum":{"assembler":"SKESA","contiguity":0.06386022810710779,"multiplicity":1.0,"validity":1.0,"parsimony":1.0,"identity":1.0,"lowest_identity":1.0,"breadth_of_coverage":0.9314035919180532,"L90":64,"aligned_contigs":94,"NA50":37086,"NG50":33086,"aligned_basepairs":1774634,"Ns":0},"Listeria_monocytogenes":{"assembler":"SKESA","contiguity":0.21066575946198662,"multiplicity":1.0,"validity":1.0,"parsimony":1.0,"identity":1.0,"lowest_identity":1.0,"breadth_of_coverage":0.9724894413806978,"L90":12,"aligned_contigs":24,"NA50":351009,"NG50":351009,"aligned_basepairs":2910021,"Ns":0},"Pseudomonas_aeruginosa":{"assembler":"SKESA","contiguity":0.006355403815774557,"multiplicity":0.9999485141205754,"validity":0.9968509659794362,"parsimony":1.0031073332392226,"identity":0.9988216307737822,"lowest_identity":0.25073449822174115,"breadth_of_coverage":0.9636581261511146,"L90":670,"aligned_contigs":933,"NA50":10114,"NG50":9897,"aligned_basepairs":6545484,"Ns":0},"Salmonella_enterica":{"assembler":"SKESA","contiguity":0.031121828769854525,"multiplicity":1.001434366770868,"validity":0.9916939310528184,"parsimony":1.0098220180774011,"identity":0.9963459137322415,"lowest_identity":0.2217846961586579,"breadth_of_coverage":0.9593946819851311,"L90":144,"aligned_contigs":245,"NA50":37980,"NG50":37661,"aligned_basepairs":4566475,"Ns":0},"Staphylococcus_aureus":{"assembler":"SKESA","contiguity":0.06460691927997117,"multiplicity":1.0000180993700665,"validity":1.0,"parsimony":1.0000180993700665,"identity":0.9999997114012106,"lowest_identity":0.9999789322883749,"breadth_of_coverage":0.9754470755265229,"L90":43,"aligned_contigs":73,"NA50":53048,"NG50":53048,"aligned_basepairs":2652026,"Ns":0},"Staphylococcus_aureus_plasmid1":{"assembler":"SKESA","contiguity":0.941612750512861,"multiplicity":1.0,"validity":1.0,"parsimony":1.0,"identity":1.0,"lowest_identity":1.0,"breadth_of_coverage":0.941612750512861,"L90":0,"aligned_contigs":1,"NA50":5967,"NG50":5967,"aligned_basepairs":5967,"Ns":0},"Staphylococcus_aureus_plasmid2":{"assembler":"SKESA","contiguity":0.6588447653429603,"multiplicity":1.0,"validity":1.0,"parsimony":1.0,"identity":1.0,"lowest_identity":1.0,"breadth_of_coverage":0.6588447653429603,"L90":0,"aligned_contigs":1,"NA50":1460,"NG50":1460,"aligned_basepairs":1460,"Ns":0},"Staphylococcus_aureus_plasmid3":{"assembler":"SKESA","contiguity":0.7049782826595389,"multiplicity":1.0,"validity":1.0,"parsimony":1.0,"identity":1.0,"lowest_identity":1.0,"breadth_of_coverage":0.7049782826595389,"L90":0,"aligned_contigs":1,"NA50":2110,"NG50":2110,"aligned_basepairs":2110,"Ns":0}}}