{"sample_id":"ERR2935805","ReferenceTables":{"Bacillus_subtilis":{"assembler":"MINIA","contiguity":0.018236255637807963,"multiplicity":1.0008817695664185,"validity":0.9999526070674774,"parsimony":1.0009292065367639,"identity":0.9996817083997048,"lowest_identity":0.9823911028730306,"breadth_of_coverage":0.9743914306554873,"L90":173,"aligned_contigs":276,"NA50":24408,"NG50":24106,"aligned_basepairs":3942073,"Ns":0},"Enterococcus_faecalis":{"assembler":"MINIA","contiguity":0.00425143530311465,"multiplicity":1.0,"validity":1.0,"parsimony":1.0,"identity":1.0,"lowest_identity":1.0,"breadth_of_coverage":0.00903566187013951,"L90":0,"aligned_contigs":3,"NA50":7689,"NG50":0,"aligned_basepairs":25710,"Ns":0},"Escherichia_coli_plasmid":{"assembler":"MINIA","contiguity":0.0,"multiplicity":0,"validity":0,"parsimony":0,"identity":0,"lowest_identity":0,"breadth_of_coverage":0.0,"L90":0,"aligned_contigs":0,"NA50":0,"NG50":0,"aligned_basepairs":0,"Ns":0},"Escherichia_coli":{"assembler":"MINIA","contiguity":0.0,"multiplicity":0,"validity":0,"parsimony":0,"identity":0,"lowest_identity":0,"breadth_of_coverage":0.0,"L90":0,"aligned_contigs":0,"NA50":0,"NG50":0,"aligned_basepairs":0,"Ns":0},"Lactobacillus_fermentum":{"assembler":"MINIA","contiguity":0.0,"multiplicity":0,"validity":0,"parsimony":0,"identity":0,"lowest_identity":0,"breadth_of_coverage":0.0,"L90":0,"aligned_contigs":0,"NA50":0,"NG50":0,"aligned_basepairs":0,"Ns":0},"Listeria_monocytogenes":{"assembler":"MINIA","contiguity":0.009597165029933076,"multiplicity":1.0033993896002098,"validity":0.987817743692286,"parsimony":1.015773806461182,"identity":0.99830622750947,"lowest_identity":0.00666704655535928,"breadth_of_coverage":0.9417884052023465,"L90":467,"aligned_contigs":589,"NA50":6641,"NG50":6524,"aligned_basepairs":2818153,"Ns":0},"Pseudomonas_aeruginosa":{"assembler":"MINIA","contiguity":0.024077599292142756,"multiplicity":1.0009416177001331,"validity":0.9999439870394626,"parsimony":1.0009976865440475,"identity":0.9998915966679404,"lowest_identity":0.9958454507685917,"breadth_of_coverage":0.9557867476992431,"L90":325,"aligned_contigs":496,"NA50":22511,"NG50":21863,"aligned_basepairs":6492019,"Ns":0},"Salmonella_enterica":{"assembler":"MINIA","contiguity":0.0002756449608865683,"multiplicity":1.0,"validity":0.9992383853769993,"parsimony":1.0007621951219512,"identity":0.9992383853769993,"lowest_identity":0.9992383853769993,"breadth_of_coverage":0.0002756449608865683,"L90":0,"aligned_contigs":1,"NA50":1313,"NG50":0,"aligned_basepairs":1312,"Ns":0},"Staphylococcus_aureus":{"assembler":"MINIA","contiguity":0.0,"multiplicity":0,"validity":0,"parsimony":0,"identity":0,"lowest_identity":0,"breadth_of_coverage":0.0,"L90":0,"aligned_contigs":0,"NA50":0,"NG50":0,"aligned_basepairs":0,"Ns":0},"Staphylococcus_aureus_plasmid1":{"assembler":"MINIA","contiguity":0.0,"multiplicity":0,"validity":0,"parsimony":0,"identity":0,"lowest_identity":0,"breadth_of_coverage":0.0,"L90":0,"aligned_contigs":0,"NA50":0,"NG50":0,"aligned_basepairs":0,"Ns":0},"Staphylococcus_aureus_plasmid2":{"assembler":"MINIA","contiguity":0.0,"multiplicity":0,"validity":0,"parsimony":0,"identity":0,"lowest_identity":0,"breadth_of_coverage":0.0,"L90":0,"aligned_contigs":0,"NA50":0,"NG50":0,"aligned_basepairs":0,"Ns":0},"Staphylococcus_aureus_plasmid3":{"assembler":"MINIA","contiguity":0.0,"multiplicity":0,"validity":0,"parsimony":0,"identity":0,"lowest_identity":0,"breadth_of_coverage":0.0,"L90":0,"aligned_contigs":0,"NA50":0,"NG50":0,"aligned_basepairs":0,"Ns":0}}}