{"sample_id":"ERR2935805","ReferenceTables":{"Bacillus_subtilis":{"assembler":"MEGAHIT","contiguity":0.18999242895564822,"multiplicity":1.0001155147046452,"validity":0.9998516278756827,"parsimony":1.000263925988222,"identity":0.9988891117710738,"lowest_identity":0.9806072375154171,"breadth_of_coverage":0.9843042338772967,"L90":13,"aligned_contigs":27,"NA50":263503,"NG50":263503,"aligned_basepairs":3982177,"Ns":0},"Enterococcus_faecalis":{"assembler":"MEGAHIT","contiguity":0.0,"multiplicity":0,"validity":0,"parsimony":0,"identity":0,"lowest_identity":0,"breadth_of_coverage":0.0,"L90":0,"aligned_contigs":0,"NA50":0,"NG50":0,"aligned_basepairs":0,"Ns":0},"Escherichia_coli_plasmid":{"assembler":"MEGAHIT","contiguity":0.013653676584217367,"multiplicity":1.0,"validity":0.9993346640053227,"parsimony":1.0006657789613849,"identity":0.9833666001330672,"lowest_identity":0.9833666001330672,"breadth_of_coverage":0.013653676584217367,"L90":0,"aligned_contigs":1,"NA50":1503,"NG50":0,"aligned_basepairs":1502,"Ns":0},"Escherichia_coli":{"assembler":"MEGAHIT","contiguity":0.0003179143809357133,"multiplicity":1.0,"validity":0.9881058844571633,"parsimony":1.012037288442393,"identity":0.9753011801724659,"lowest_identity":0.9142300194931774,"breadth_of_coverage":0.002318571613834123,"L90":0,"aligned_contigs":10,"NA50":1040,"NG50":0,"aligned_basepairs":11049,"Ns":0},"Lactobacillus_fermentum":{"assembler":"MEGAHIT","contiguity":0.0,"multiplicity":0,"validity":0,"parsimony":0,"identity":0,"lowest_identity":0,"breadth_of_coverage":0.0,"L90":0,"aligned_contigs":0,"NA50":0,"NG50":0,"aligned_basepairs":0,"Ns":0},"Listeria_monocytogenes":{"assembler":"MEGAHIT","contiguity":0.13079420734662014,"multiplicity":1.0459207595332378,"validity":0.9998673722933944,"parsimony":1.046059496005166,"identity":0.9306269269742006,"lowest_identity":0.16557911908646003,"breadth_of_coverage":0.990010834323082,"L90":9,"aligned_contigs":26,"NA50":269400,"NG50":274574,"aligned_basepairs":2962451,"Ns":0},"Pseudomonas_aeruginosa":{"assembler":"MEGAHIT","contiguity":0.07592019233458916,"multiplicity":1.0007020396098139,"validity":1.0005647000731914,"parsimony":1.000137262024747,"identity":0.9987640523045044,"lowest_identity":0.9744011272898074,"breadth_of_coverage":0.9921390745149308,"L90":28,"aligned_contigs":75,"NA50":258176,"NG50":258176,"aligned_basepairs":6738936,"Ns":0},"Salmonella_enterica":{"assembler":"MEGAHIT","contiguity":0.0007653769759982991,"multiplicity":1.0,"validity":0.9696482077460881,"parsimony":1.031301859799714,"identity":0.9712796346851487,"lowest_identity":0.848968105065666,"breadth_of_coverage":0.0036714143990036444,"L90":0,"aligned_contigs":13,"NA50":1146,"NG50":0,"aligned_basepairs":17475,"Ns":0},"Staphylococcus_aureus":{"assembler":"MEGAHIT","contiguity":0.0,"multiplicity":0,"validity":0,"parsimony":0,"identity":0,"lowest_identity":0,"breadth_of_coverage":0.0,"L90":0,"aligned_contigs":0,"NA50":0,"NG50":0,"aligned_basepairs":0,"Ns":0},"Staphylococcus_aureus_plasmid1":{"assembler":"MEGAHIT","contiguity":0.0,"multiplicity":0,"validity":0,"parsimony":0,"identity":0,"lowest_identity":0,"breadth_of_coverage":0.0,"L90":0,"aligned_contigs":0,"NA50":0,"NG50":0,"aligned_basepairs":0,"Ns":0},"Staphylococcus_aureus_plasmid2":{"assembler":"MEGAHIT","contiguity":0.0,"multiplicity":0,"validity":0,"parsimony":0,"identity":0,"lowest_identity":0,"breadth_of_coverage":0.0,"L90":0,"aligned_contigs":0,"NA50":0,"NG50":0,"aligned_basepairs":0,"Ns":0},"Staphylococcus_aureus_plasmid3":{"assembler":"MEGAHIT","contiguity":0.0,"multiplicity":0,"validity":0,"parsimony":0,"identity":0,"lowest_identity":0,"breadth_of_coverage":0.0,"L90":0,"aligned_contigs":0,"NA50":0,"NG50":0,"aligned_basepairs":0,"Ns":0}}}