{"LHS":{"assembler":"VelvetOptimiser","mapped_reads_original":11.886118892422884,"mapped_reads_filtered":3.705464011203082}}