{"LHS":{"assembler":"GATBMiniaPipeline","mapped_reads_original":97.48105432467831,"mapped_reads_filtered":97.03401984489558}}