{"LHS":{"assembler":"MEGAHIT","mapped_reads_original":98.2067964928988,"mapped_reads_filtered":97.58873413235405}}