{"LHS":{"assembler":"MINIA","mapped_reads_original":91.15537887253015,"mapped_reads_filtered":81.99466338321234}}