{"LHS":{"assembler":"SPAdes","mapped_reads_original":99.31499577944325,"mapped_reads_filtered":77.13668089463427}}