{"LHS":{"assembler":"BCALM2","mapped_reads_original":8.657285314820752,"mapped_reads_filtered":0.0018752919559884658}}