{"LHS":{"assembler":"SKESA","mapped_reads_original":92.34717185903023,"mapped_reads_filtered":92.09406180126037}}