{"LNN":{"assembler":"MINIA","mapped_reads_original":99.05952958562612,"mapped_reads_filtered":97.55813990438979}}