{"LNN":{"assembler":"GATBMiniaPipeline","mapped_reads_original":100.01888671965484,"mapped_reads_filtered":98.99704703190413}}