{"LNN":{"assembler":"ABySS","mapped_reads_original":101.17458294928525,"mapped_reads_filtered":99.93448603787647}}