{"LNN":{"assembler":"IDBA-UD","mapped_reads_original":99.89759484294294,"mapped_reads_filtered":99.0427314018286}}