{"LNN":{"assembler":"VelvetOptimiser","mapped_reads_original":97.28976618266155,"mapped_reads_filtered":95.07042609810993}}