{"LNN":{"assembler":"BCALM2","mapped_reads_original":98.33987532172651,"mapped_reads_filtered":97.22871988933393}}