{"sample_id":"ERR2935805","ReferenceTables":{"Bacillus_subtilis":{"assembler":"metaSPAdes","contiguity":0.040758814902919834,"multiplicity":1.000994640871961,"validity":1.000105135517922,"parsimony":1.000889411845264,"identity":0.9998637819725362,"lowest_identity":0.99335232668566,"breadth_of_coverage":0.9818598963782823,"L90":56,"aligned_contigs":107,"NA50":61490,"NG50":62046,"aligned_basepairs":3972288,"Ns":0},"Enterococcus_faecalis":{"assembler":"metaSPAdes","contiguity":0.0,"multiplicity":0,"validity":0,"parsimony":0,"identity":0,"lowest_identity":0,"breadth_of_coverage":0.0,"L90":0,"aligned_contigs":0,"NA50":0,"NG50":0,"aligned_basepairs":0,"Ns":0},"Escherichia_coli_plasmid":{"assembler":"metaSPAdes","contiguity":0.0,"multiplicity":0,"validity":0,"parsimony":0,"identity":0,"lowest_identity":0,"breadth_of_coverage":0.0,"L90":0,"aligned_contigs":0,"NA50":0,"NG50":0,"aligned_basepairs":0,"Ns":0},"Escherichia_coli":{"assembler":"metaSPAdes","contiguity":0.00032840660472897116,"multiplicity":1.0,"validity":0.9275954814416353,"parsimony":1.078056135467409,"identity":0.9176401752921148,"lowest_identity":0.5241779497098646,"breadth_of_coverage":0.0018092790709093862,"L90":0,"aligned_contigs":8,"NA50":1151,"NG50":0,"aligned_basepairs":8622,"Ns":0},"Lactobacillus_fermentum":{"assembler":"metaSPAdes","contiguity":0.0007158853596720364,"multiplicity":1.0,"validity":0.9948942377826404,"parsimony":1.0051319648093842,"identity":0.9934354485776805,"lowest_identity":0.9934354485776805,"breadth_of_coverage":0.0007158853596720364,"L90":0,"aligned_contigs":1,"NA50":1371,"NG50":0,"aligned_basepairs":1364,"Ns":0},"Listeria_monocytogenes":{"assembler":"metaSPAdes","contiguity":0.1490107080006229,"multiplicity":1.0003809927834293,"validity":0.9999908840481309,"parsimony":1.0003901122915433,"identity":0.9992572356706747,"lowest_identity":0.9899861878453039,"breadth_of_coverage":0.9894209953274058,"L90":12,"aligned_contigs":27,"NA50":254438,"NG50":254438,"aligned_basepairs":2960686,"Ns":0},"Pseudomonas_aeruginosa":{"assembler":"metaSPAdes","contiguity":0.09158963124583169,"multiplicity":1.000254993688275,"validity":1.000015144507555,"parsimony":1.0002398455483774,"identity":0.9986999855512567,"lowest_identity":0.9769463340891912,"breadth_of_coverage":0.9913387600425775,"L90":33,"aligned_contigs":68,"NA50":189098,"NG50":189098,"aligned_basepairs":6733500,"Ns":0},"Salmonella_enterica":{"assembler":"metaSPAdes","contiguity":0.0003645152493431372,"multiplicity":1.0,"validity":0.8674271313459562,"parsimony":1.1528345884781528,"identity":0.9117490141796825,"lowest_identity":0.07818532818532818,"breadth_of_coverage":0.005495881502920534,"L90":0,"aligned_contigs":23,"NA50":1223,"NG50":0,"aligned_basepairs":26159,"Ns":0},"Staphylococcus_aureus":{"assembler":"metaSPAdes","contiguity":0.0,"multiplicity":0,"validity":0,"parsimony":0,"identity":0,"lowest_identity":0,"breadth_of_coverage":0.0,"L90":0,"aligned_contigs":0,"NA50":0,"NG50":0,"aligned_basepairs":0,"Ns":0},"Staphylococcus_aureus_plasmid1":{"assembler":"metaSPAdes","contiguity":0.0,"multiplicity":0,"validity":0,"parsimony":0,"identity":0,"lowest_identity":0,"breadth_of_coverage":0.0,"L90":0,"aligned_contigs":0,"NA50":0,"NG50":0,"aligned_basepairs":0,"Ns":0},"Staphylococcus_aureus_plasmid2":{"assembler":"metaSPAdes","contiguity":0.0,"multiplicity":0,"validity":0,"parsimony":0,"identity":0,"lowest_identity":0,"breadth_of_coverage":0.0,"L90":0,"aligned_contigs":0,"NA50":0,"NG50":0,"aligned_basepairs":0,"Ns":0},"Staphylococcus_aureus_plasmid3":{"assembler":"metaSPAdes","contiguity":0.0,"multiplicity":0,"validity":0,"parsimony":0,"identity":0,"lowest_identity":0,"breadth_of_coverage":0.0,"L90":0,"aligned_contigs":0,"NA50":0,"NG50":0,"aligned_basepairs":0,"Ns":0}}}