{"sample_id":"ERR2935805","ReferenceTables":{"Bacillus_subtilis":{"assembler":"MINIA","contiguity":0.018236255637807963,"multiplicity":1.0008779858431442,"validity":0.9999500714080243,"parsimony":1.0009279607668944,"identity":0.9996714952459186,"lowest_identity":0.9823911028730306,"breadth_of_coverage":0.9743677016232388,"L90":185,"aligned_contigs":275,"NA50":24189,"NG50":23529,"aligned_basepairs":3941977,"Ns":0},"Enterococcus_faecalis":{"assembler":"MINIA","contiguity":0.00425143530311465,"multiplicity":1.001217236062647,"validity":1.0,"parsimony":1.001217236062647,"identity":1.0,"lowest_identity":1.0,"breadth_of_coverage":0.008661723938213083,"L90":0,"aligned_contigs":4,"NA50":5924,"NG50":0,"aligned_basepairs":24646,"Ns":0},"Escherichia_coli_plasmid":{"assembler":"MINIA","contiguity":0.0,"multiplicity":0,"validity":0,"parsimony":0,"identity":0,"lowest_identity":0,"breadth_of_coverage":0.0,"L90":0,"aligned_contigs":0,"NA50":0,"NG50":0,"aligned_basepairs":0,"Ns":0},"Escherichia_coli":{"assembler":"MINIA","contiguity":0.0,"multiplicity":0,"validity":0,"parsimony":0,"identity":0,"lowest_identity":0,"breadth_of_coverage":0.0,"L90":0,"aligned_contigs":0,"NA50":0,"NG50":0,"aligned_basepairs":0,"Ns":0},"Lactobacillus_fermentum":{"assembler":"MINIA","contiguity":0.0,"multiplicity":0,"validity":0,"parsimony":0,"identity":0,"lowest_identity":0,"breadth_of_coverage":0.0,"L90":0,"aligned_contigs":0,"NA50":0,"NG50":0,"aligned_basepairs":0,"Ns":0},"Listeria_monocytogenes":{"assembler":"MINIA","contiguity":0.009597165029933076,"multiplicity":1.003398142797906,"validity":0.9878221424480731,"parsimony":1.0157680210642288,"identity":0.9983033469440098,"lowest_identity":0.00666704655535928,"breadth_of_coverage":0.9421339539397569,"L90":465,"aligned_contigs":588,"NA50":6705,"NG50":6537,"aligned_basepairs":2819187,"Ns":0},"Pseudomonas_aeruginosa":{"assembler":"MINIA","contiguity":0.024077599292142756,"multiplicity":1.000937682045669,"validity":0.9999475134294817,"parsimony":1.00099022058947,"identity":0.9999014894617916,"lowest_identity":0.9958454507685917,"breadth_of_coverage":0.955559138027746,"L90":324,"aligned_contigs":494,"NA50":22511,"NG50":21863,"aligned_basepairs":6490473,"Ns":0},"Salmonella_enterica":{"assembler":"MINIA","contiguity":0.0002756449608865683,"multiplicity":1.0,"validity":0.9992383853769993,"parsimony":1.0007621951219512,"identity":0.9992383853769993,"lowest_identity":0.9992383853769993,"breadth_of_coverage":0.0002756449608865683,"L90":0,"aligned_contigs":1,"NA50":1313,"NG50":0,"aligned_basepairs":1312,"Ns":0},"Staphylococcus_aureus":{"assembler":"MINIA","contiguity":0.0,"multiplicity":0,"validity":0,"parsimony":0,"identity":0,"lowest_identity":0,"breadth_of_coverage":0.0,"L90":0,"aligned_contigs":0,"NA50":0,"NG50":0,"aligned_basepairs":0,"Ns":0},"Staphylococcus_aureus_plasmid1":{"assembler":"MINIA","contiguity":0.0,"multiplicity":0,"validity":0,"parsimony":0,"identity":0,"lowest_identity":0,"breadth_of_coverage":0.0,"L90":0,"aligned_contigs":0,"NA50":0,"NG50":0,"aligned_basepairs":0,"Ns":0},"Staphylococcus_aureus_plasmid2":{"assembler":"MINIA","contiguity":0.0,"multiplicity":0,"validity":0,"parsimony":0,"identity":0,"lowest_identity":0,"breadth_of_coverage":0.0,"L90":0,"aligned_contigs":0,"NA50":0,"NG50":0,"aligned_basepairs":0,"Ns":0},"Staphylococcus_aureus_plasmid3":{"assembler":"MINIA","contiguity":0.0,"multiplicity":0,"validity":0,"parsimony":0,"identity":0,"lowest_identity":0,"breadth_of_coverage":0.0,"L90":0,"aligned_contigs":0,"NA50":0,"NG50":0,"aligned_basepairs":0,"Ns":0}}}