{"sample_id":"ERR2935805","ReferenceTables":{"Bacillus_subtilis":{"assembler":"SPAdes","contiguity":0.17512075234874164,"multiplicity":1.000109699002041,"validity":1.000213381646159,"parsimony":0.9998963394751356,"identity":0.9992578418262026,"lowest_identity":0.9838391801340165,"breadth_of_coverage":0.9824096189587058,"L90":17,"aligned_contigs":34,"NA50":256985,"NG50":256985,"aligned_basepairs":3974512,"Ns":0},"Enterococcus_faecalis":{"assembler":"SPAdes","contiguity":0.000568287251809241,"multiplicity":1.1911238992065567,"validity":0.6904376832103507,"parsimony":1.7251722033307175,"identity":0.727440004242747,"lowest_identity":0.24019138755980862,"breadth_of_coverage":0.00403072757637612,"L90":0,"aligned_contigs":7,"NA50":2063,"NG50":0,"aligned_basepairs":11469,"Ns":0},"Escherichia_coli_plasmid":{"assembler":"SPAdes","contiguity":0.013735489559755289,"multiplicity":1.0,"validity":1.0006622516556292,"parsimony":0.99933818663137,"identity":0.9735099337748344,"lowest_identity":0.9735099337748344,"breadth_of_coverage":0.013735489559755289,"L90":0,"aligned_contigs":1,"NA50":1510,"NG50":0,"aligned_basepairs":1511,"Ns":0},"Escherichia_coli":{"assembler":"SPAdes","contiguity":0.00045242468996527913,"multiplicity":1.0,"validity":0.8587927272727273,"parsimony":1.1644253243453813,"identity":0.8677546717461232,"lowest_identity":0.217828418230563,"breadth_of_coverage":0.006194818772015309,"L90":0,"aligned_contigs":26,"NA50":1167,"NG50":0,"aligned_basepairs":29521,"Ns":0},"Lactobacillus_fermentum":{"assembler":"SPAdes","contiguity":0.0007153605170329806,"multiplicity":1.0,"validity":0.9680397727272727,"parsimony":1.033015407190022,"identity":0.9375,"lowest_identity":0.9375,"breadth_of_coverage":0.0007153605170329806,"L90":0,"aligned_contigs":1,"NA50":1408,"NG50":0,"aligned_basepairs":1363,"Ns":0},"Listeria_monocytogenes":{"assembler":"SPAdes","contiguity":0.0020138072452948225,"multiplicity":1.3815120159897443,"validity":0.9995587002866735,"parsimony":1.3821219460083,"identity":0.9993850449433181,"lowest_identity":0.4963579604578564,"breadth_of_coverage":0.6350270122866972,"L90":0,"aligned_contigs":1277,"NA50":2172,"NG50":1960,"aligned_basepairs":1900218,"Ns":0},"Pseudomonas_aeruginosa":{"assembler":"SPAdes","contiguity":0.12480003180057506,"multiplicity":1.000139040169793,"validity":1.0000433620779703,"parsimony":1.0000956739432016,"identity":0.9993202065510903,"lowest_identity":0.9930939226519337,"breadth_of_coverage":0.9879218176973145,"L90":31,"aligned_contigs":74,"NA50":264371,"NG50":264371,"aligned_basepairs":6710291,"Ns":0},"Salmonella_enterica":{"assembler":"SPAdes","contiguity":0.00039245791687203476,"multiplicity":1.0,"validity":0.8599649219975999,"parsimony":1.1628381279519107,"identity":0.8930078737711814,"lowest_identity":0.06445623342175066,"breadth_of_coverage":0.009786236492451488,"L90":0,"aligned_contigs":41,"NA50":1188,"NG50":0,"aligned_basepairs":46580,"Ns":0},"Staphylococcus_aureus":{"assembler":"SPAdes","contiguity":0.0,"multiplicity":0,"validity":0,"parsimony":0,"identity":0,"lowest_identity":0,"breadth_of_coverage":0.0,"L90":0,"aligned_contigs":0,"NA50":0,"NG50":0,"aligned_basepairs":0,"Ns":0},"Staphylococcus_aureus_plasmid1":{"assembler":"SPAdes","contiguity":0.0,"multiplicity":0,"validity":0,"parsimony":0,"identity":0,"lowest_identity":0,"breadth_of_coverage":0.0,"L90":0,"aligned_contigs":0,"NA50":0,"NG50":0,"aligned_basepairs":0,"Ns":0},"Staphylococcus_aureus_plasmid2":{"assembler":"SPAdes","contiguity":0.0,"multiplicity":0,"validity":0,"parsimony":0,"identity":0,"lowest_identity":0,"breadth_of_coverage":0.0,"L90":0,"aligned_contigs":0,"NA50":0,"NG50":0,"aligned_basepairs":0,"Ns":0},"Staphylococcus_aureus_plasmid3":{"assembler":"SPAdes","contiguity":0.0,"multiplicity":0,"validity":0,"parsimony":0,"identity":0,"lowest_identity":0,"breadth_of_coverage":0.0,"L90":0,"aligned_contigs":0,"NA50":0,"NG50":0,"aligned_basepairs":0,"Ns":0}}}