{"sample_id":"ENN","ReferenceTables":{"Bacillus_subtilis":{"assembler":"BCALM2","contiguity":0.032648182244899925,"multiplicity":1.0002791010264744,"validity":1.0,"parsimony":1.0002791010264744,"identity":1.0,"lowest_identity":1.0,"breadth_of_coverage":0.9768387342835327,"L90":66,"aligned_contigs":116,"NA50":65138,"NG50":64934,"aligned_basepairs":3951974,"Ns":0},"Enterococcus_faecalis":{"assembler":"BCALM2","contiguity":0.045908612943313255,"multiplicity":1.0007220281804095,"validity":1.0,"parsimony":1.0007220281804095,"identity":1.0,"lowest_identity":1.0,"breadth_of_coverage":0.9730082884888971,"L90":103,"aligned_contigs":166,"NA50":30453,"NG50":30452,"aligned_basepairs":2768590,"Ns":0},"Escherichia_coli_plasmid":{"assembler":"BCALM2","contiguity":0.06264146827020099,"multiplicity":1.0024820163637362,"validity":1.0,"parsimony":1.0024820163637362,"identity":1.0,"lowest_identity":1.0,"breadth_of_coverage":0.8277200541783705,"L90":0,"aligned_contigs":33,"NA50":3190,"NG50":3109,"aligned_basepairs":91055,"Ns":0},"Escherichia_coli":{"assembler":"BCALM2","contiguity":0.011346290810029054,"multiplicity":1.0022833680754295,"validity":1.0,"parsimony":1.0022833680754295,"identity":1.0,"lowest_identity":1.0,"breadth_of_coverage":0.790443011066778,"L90":0,"aligned_contigs":1120,"NA50":4465,"NG50":3200,"aligned_basepairs":3766804,"Ns":0},"Lactobacillus_fermentum":{"assembler":"BCALM2","contiguity":0.03464433776143068,"multiplicity":1.0007045535778112,"validity":1.0,"parsimony":1.0007045535778112,"identity":1.0,"lowest_identity":1.0,"breadth_of_coverage":0.9177529597188523,"L90":208,"aligned_contigs":236,"NA50":11209,"NG50":10234,"aligned_basepairs":1748625,"Ns":0},"Listeria_monocytogenes":{"assembler":"BCALM2","contiguity":0.054075369727123436,"multiplicity":1.0005841474258987,"validity":1.0,"parsimony":1.0005841474258987,"identity":1.0,"lowest_identity":1.0,"breadth_of_coverage":0.9628317886123979,"L90":75,"aligned_contigs":126,"NA50":46368,"NG50":44353,"aligned_basepairs":2881122,"Ns":0},"Pseudomonas_aeruginosa":{"assembler":"BCALM2","contiguity":0.015603629387853653,"multiplicity":1.0010370799073756,"validity":1.0,"parsimony":1.0010370799073756,"identity":1.0,"lowest_identity":1.0,"breadth_of_coverage":0.9585205665802456,"L90":340,"aligned_contigs":523,"NA50":21972,"NG50":21139,"aligned_basepairs":6510588,"Ns":0},"Salmonella_enterica":{"assembler":"BCALM2","contiguity":0.011955679987965744,"multiplicity":1.0023236531914865,"validity":1.0,"parsimony":1.0023236531914865,"identity":1.0,"lowest_identity":1.0,"breadth_of_coverage":0.801989223794715,"L90":0,"aligned_contigs":1079,"NA50":5009,"NG50":3551,"aligned_basepairs":3817265,"Ns":0},"Staphylococcus_aureus":{"assembler":"BCALM2","contiguity":0.033342896446200136,"multiplicity":1.0005768292312442,"validity":1.0,"parsimony":1.0005768292312442,"identity":1.0,"lowest_identity":1.0,"breadth_of_coverage":0.9564668711701572,"L90":112,"aligned_contigs":175,"NA50":29647,"NG50":29165,"aligned_basepairs":2600423,"Ns":0},"Staphylococcus_aureus_plasmid1":{"assembler":"BCALM2","contiguity":0.9998421966230078,"multiplicity":1.0,"validity":1.0,"parsimony":1.0,"identity":1.0,"lowest_identity":1.0,"breadth_of_coverage":0.9998421966230078,"L90":0,"aligned_contigs":1,"NA50":6336,"NG50":6336,"aligned_basepairs":6336,"Ns":0},"Staphylococcus_aureus_plasmid2":{"assembler":"BCALM2","contiguity":0.0,"multiplicity":0,"validity":0,"parsimony":0,"identity":0,"lowest_identity":0,"breadth_of_coverage":0.0,"L90":0,"aligned_contigs":0,"NA50":0,"NG50":0,"aligned_basepairs":0,"Ns":0},"Staphylococcus_aureus_plasmid3":{"assembler":"BCALM2","contiguity":0.0,"multiplicity":0,"validity":0,"parsimony":0,"identity":0,"lowest_identity":0,"breadth_of_coverage":0.0,"L90":0,"aligned_contigs":0,"NA50":0,"NG50":0,"aligned_basepairs":0,"Ns":0}}}