{"sample_id":"ENN","ReferenceTables":{"Bacillus_subtilis":{"assembler":"VelvetOptimiser","contiguity":0.060170399169286126,"multiplicity":1.0002642904635655,"validity":1.0,"parsimony":1.0002642904635655,"identity":1.0,"lowest_identity":1.0,"breadth_of_coverage":0.9773353137188164,"L90":60,"aligned_contigs":109,"NA50":69914,"NG50":69010,"aligned_basepairs":3953983,"Ns":0},"Enterococcus_faecalis":{"assembler":"VelvetOptimiser","contiguity":0.045908612943313255,"multiplicity":1.000629685639586,"validity":1.0,"parsimony":1.000629685639586,"identity":0.9999916685065381,"lowest_identity":0.9986919555264879,"breadth_of_coverage":0.961655195488003,"L90":101,"aligned_contigs":157,"NA50":30453,"NG50":30453,"aligned_basepairs":2736286,"Ns":0},"Escherichia_coli_plasmid":{"assembler":"VelvetOptimiser","contiguity":0.23987564427718236,"multiplicity":1.0035668718626893,"validity":1.0,"parsimony":1.0035668718626893,"identity":0.9930753695559017,"lowest_identity":0.9841297987410231,"breadth_of_coverage":0.9760924304816966,"L90":4,"aligned_contigs":6,"NA50":21108,"NG50":21108,"aligned_basepairs":107377,"Ns":835},"Escherichia_coli":{"assembler":"VelvetOptimiser","contiguity":0.011654342500599105,"multiplicity":1.0021937755457144,"validity":1.0,"parsimony":1.0021937755457144,"identity":1.0,"lowest_identity":1.0,"breadth_of_coverage":0.7995758623453814,"L90":0,"aligned_contigs":1093,"NA50":4598,"NG50":3363,"aligned_basepairs":3810326,"Ns":0},"Lactobacillus_fermentum":{"assembler":"VelvetOptimiser","contiguity":0.035284120938439634,"multiplicity":1.000601193137149,"validity":1.0,"parsimony":1.000601193137149,"identity":1.0,"lowest_identity":1.0,"breadth_of_coverage":0.9192708046310015,"L90":198,"aligned_contigs":227,"NA50":11784,"NG50":11122,"aligned_basepairs":1751517,"Ns":0},"Listeria_monocytogenes":{"assembler":"VelvetOptimiser","contiguity":0.05407570391352325,"multiplicity":1.000520769985833,"validity":1.0,"parsimony":1.000520769985833,"identity":1.0,"lowest_identity":1.0,"breadth_of_coverage":0.9754082253966959,"L90":66,"aligned_contigs":116,"NA50":52654,"NG50":51199,"aligned_basepairs":2918755,"Ns":0},"Pseudomonas_aeruginosa":{"assembler":"VelvetOptimiser","contiguity":0.08311713359038798,"multiplicity":0.9999161623728973,"validity":0.9995232676550152,"parsimony":1.0003930821128395,"identity":0.9951701563039056,"lowest_identity":0.829940494832446,"breadth_of_coverage":0.9869122966640314,"L90":15,"aligned_contigs":82,"NA50":264293,"NG50":338751,"aligned_basepairs":6703434,"Ns":12098},"Salmonella_enterica":{"assembler":"VelvetOptimiser","contiguity":0.011955679987965744,"multiplicity":1.002199131414198,"validity":1.0,"parsimony":1.002199131414198,"identity":0.9999821109306636,"lowest_identity":0.9919404835709857,"breadth_of_coverage":0.8125299123104468,"L90":0,"aligned_contigs":1049,"NA50":5223,"NG50":3753,"aligned_basepairs":3867436,"Ns":0},"Staphylococcus_aureus":{"assembler":"VelvetOptimiser","contiguity":0.033342896446200136,"multiplicity":1.0004609298568468,"validity":1.0,"parsimony":1.0004609298568468,"identity":1.0,"lowest_identity":1.0,"breadth_of_coverage":0.9575739853905061,"L90":104,"aligned_contigs":164,"NA50":32297,"NG50":30086,"aligned_basepairs":2603433,"Ns":0},"Staphylococcus_aureus_plasmid1":{"assembler":"VelvetOptimiser","contiguity":0.9998421966230078,"multiplicity":1.0,"validity":1.0,"parsimony":1.0,"identity":1.0,"lowest_identity":1.0,"breadth_of_coverage":0.9998421966230078,"L90":0,"aligned_contigs":1,"NA50":6336,"NG50":6336,"aligned_basepairs":6336,"Ns":0},"Staphylococcus_aureus_plasmid2":{"assembler":"VelvetOptimiser","contiguity":0.0,"multiplicity":0,"validity":0,"parsimony":0,"identity":0,"lowest_identity":0,"breadth_of_coverage":0.0,"L90":0,"aligned_contigs":0,"NA50":0,"NG50":0,"aligned_basepairs":0,"Ns":0},"Staphylococcus_aureus_plasmid3":{"assembler":"VelvetOptimiser","contiguity":0.0,"multiplicity":0,"validity":0,"parsimony":0,"identity":0,"lowest_identity":0,"breadth_of_coverage":0.0,"L90":0,"aligned_contigs":0,"NA50":0,"NG50":0,"aligned_basepairs":0,"Ns":0}}}