{"sample_id":"ENN","ReferenceTables":{"Bacillus_subtilis":{"assembler":"GATBMiniaPipeline","contiguity":0.09783282254119645,"multiplicity":1.0,"validity":1.0,"parsimony":1.0,"identity":1.0,"lowest_identity":1.0,"breadth_of_coverage":0.9836615725872332,"L90":14,"aligned_contigs":28,"NA50":269695,"NG50":263366,"aligned_basepairs":3979577,"Ns":0},"Enterococcus_faecalis":{"assembler":"GATBMiniaPipeline","contiguity":0.13575633866968068,"multiplicity":1.0005629996622003,"validity":1.0,"parsimony":1.0005629996622003,"identity":1.0,"lowest_identity":1.0,"breadth_of_coverage":0.976931473765302,"L90":24,"aligned_contigs":45,"NA50":127741,"NG50":127741,"aligned_basepairs":2779753,"Ns":0},"Escherichia_coli_plasmid":{"assembler":"GATBMiniaPipeline","contiguity":0.14012744643522684,"multiplicity":1.0014012908241021,"validity":1.0,"parsimony":1.0014012908241021,"identity":1.0,"lowest_identity":1.0,"breadth_of_coverage":0.8887343532684284,"L90":0,"aligned_contigs":24,"NA50":5269,"NG50":4651,"aligned_basepairs":97767,"Ns":0},"Escherichia_coli":{"assembler":"GATBMiniaPipeline","contiguity":0.027645121094951687,"multiplicity":1.001270066046901,"validity":1.0,"parsimony":1.001270066046901,"identity":0.999937556712063,"lowest_identity":0.9893858984078847,"breadth_of_coverage":0.9685388571114404,"L90":112,"aligned_contigs":199,"NA50":55370,"NG50":54964,"aligned_basepairs":4615508,"Ns":0},"Lactobacillus_fermentum":{"assembler":"GATBMiniaPipeline","contiguity":0.06396624632019705,"multiplicity":1.0009870709882036,"validity":1.0,"parsimony":1.0009870709882036,"identity":1.0,"lowest_identity":1.0,"breadth_of_coverage":0.9406077572791738,"L90":54,"aligned_contigs":89,"NA50":40366,"NG50":40071,"aligned_basepairs":1792171,"Ns":0},"Listeria_monocytogenes":{"assembler":"GATBMiniaPipeline","contiguity":0.2112776547600508,"multiplicity":1.0000779349277238,"validity":1.0,"parsimony":1.0000779349277238,"identity":0.9999786780383795,"lowest_identity":0.9995735607675906,"breadth_of_coverage":0.9862442194107491,"L90":11,"aligned_contigs":20,"NA50":351140,"NG50":351140,"aligned_basepairs":2951180,"Ns":0},"Pseudomonas_aeruginosa":{"assembler":"GATBMiniaPipeline","contiguity":0.04160001060019169,"multiplicity":1.0008417192014005,"validity":0.99953418087487,"parsimony":1.0013081476867414,"identity":0.9994820229249568,"lowest_identity":0.9573396311413866,"breadth_of_coverage":0.9870156485329776,"L90":78,"aligned_contigs":166,"NA50":88774,"NG50":88774,"aligned_basepairs":6704136,"Ns":0},"Salmonella_enterica":{"assembler":"GATBMiniaPipeline","contiguity":0.05798124521770699,"multiplicity":1.0015554541030136,"validity":0.9999989249364852,"parsimony":1.001556530839898,"identity":0.9999491961931376,"lowest_identity":0.9917218543046358,"breadth_of_coverage":0.9756108834378977,"L90":96,"aligned_contigs":178,"NA50":52959,"NG50":51487,"aligned_basepairs":4643660,"Ns":0},"Staphylococcus_aureus":{"assembler":"GATBMiniaPipeline","contiguity":0.06690316980410331,"multiplicity":1.0006698681045054,"validity":1.0,"parsimony":1.0006698681045054,"identity":1.0,"lowest_identity":1.0,"breadth_of_coverage":0.9823064021362523,"L90":39,"aligned_contigs":65,"NA50":63844,"NG50":53404,"aligned_basepairs":2670675,"Ns":0},"Staphylococcus_aureus_plasmid1":{"assembler":"GATBMiniaPipeline","contiguity":0.9998421966230078,"multiplicity":1.0,"validity":1.0,"parsimony":1.0,"identity":1.0,"lowest_identity":1.0,"breadth_of_coverage":0.9998421966230078,"L90":0,"aligned_contigs":1,"NA50":6336,"NG50":6336,"aligned_basepairs":6336,"Ns":0},"Staphylococcus_aureus_plasmid2":{"assembler":"GATBMiniaPipeline","contiguity":0.9995487364620939,"multiplicity":1.0,"validity":1.0,"parsimony":1.0,"identity":1.0,"lowest_identity":1.0,"breadth_of_coverage":0.9995487364620939,"L90":0,"aligned_contigs":1,"NA50":2215,"NG50":2215,"aligned_basepairs":2215,"Ns":0},"Staphylococcus_aureus_plasmid3":{"assembler":"GATBMiniaPipeline","contiguity":0.9996658870698296,"multiplicity":1.0,"validity":1.0,"parsimony":1.0,"identity":1.0,"lowest_identity":1.0,"breadth_of_coverage":0.9996658870698296,"L90":0,"aligned_contigs":1,"NA50":2992,"NG50":2992,"aligned_basepairs":2992,"Ns":0}}}