{"sample_id":"ENN","ReferenceTables":{"Bacillus_subtilis":{"assembler":"IDBA-UD","contiguity":0.0847363741593805,"multiplicity":1.0000246460773001,"validity":0.9999859170726825,"parsimony":1.000038729550043,"identity":0.9981533280491511,"lowest_identity":0.9300986842105263,"breadth_of_coverage":0.98284959476498,"L90":19,"aligned_contigs":38,"NA50":252653,"NG50":212969,"aligned_basepairs":3976292,"Ns":0},"Enterococcus_faecalis":{"assembler":"IDBA-UD","contiguity":0.13575598722425591,"multiplicity":0.9994206601449825,"validity":0.9993058800742218,"parsimony":1.0001148597972347,"identity":0.9944027424116684,"lowest_identity":0.7950740111623392,"breadth_of_coverage":0.9760690266929829,"L90":22,"aligned_contigs":55,"NA50":112536,"NG50":118897,"aligned_basepairs":2777299,"Ns":0},"Escherichia_coli_plasmid":{"assembler":"IDBA-UD","contiguity":0.18631541629169052,"multiplicity":1.0001704045214,"validity":1.0,"parsimony":1.0001704045214,"identity":1.0,"lowest_identity":1.0,"breadth_of_coverage":0.96022071322734,"L90":8,"aligned_contigs":11,"NA50":12577,"NG50":12577,"aligned_basepairs":105631,"Ns":0},"Escherichia_coli":{"assembler":"IDBA-UD","contiguity":0.01877667385593841,"multiplicity":1.0086891060016683,"validity":0.9870774149782412,"parsimony":1.0218946261919117,"identity":0.9924037812510231,"lowest_identity":0.32740387982351704,"breadth_of_coverage":0.9438418410579184,"L90":250,"aligned_contigs":449,"NA50":18743,"NG50":18745,"aligned_basepairs":4497816,"Ns":0},"Lactobacillus_fermentum":{"assembler":"IDBA-UD","contiguity":0.06396519663491894,"multiplicity":1.000670535528037,"validity":1.0,"parsimony":1.000670535528037,"identity":0.9999666918328374,"lowest_identity":0.9970355731225297,"breadth_of_coverage":0.9384831942762761,"L90":58,"aligned_contigs":89,"NA50":40364,"NG50":37467,"aligned_basepairs":1788123,"Ns":0},"Listeria_monocytogenes":{"assembler":"IDBA-UD","contiguity":0.19577207418136028,"multiplicity":0.9999132895897378,"validity":1.0,"parsimony":0.9999132895897378,"identity":0.999890598404017,"lowest_identity":0.9972260748959778,"breadth_of_coverage":0.9866372226169335,"L90":13,"aligned_contigs":26,"NA50":254629,"NG50":254629,"aligned_basepairs":2952356,"Ns":0},"Pseudomonas_aeruginosa":{"assembler":"IDBA-UD","contiguity":0.05008914466758829,"multiplicity":1.0006924642976103,"validity":0.9998635918620755,"parsimony":1.0008289855159054,"identity":0.9986137004051675,"lowest_identity":0.8616475558237779,"breadth_of_coverage":0.9856602962459127,"L90":71,"aligned_contigs":161,"NA50":87280,"NG50":87280,"aligned_basepairs":6694930,"Ns":0},"Salmonella_enterica":{"assembler":"IDBA-UD","contiguity":0.037401785725540815,"multiplicity":1.0081250432621471,"validity":0.9925300416593831,"parsimony":1.0157123723697987,"identity":0.9948262434826586,"lowest_identity":0.6558096445462968,"breadth_of_coverage":0.9560898837879164,"L90":172,"aligned_contigs":396,"NA50":26498,"NG50":27717,"aligned_basepairs":4550745,"Ns":0},"Staphylococcus_aureus":{"assembler":"IDBA-UD","contiguity":0.06690243418003664,"multiplicity":1.0000056268033906,"validity":1.0,"parsimony":1.0000056268033906,"identity":0.9999782105735441,"lowest_identity":0.9985418217920079,"breadth_of_coverage":0.9805177322181272,"L90":43,"aligned_contigs":74,"NA50":53248,"NG50":53248,"aligned_basepairs":2665812,"Ns":0},"Staphylococcus_aureus_plasmid1":{"assembler":"IDBA-UD","contiguity":0.9998421966230078,"multiplicity":1.0,"validity":1.0,"parsimony":1.0,"identity":1.0,"lowest_identity":1.0,"breadth_of_coverage":0.9998421966230078,"L90":0,"aligned_contigs":1,"NA50":6336,"NG50":6336,"aligned_basepairs":6336,"Ns":0},"Staphylococcus_aureus_plasmid2":{"assembler":"IDBA-UD","contiguity":0.0,"multiplicity":0,"validity":0,"parsimony":0,"identity":0,"lowest_identity":0,"breadth_of_coverage":0.0,"L90":0,"aligned_contigs":0,"NA50":0,"NG50":0,"aligned_basepairs":0,"Ns":0},"Staphylococcus_aureus_plasmid3":{"assembler":"IDBA-UD","contiguity":0.9512195121951219,"multiplicity":1.0,"validity":1.0,"parsimony":1.0,"identity":1.0,"lowest_identity":1.0,"breadth_of_coverage":0.9512195121951219,"L90":0,"aligned_contigs":1,"NA50":2847,"NG50":2847,"aligned_basepairs":2847,"Ns":0}}}