{"sample_id":"ERR2984773","ReferenceTables":{"Bacillus_subtilis":{"assembler":"MetaHipMer2","contiguity":0.0006181907255571812,"multiplicity":1.0009100321761377,"validity":0.9998886811968627,"parsimony":1.0010214646875015,"identity":0.9998984468339306,"lowest_identity":0.9831697054698457,"breadth_of_coverage":0.05323633102692083,"L90":0,"aligned_contigs":180,"NA50":1145,"NG50":0,"aligned_basepairs":215377,"Ns":0},"Enterococcus_faecalis":{"assembler":"MetaHipMer2","contiguity":0.0009144609951809803,"multiplicity":1.0001493299420985,"validity":1.0,"parsimony":1.0001493299420985,"identity":1.0,"lowest_identity":1.0,"breadth_of_coverage":0.07295796150407395,"L90":0,"aligned_contigs":171,"NA50":1166,"NG50":0,"aligned_basepairs":207594,"Ns":0},"Escherichia_coli_plasmid":{"assembler":"MetaHipMer2","contiguity":0.013662766914832692,"multiplicity":1.0,"validity":1.0,"parsimony":1.0,"identity":1.0,"lowest_identity":1.0,"breadth_of_coverage":0.013662766914832692,"L90":0,"aligned_contigs":1,"NA50":1503,"NG50":0,"aligned_basepairs":1503,"Ns":0},"Escherichia_coli":{"assembler":"MetaHipMer2","contiguity":0.0004383651100823136,"multiplicity":1.0001417133139658,"validity":0.9993627867459643,"parsimony":1.0007794232268121,"identity":0.9993328237114836,"lowest_identity":0.9576923076923077,"breadth_of_coverage":0.026653815790964683,"L90":0,"aligned_contigs":106,"NA50":1161,"NG50":0,"aligned_basepairs":127017,"Ns":0},"Lactobacillus_fermentum":{"assembler":"MetaHipMer2","contiguity":0.0006765221617428555,"multiplicity":1.0,"validity":1.0,"parsimony":1.0,"identity":1.0,"lowest_identity":1.0,"breadth_of_coverage":0.004798636248886678,"L90":0,"aligned_contigs":8,"NA50":1179,"NG50":0,"aligned_basepairs":9143,"Ns":0},"Listeria_monocytogenes":{"assembler":"MetaHipMer2","contiguity":0.0009905284890563979,"multiplicity":1.002206680703852,"validity":0.9999254418665848,"parsimony":1.002281408934859,"identity":0.9999599864182472,"lowest_identity":0.9855550969872059,"breadth_of_coverage":0.15204879656135561,"L90":0,"aligned_contigs":361,"NA50":1221,"NG50":0,"aligned_basepairs":454982,"Ns":0},"Pseudomonas_aeruginosa":{"assembler":"MetaHipMer2","contiguity":0.00031638627687406235,"multiplicity":1.0010221285563752,"validity":1.0,"parsimony":1.0010221285563752,"identity":1.0,"lowest_identity":1.0,"breadth_of_coverage":0.01397164154274012,"L90":0,"aligned_contigs":82,"NA50":1132,"NG50":0,"aligned_basepairs":94900,"Ns":0},"Salmonella_enterica":{"assembler":"MetaHipMer2","contiguity":0.0005512899217731366,"multiplicity":1.0006402483387495,"validity":0.9989637606771388,"parsimony":1.0016782267061164,"identity":0.9987669986490575,"lowest_identity":0.9107843137254902,"breadth_of_coverage":0.021657668287341385,"L90":0,"aligned_contigs":86,"NA50":1137,"NG50":0,"aligned_basepairs":103085,"Ns":0},"Staphylococcus_aureus":{"assembler":"MetaHipMer2","contiguity":0.0009618284671801322,"multiplicity":1.0013414152767464,"validity":0.9999632537163855,"parsimony":1.0013782122045374,"identity":0.999962742175857,"lowest_identity":0.990983606557377,"breadth_of_coverage":0.10995299362213934,"L90":0,"aligned_contigs":242,"NA50":1220,"NG50":0,"aligned_basepairs":298938,"Ns":0},"Staphylococcus_aureus_plasmid1":{"assembler":"MetaHipMer2","contiguity":0.0,"multiplicity":0,"validity":0,"parsimony":0,"identity":0,"lowest_identity":0,"breadth_of_coverage":0.0,"L90":0,"aligned_contigs":0,"NA50":0,"NG50":0,"aligned_basepairs":0,"Ns":0},"Staphylococcus_aureus_plasmid2":{"assembler":"MetaHipMer2","contiguity":0.0,"multiplicity":0,"validity":0,"parsimony":0,"identity":0,"lowest_identity":0,"breadth_of_coverage":0.0,"L90":0,"aligned_contigs":0,"NA50":0,"NG50":0,"aligned_basepairs":0,"Ns":0},"Staphylococcus_aureus_plasmid3":{"assembler":"MetaHipMer2","contiguity":0.5322418977614434,"multiplicity":1.0,"validity":1.0,"parsimony":1.0,"identity":1.0,"lowest_identity":1.0,"breadth_of_coverage":0.5322418977614434,"L90":0,"aligned_contigs":1,"NA50":1593,"NG50":1593,"aligned_basepairs":1593,"Ns":0}}}