{"sample_id":"ERR2984773","ReferenceTables":{"Bacillus_subtilis":{"assembler":"MINIA","contiguity":0.02915605966566288,"multiplicity":1.0005727827899789,"validity":0.9999812728253258,"parsimony":1.000591521042171,"identity":0.9999507697475977,"lowest_identity":0.9983783783783784,"breadth_of_coverage":0.9761384806547829,"L90":102,"aligned_contigs":169,"NA50":46155,"NG50":43056,"aligned_basepairs":3949141,"Ns":0},"Enterococcus_faecalis":{"assembler":"MINIA","contiguity":0.022230328896686292,"multiplicity":1.0010199875391401,"validity":0.9999357297774835,"parsimony":1.0010843274516232,"identity":0.9998794582183834,"lowest_identity":0.9938271604938271,"breadth_of_coverage":0.9668312837036163,"L90":147,"aligned_contigs":219,"NA50":20287,"NG50":19908,"aligned_basepairs":2751014,"Ns":0},"Escherichia_coli_plasmid":{"assembler":"MINIA","contiguity":0.22640377430527148,"multiplicity":1.000862920314103,"validity":0.9998084419627037,"parsimony":1.0010546803839036,"identity":0.9995911692559281,"lowest_identity":0.9967293540474244,"breadth_of_coverage":0.9480942121864973,"L90":6,"aligned_contigs":8,"NA50":14811,"NG50":14811,"aligned_basepairs":104297,"Ns":0},"Escherichia_coli":{"assembler":"MINIA","contiguity":0.011346290810029054,"multiplicity":1.0022628106259472,"validity":0.9999376820436667,"parsimony":1.0023252734885721,"identity":0.9998984627217544,"lowest_identity":0.9803921568627451,"breadth_of_coverage":0.7861248314424247,"L90":0,"aligned_contigs":1146,"NA50":4409,"NG50":3072,"aligned_basepairs":3746226,"Ns":0},"Lactobacillus_fermentum":{"assembler":"MINIA","contiguity":0.017739156357445128,"multiplicity":1.0011105752144998,"validity":0.9998340582720511,"parsimony":1.0012767288050326,"identity":0.999638872354446,"lowest_identity":0.9343168247277837,"breadth_of_coverage":0.909728640610329,"L90":262,"aligned_contigs":281,"NA50":9080,"NG50":8209,"aligned_basepairs":1733336,"Ns":0},"Listeria_monocytogenes":{"assembler":"MINIA","contiguity":0.02560502776754796,"multiplicity":1.0009870587548624,"validity":0.9999592885431405,"parsimony":1.0010278120554479,"identity":0.9998884231341766,"lowest_identity":0.9903952715182859,"breadth_of_coverage":0.9676270292633663,"L90":122,"aligned_contigs":185,"NA50":28142,"NG50":27395,"aligned_basepairs":2895471,"Ns":0},"Pseudomonas_aeruginosa":{"assembler":"MINIA","contiguity":0.012415327288279574,"multiplicity":1.0011434005481112,"validity":0.9998233535799674,"parsimony":1.001320280190913,"identity":0.9994766555279548,"lowest_identity":0.973293768545994,"breadth_of_coverage":0.9555320486489909,"L90":406,"aligned_contigs":598,"NA50":18832,"NG50":17958,"aligned_basepairs":6490289,"Ns":0},"Salmonella_enterica":{"assembler":"MINIA","contiguity":0.00919355780749645,"multiplicity":1.0024099813085783,"validity":0.9998463193080908,"parsimony":1.0025640560463949,"identity":0.9996414843363611,"lowest_identity":0.8015488867376573,"breadth_of_coverage":0.7990655383711652,"L90":0,"aligned_contigs":1106,"NA50":4884,"NG50":3355,"aligned_basepairs":3803349,"Ns":0},"Staphylococcus_aureus":{"assembler":"MINIA","contiguity":0.023957068979468733,"multiplicity":1.0008300334208817,"validity":0.9999869153771258,"parsimony":1.0008431290757818,"identity":0.9999341628715186,"lowest_identity":0.9931758530183727,"breadth_of_coverage":0.9549433937280692,"L90":140,"aligned_contigs":207,"NA50":23433,"NG50":22986,"aligned_basepairs":2596281,"Ns":0},"Staphylococcus_aureus_plasmid1":{"assembler":"MINIA","contiguity":0.0,"multiplicity":0,"validity":0,"parsimony":0,"identity":0,"lowest_identity":0,"breadth_of_coverage":0.0,"L90":0,"aligned_contigs":0,"NA50":0,"NG50":0,"aligned_basepairs":0,"Ns":0},"Staphylococcus_aureus_plasmid2":{"assembler":"MINIA","contiguity":0.0,"multiplicity":0,"validity":0,"parsimony":0,"identity":0,"lowest_identity":0,"breadth_of_coverage":0.0,"L90":0,"aligned_contigs":0,"NA50":0,"NG50":0,"aligned_basepairs":0,"Ns":0},"Staphylococcus_aureus_plasmid3":{"assembler":"MINIA","contiguity":0.0,"multiplicity":0,"validity":0,"parsimony":0,"identity":0,"lowest_identity":0,"breadth_of_coverage":0.0,"L90":0,"aligned_contigs":0,"NA50":0,"NG50":0,"aligned_basepairs":0,"Ns":0}}}