{"sample_id":"ERR2984773","ReferenceTables":{"Bacillus_subtilis":{"assembler":"ABySS","contiguity":0.0736791394864197,"multiplicity":1.001059608043066,"validity":0.9999008159706877,"parsimony":1.001158907017446,"identity":0.9996388434184121,"lowest_identity":0.9905832320777643,"breadth_of_coverage":0.9832435955712727,"L90":39,"aligned_contigs":66,"NA50":98440,"NG50":98440,"aligned_basepairs":3977886,"Ns":0},"Enterococcus_faecalis":{"assembler":"ABySS","contiguity":0.055263387259119306,"multiplicity":1.010043802821206,"validity":0.9997681941231759,"parsimony":1.0102779911967914,"identity":0.9991533695317215,"lowest_identity":0.9693174702567313,"breadth_of_coverage":0.9889582876454281,"L90":61,"aligned_contigs":106,"NA50":45769,"NG50":45769,"aligned_basepairs":2813974,"Ns":0},"Escherichia_coli_plasmid":{"assembler":"ABySS","contiguity":0.5057769051060387,"multiplicity":1.0014347857873958,"validity":0.9998448876804321,"parsimony":1.0015901447580056,"identity":0.9997422884002174,"lowest_identity":0.9995324062779539,"breadth_of_coverage":0.9947003372512658,"L90":1,"aligned_contigs":3,"NA50":55639,"NG50":55639,"aligned_basepairs":109424,"Ns":0},"Escherichia_coli":{"assembler":"ABySS","contiguity":0.02959268767545621,"multiplicity":1.007135844783266,"validity":0.9996640722013976,"parsimony":1.0074742834014372,"identity":0.9985272562704492,"lowest_identity":0.9411713133438541,"breadth_of_coverage":0.9746982121670346,"L90":133,"aligned_contigs":234,"NA50":43381,"NG50":42568,"aligned_basepairs":4644860,"Ns":0},"Lactobacillus_fermentum":{"assembler":"ABySS","contiguity":0.05657383774909688,"multiplicity":1.0028231122680835,"validity":0.9996588504266047,"parsimony":1.003165341696448,"identity":0.9990973537883063,"lowest_identity":0.9823825503355704,"breadth_of_coverage":0.9354952651321318,"L90":104,"aligned_contigs":137,"NA50":19450,"NG50":18365,"aligned_basepairs":1782430,"Ns":0},"Listeria_monocytogenes":{"assembler":"ABySS","contiguity":0.08694126540348664,"multiplicity":1.0011875232881033,"validity":0.9999290351014798,"parsimony":1.0012585775014482,"identity":0.9996246514420497,"lowest_identity":0.9916913946587537,"breadth_of_coverage":0.9829812234029399,"L90":31,"aligned_contigs":50,"NA50":96389,"NG50":96389,"aligned_basepairs":2941416,"Ns":0},"Pseudomonas_aeruginosa":{"assembler":"ABySS","contiguity":0.022872121937538372,"multiplicity":1.0060570580501969,"validity":0.9996112815137779,"parsimony":1.0064482831032657,"identity":0.9985087413450525,"lowest_identity":0.9582384206529992,"breadth_of_coverage":0.9878337772163602,"L90":144,"aligned_contigs":271,"NA50":49818,"NG50":49799,"aligned_basepairs":6709693,"Ns":3},"Salmonella_enterica":{"assembler":"ABySS","contiguity":0.03297949092241477,"multiplicity":1.0101429673558264,"validity":0.9996676596503329,"parsimony":1.0104787902303027,"identity":0.9981214691041198,"lowest_identity":0.8657086223984143,"breadth_of_coverage":0.978459144668644,"L90":116,"aligned_contigs":214,"NA50":44050,"NG50":44050,"aligned_basepairs":4657217,"Ns":2},"Staphylococcus_aureus":{"assembler":"ABySS","contiguity":0.06548341535541677,"multiplicity":1.005349284605434,"validity":0.9999299013686295,"parsimony":1.0054197631547839,"identity":0.9996056392743665,"lowest_identity":0.9913644214162349,"breadth_of_coverage":0.9863493920067089,"L90":47,"aligned_contigs":78,"NA50":53240,"NG50":53240,"aligned_basepairs":2681667,"Ns":0},"Staphylococcus_aureus_plasmid1":{"assembler":"ABySS","contiguity":0.0,"multiplicity":0,"validity":0,"parsimony":0,"identity":0,"lowest_identity":0,"breadth_of_coverage":0.0,"L90":0,"aligned_contigs":0,"NA50":0,"NG50":0,"aligned_basepairs":0,"Ns":0},"Staphylococcus_aureus_plasmid2":{"assembler":"ABySS","contiguity":0.621841155234657,"multiplicity":1.0,"validity":1.0,"parsimony":1.0,"identity":1.0,"lowest_identity":1.0,"breadth_of_coverage":0.621841155234657,"L90":0,"aligned_contigs":1,"NA50":1378,"NG50":1378,"aligned_basepairs":1378,"Ns":0},"Staphylococcus_aureus_plasmid3":{"assembler":"ABySS","contiguity":0.6531907784831273,"multiplicity":1.0,"validity":1.0,"parsimony":1.0,"identity":1.0,"lowest_identity":1.0,"breadth_of_coverage":0.6531907784831273,"L90":0,"aligned_contigs":1,"NA50":1955,"NG50":1955,"aligned_basepairs":1955,"Ns":0}}}