,Ns,assembler,basepairs,contigs,filtered_Ns,filtered_basepairs,filtered_contigs,filtered_mapped_reads,filtered_n50,mapped_reads,max_contig,misassembled contigs,misassembly events,n50,run,sample,type
0,0.0,GATBMiniaPipeline,50006704.0,8370.0,0.0,47507995.0,3982.0,89.05789992256497,54313.0,96.62387267872182,984007.0,4.0,8.0,48639.0,BMock12,SRR8073716,Metagenomic
1,0.0,IDBA-UD,48875595.0,8700.0,0.0,46615378.0,4070.0,91.04570935005324,44194.0,96.67576672893765,908381.0,17.0,29.0,38560.0,BMock12,SRR8073716,Metagenomic
2,0.0,MEGAHIT,49074360.0,2806.0,0.0,48470460.0,1513.0,95.9735921710074,115470.0,96.76787945908501,1037953.0,43.0,72.0,114742.0,BMock12,SRR8073716,Metagenomic
3,0.0,metaSPAdes,49062416.0,4251.0,0.0,48357131.0,1302.0,95.07901716702479,122363.0,96.07458418256037,1237485.0,3.0,5.0,118524.0,BMock12,SRR8073716,Metagenomic
4,0.0,SKESA,30258631.0,8612.0,0.0,27619442.0,2716.0,74.72017255782437,34960.0,80.48852032078099,451511.0,31.0,52.0,30082.0,BMock12,SRR8073716,Genomic
5,0.0,SPAdes,49402011.0,7501.0,0.0,47779053.0,2750.0,92.74062905343531,76209.0,96.67003744204415,1239293.0,5.0,9.0,67210.0,BMock12,SRR8073716,Genomic
6,0.0,Unicycler,37381909.0,3986.0,0.0,36255499.0,1328.0,89.4769136456895,140943.0,93.82061545314652,2778544.0,5.0,7.0,132926.0,BMock12,SRR8073716,Genomic
