{"assembler":"Unicycler","sample_id":"ERR2984773","global":{"contigs":895,"basepairs":30592960,"max_contig_size":882182,"N50":191424,"mapped_reads":82.82308552356086,"Ns":0},"filtered":{"contigs":425,"basepairs":30432114,"N50":191424,"mapped_reads":81.94163923297903,"Ns":0}}