{"assembler":"SKESA","sample_id":"ERR2984773","global":{"contigs":1352,"basepairs":30430077,"max_contig_size":446163,"N50":76924,"mapped_reads":81.47971409550327,"Ns":0},"filtered":{"contigs":846,"basepairs":30211740,"N50":77870,"mapped_reads":80.66413028124808,"Ns":0}}