{"assembler":"MetaHipMer2","sample_id":"ERR2984773","global":{"contigs":19356,"basepairs":13184199,"max_contig_size":2964,"N50":659,"mapped_reads":25.561766004445165,"Ns":0},"filtered":{"contigs":1310,"basepairs":1601911,"N50":1175,"mapped_reads":3.9739834966492826,"Ns":0}}