{"assembler":"IDBA-UD","sample_id":"ERR2984773","global":{"contigs":20194,"basepairs":39779384,"max_contig_size":303329,"N50":20993,"mapped_reads":84.35921268247343,"Ns":0},"filtered":{"contigs":2654,"basepairs":31562690,"N50":29134,"mapped_reads":81.59700086424225,"Ns":0}}