{"assembler":"ABySS","sample_id":"ERR2984773","global":{"contigs":497797,"basepairs":91697404,"max_contig_size":297881,"N50":139,"mapped_reads":92.28279923434943,"Ns":149},"filtered":{"contigs":1205,"basepairs":30632246,"N50":52698,"mapped_reads":81.90448239309853,"Ns":7}}