{"assembler":"MINIA","sample_id":"ERR2984773","global":{"contigs":68012,"basepairs":41187744,"max_contig_size":117945,"N50":7060,"mapped_reads":80.67203514425834,"Ns":0},"filtered":{"contigs":3983,"basepairs":28278246,"N50":15817,"mapped_reads":74.39360481216646,"Ns":0}}