{"assembler":"MEGAHIT","sample_id":"ERR2984773","global":{"contigs":20614,"basepairs":41166407,"max_contig_size":1205839,"N50":88308,"mapped_reads":86.16739460837123,"Ns":0},"filtered":{"contigs":1447,"basepairs":32021766,"N50":149841,"mapped_reads":84.13988545745367,"Ns":0}}