{"assembler":"GATBMiniaPipeline","sample_id":"ERR2984773","global":{"contigs":5398,"basepairs":32809725,"max_contig_size":768462,"N50":102115,"mapped_reads":84.06768315578978,"Ns":0},"filtered":{"contigs":761,"basepairs":30564396,"N50":113162,"mapped_reads":82.83921963920817,"Ns":0}}