{"assembler":"VelvetOptimiser","sample_id":"ERR2984773","global":{"contigs":652127,"basepairs":57130377,"max_contig_size":1702,"N50":85,"mapped_reads":1.7720608564045497,"Ns":733},"filtered":{"contigs":48,"basepairs":55137,"N50":1113,"mapped_reads":0.007438197231397136,"Ns":0}}