{"ENN":{"assembler":"MINIA","mapped_reads_original":97.22813711409883,"mapped_reads_filtered":92.97311414163005}}