{"ENN":{"assembler":"MetaHipMer2","mapped_reads_original":99.2944983310444,"mapped_reads_filtered":98.35959636383255}}