{"ENN":{"assembler":"Unicycler","mapped_reads_original":99.60569600673091,"mapped_reads_filtered":98.3598695339513}}