{"ENN":{"assembler":"IDBA-UD","mapped_reads_original":100.02976416085441,"mapped_reads_filtered":98.24580393624483}}