{"ENN":{"assembler":"ABySS","mapped_reads_original":108.31245289238214,"mapped_reads_filtered":107.1043864974742}}