{"ENN":{"assembler":"GATBMiniaPipeline","mapped_reads_original":100.06706326415073,"mapped_reads_filtered":98.98039822284626}}