{"ENN":{"assembler":"MEGAHIT","mapped_reads_original":101.58258262770077,"mapped_reads_filtered":100.79058277885491}}