{"ENN":{"assembler":"BCALM2","mapped_reads_original":96.57056541889386,"mapped_reads_filtered":92.63058157690638}}