{"ENN":{"assembler":"metaSPAdes","mapped_reads_original":100.67858303017141,"mapped_reads_filtered":100.02060157978832}}