{"ERR2935805":{"assembler":"ABySS","mapped_reads_original":297.9152753983255,"mapped_reads_filtered":79.20890402818348}}