{"ERR2935805":{"assembler":"MetaHipMer2","mapped_reads_original":85.28155396597793,"mapped_reads_filtered":74.39433140857022}}