{"ERR2935805":{"assembler":"GATBMiniaPipeline","mapped_reads_original":89.67644378087031,"mapped_reads_filtered":89.11094918977041}}