{"ERR2935805":{"assembler":"IDBA-UD","mapped_reads_original":90.20770331870013,"mapped_reads_filtered":89.45153523375598}}