{"ERR2935805":{"assembler":"MINIA","mapped_reads_original":87.69801394460379,"mapped_reads_filtered":84.25379364551166}}