{"ERR2935805":{"assembler":"BCALM2","mapped_reads_original":1.435471152877832,"mapped_reads_filtered":0.10403897947910076}}