{"ERR2935805":{"assembler":"MEGAHIT","mapped_reads_original":94.1403869870797,"mapped_reads_filtered":93.40541576361187}}