{"ERR2935805":{"assembler":"VelvetOptimiser","mapped_reads_original":1.4031699290648358,"mapped_reads_filtered":0.020349112454858934}}