{"ERR2935805":{"assembler":"SPAdes","mapped_reads_original":107.69180039376111,"mapped_reads_filtered":75.94997595047874}}