{"sample_id":"EMS","ReferenceTables":{"Bacillus_subtilis":{"assembler":"MetaHipMer2","contiguity":0.09783183383151942,"multiplicity":1.000048788007807,"validity":1.0,"parsimony":1.000048788007807,"identity":1.0,"lowest_identity":1.0,"breadth_of_coverage":0.9828730766198093,"L90":16,"aligned_contigs":28,"NA50":257424,"NG50":257424,"aligned_basepairs":3976387,"Ns":0},"Enterococcus_faecalis":{"assembler":"MetaHipMer2","contiguity":0.13575493288798168,"multiplicity":1.0005706471224831,"validity":1.0,"parsimony":1.0005706471224831,"identity":1.0,"lowest_identity":1.0,"breadth_of_coverage":0.9755408042195943,"L90":27,"aligned_contigs":46,"NA50":118895,"NG50":114807,"aligned_basepairs":2775796,"Ns":0},"Escherichia_coli_plasmid":{"assembler":"MetaHipMer2","contiguity":0.3657312716463498,"multiplicity":1.0009023675519793,"validity":1.0,"parsimony":1.0009023675519793,"identity":1.0,"lowest_identity":1.0,"breadth_of_coverage":0.9771650894943049,"L90":3,"aligned_contigs":5,"NA50":28267,"NG50":28267,"aligned_basepairs":107495,"Ns":0},"Escherichia_coli":{"assembler":"MetaHipMer2","contiguity":0.027644281717048226,"multiplicity":1.001083734891298,"validity":1.0,"parsimony":1.001083734891298,"identity":1.0,"lowest_identity":1.0,"breadth_of_coverage":0.9677668392847325,"L90":110,"aligned_contigs":193,"NA50":56794,"NG50":56352,"aligned_basepairs":4611829,"Ns":0},"Lactobacillus_fermentum":{"assembler":"MetaHipMer2","contiguity":0.06396414694964082,"multiplicity":1.0007094472298268,"validity":1.0,"parsimony":1.0007094472298268,"identity":1.0,"lowest_identity":1.0,"breadth_of_coverage":0.9380549226828067,"L90":54,"aligned_contigs":86,"NA50":40362,"NG50":40067,"aligned_basepairs":1787307,"Ns":0},"Listeria_monocytogenes":{"assembler":"MetaHipMer2","contiguity":0.15652455501409931,"multiplicity":1.0001403627733514,"validity":1.0,"parsimony":1.0001403627733514,"identity":1.0,"lowest_identity":1.0,"breadth_of_coverage":0.9856827862590573,"L90":13,"aligned_contigs":22,"NA50":254627,"NG50":254627,"aligned_basepairs":2949500,"Ns":0},"Pseudomonas_aeruginosa":{"assembler":"MetaHipMer2","contiguity":0.06852523360908554,"multiplicity":1.000533926207377,"validity":1.0,"parsimony":1.000533926207377,"identity":1.0,"lowest_identity":1.0,"breadth_of_coverage":0.9885283842216147,"L90":37,"aligned_contigs":100,"NA50":211554,"NG50":211015,"aligned_basepairs":6714411,"Ns":0},"Salmonella_enterica":{"assembler":"MetaHipMer2","contiguity":0.05948510697839759,"multiplicity":1.0011547510789705,"validity":1.0,"parsimony":1.0011547510789705,"identity":1.0,"lowest_identity":1.0,"breadth_of_coverage":0.9751976260918125,"L90":86,"aligned_contigs":162,"NA50":64529,"NG50":60329,"aligned_basepairs":4641693,"Ns":0},"Staphylococcus_aureus":{"assembler":"MetaHipMer2","contiguity":0.06690169855596996,"multiplicity":1.0006500139636794,"validity":1.0,"parsimony":1.0006500139636794,"identity":1.0,"lowest_identity":1.0,"breadth_of_coverage":0.9811882535549034,"L90":42,"aligned_contigs":67,"NA50":53246,"NG50":51885,"aligned_basepairs":2667635,"Ns":0},"Staphylococcus_aureus_plasmid1":{"assembler":"MetaHipMer2","contiguity":0.9995265898690232,"multiplicity":1.0,"validity":1.0,"parsimony":1.0,"identity":1.0,"lowest_identity":1.0,"breadth_of_coverage":0.9995265898690232,"L90":0,"aligned_contigs":1,"NA50":6334,"NG50":6334,"aligned_basepairs":6334,"Ns":0},"Staphylococcus_aureus_plasmid2":{"assembler":"MetaHipMer2","contiguity":0.9986462093862816,"multiplicity":1.0,"validity":1.0,"parsimony":1.0,"identity":1.0,"lowest_identity":1.0,"breadth_of_coverage":0.9986462093862816,"L90":0,"aligned_contigs":1,"NA50":2213,"NG50":2213,"aligned_basepairs":2213,"Ns":0},"Staphylococcus_aureus_plasmid3":{"assembler":"MetaHipMer2","contiguity":0.9989976612094889,"multiplicity":1.0,"validity":1.0,"parsimony":1.0,"identity":1.0,"lowest_identity":1.0,"breadth_of_coverage":0.9989976612094889,"L90":0,"aligned_contigs":1,"NA50":2990,"NG50":2990,"aligned_basepairs":2990,"Ns":0}}}