{"sample_id":"EMS","ReferenceTables":{"Bacillus_subtilis":{"assembler":"ABySS","contiguity":0.10626033665070148,"multiplicity":1.000304559061146,"validity":0.9999997494104882,"parsimony":1.00030480972704,"identity":0.9999097818499045,"lowest_identity":0.9982537326464682,"breadth_of_coverage":0.9860831697636762,"L90":13,"aligned_contigs":22,"NA50":295233,"NG50":295233,"aligned_basepairs":3989374,"Ns":0},"Enterococcus_faecalis":{"assembler":"ABySS","contiguity":0.1894659857060117,"multiplicity":1.0153247416103102,"validity":1.0,"parsimony":1.0153247416103102,"identity":0.9999718407010377,"lowest_identity":0.9996144764107754,"breadth_of_coverage":0.9915400057355893,"L90":11,"aligned_contigs":22,"NA50":240110,"NG50":240110,"aligned_basepairs":2821320,"Ns":0},"Escherichia_coli_plasmid":{"assembler":"ABySS","contiguity":0.06612306489587026,"multiplicity":1.0136913817051392,"validity":0.9999347556599465,"parsimony":1.0137575236457437,"identity":0.9879048610562917,"lowest_identity":0.9461371055495104,"breadth_of_coverage":0.5497468342923633,"L90":0,"aligned_contigs":26,"NA50":2402,"NG50":1304,"aligned_basepairs":60476,"Ns":204},"Escherichia_coli":{"assembler":"ABySS","contiguity":0.06006357448240811,"multiplicity":1.0169490013034097,"validity":0.9996309854442866,"parsimony":1.0173244088181461,"identity":0.9985468518142798,"lowest_identity":0.8852172788411795,"breadth_of_coverage":0.9877138157825709,"L90":50,"aligned_contigs":100,"NA50":100101,"NG50":100101,"aligned_basepairs":4706885,"Ns":45},"Lactobacillus_fermentum":{"assembler":"ABySS","contiguity":0.0652095985321201,"multiplicity":1.0149891998626466,"validity":1.0,"parsimony":1.0149891998626466,"identity":0.9999364367903942,"lowest_identity":0.9975174904084857,"breadth_of_coverage":0.973619309590502,"L90":43,"aligned_contigs":72,"NA50":42368,"NG50":42368,"aligned_basepairs":1855069,"Ns":0},"Listeria_monocytogenes":{"assembler":"ABySS","contiguity":0.24399450330209582,"multiplicity":1.012284415707387,"validity":1.0,"parsimony":1.012284415707387,"identity":0.9999955986037082,"lowest_identity":0.9999531550100716,"breadth_of_coverage":0.9882159191696671,"L90":9,"aligned_contigs":15,"NA50":351141,"NG50":351141,"aligned_basepairs":2957080,"Ns":0},"Pseudomonas_aeruginosa":{"assembler":"ABySS","contiguity":0.043899074397150906,"multiplicity":1.023932398616802,"validity":0.999304108680521,"parsimony":1.0246454404843788,"identity":0.9980904570869329,"lowest_identity":0.9773865288321757,"breadth_of_coverage":0.998303674880343,"L90":67,"aligned_contigs":145,"NA50":92433,"NG50":93704,"aligned_basepairs":6780808,"Ns":294},"Salmonella_enterica":{"assembler":"ABySS","contiguity":0.0771028538077452,"multiplicity":1.0078834560744858,"validity":0.9993058257932621,"parsimony":1.008583588787161,"identity":0.9969428146588736,"lowest_identity":0.9037135278514589,"breadth_of_coverage":0.9881607127775306,"L90":33,"aligned_contigs":68,"NA50":157988,"NG50":157988,"aligned_basepairs":4703394,"Ns":1},"Staphylococcus_aureus":{"assembler":"ABySS","contiguity":0.3093667012409978,"multiplicity":1.0056688191144205,"validity":1.0,"parsimony":1.0056688191144205,"identity":0.9998498807995831,"lowest_identity":0.9987505006007209,"breadth_of_coverage":0.9888872950367444,"L90":15,"aligned_contigs":28,"NA50":268668,"NG50":268668,"aligned_basepairs":2688567,"Ns":71},"Staphylococcus_aureus_plasmid1":{"assembler":"ABySS","contiguity":0.9995265898690232,"multiplicity":1.0,"validity":1.0,"parsimony":1.0,"identity":1.0,"lowest_identity":1.0,"breadth_of_coverage":0.9995265898690232,"L90":0,"aligned_contigs":1,"NA50":6334,"NG50":6334,"aligned_basepairs":6334,"Ns":0},"Staphylococcus_aureus_plasmid2":{"assembler":"ABySS","contiguity":0.9986462093862816,"multiplicity":1.0,"validity":1.0,"parsimony":1.0,"identity":1.0,"lowest_identity":1.0,"breadth_of_coverage":0.9986462093862816,"L90":0,"aligned_contigs":1,"NA50":2213,"NG50":2213,"aligned_basepairs":2213,"Ns":0},"Staphylococcus_aureus_plasmid3":{"assembler":"ABySS","contiguity":0.9993317741396592,"multiplicity":1.0,"validity":1.0,"parsimony":1.0,"identity":1.0,"lowest_identity":1.0,"breadth_of_coverage":0.9993317741396592,"L90":0,"aligned_contigs":1,"NA50":2991,"NG50":2991,"aligned_basepairs":2991,"Ns":0}}}