{"sample_id":"EMS","ReferenceTables":{"Bacillus_subtilis":{"assembler":"SKESA","contiguity":0.0977828927025069,"multiplicity":1.0,"validity":1.0,"parsimony":1.0,"identity":1.0,"lowest_identity":1.0,"breadth_of_coverage":0.9816483125073999,"L90":14,"aligned_contigs":26,"NA50":269493,"NG50":263164,"aligned_basepairs":3971432,"Ns":0},"Enterococcus_faecalis":{"assembler":"SKESA","contiguity":0.13570924498276513,"multiplicity":1.0,"validity":0.977173992412889,"parsimony":1.0233592049771483,"identity":0.9841615356405258,"lowest_identity":0.3664614256210311,"breadth_of_coverage":0.9876614540281269,"L90":19,"aligned_contigs":40,"NA50":152709,"NG50":152709,"aligned_basepairs":2810284,"Ns":0},"Escherichia_coli_plasmid":{"assembler":"SKESA","contiguity":0.04218822438572091,"multiplicity":1.0,"validity":1.0,"parsimony":1.0,"identity":1.0,"lowest_identity":1.0,"breadth_of_coverage":0.3629496304780605,"L90":0,"aligned_contigs":26,"NA50":1404,"NG50":0,"aligned_basepairs":39927,"Ns":0},"Escherichia_coli":{"assembler":"SKESA","contiguity":0.027602732510826927,"multiplicity":1.0056663712972633,"validity":0.9937570871014214,"parsimony":1.0119840998876082,"identity":0.9950550872540534,"lowest_identity":0.6552621792487914,"breadth_of_coverage":0.9600514874405983,"L90":70,"aligned_contigs":180,"NA50":62623,"NG50":66235,"aligned_basepairs":4575062,"Ns":0},"Lactobacillus_fermentum":{"assembler":"SKESA","contiguity":0.06386022810710779,"multiplicity":1.0,"validity":1.0,"parsimony":1.0,"identity":1.0,"lowest_identity":1.0,"breadth_of_coverage":0.9322181476938677,"L90":56,"aligned_contigs":86,"NA50":40164,"NG50":39869,"aligned_basepairs":1776186,"Ns":0},"Listeria_monocytogenes":{"assembler":"SKESA","contiguity":0.21121014910728786,"multiplicity":1.0,"validity":1.0,"parsimony":1.0,"identity":1.0,"lowest_identity":1.0,"breadth_of_coverage":0.9730909769003677,"L90":11,"aligned_contigs":19,"NA50":351014,"NG50":351014,"aligned_basepairs":2911821,"Ns":0},"Pseudomonas_aeruginosa":{"assembler":"SKESA","contiguity":0.018880708092804677,"multiplicity":0.9993445817333101,"validity":0.9969967038488384,"parsimony":1.0023549504982392,"identity":0.9970374477824968,"lowest_identity":0.25073449822174115,"breadth_of_coverage":0.9825201366835828,"L90":174,"aligned_contigs":303,"NA50":38251,"NG50":38251,"aligned_basepairs":6673601,"Ns":0},"Salmonella_enterica":{"assembler":"SKESA","contiguity":0.05944350811997111,"multiplicity":1.0019398180093246,"validity":0.9910283073080838,"parsimony":1.0110102916544126,"identity":0.9964234262777867,"lowest_identity":0.6337991468663746,"breadth_of_coverage":0.9615466875753454,"L90":83,"aligned_contigs":157,"NA50":60912,"NG50":60131,"aligned_basepairs":4576718,"Ns":0},"Staphylococcus_aureus":{"assembler":"SKESA","contiguity":0.06682887177336894,"multiplicity":1.0000180317719822,"validity":1.0,"parsimony":1.0000180317719822,"identity":0.9999996655918789,"lowest_identity":0.9999789322883749,"breadth_of_coverage":0.9791038627619741,"L90":38,"aligned_contigs":63,"NA50":73147,"NG50":63469,"aligned_basepairs":2661968,"Ns":0},"Staphylococcus_aureus_plasmid1":{"assembler":"SKESA","contiguity":0.9537636105412656,"multiplicity":1.0,"validity":1.0,"parsimony":1.0,"identity":1.0,"lowest_identity":1.0,"breadth_of_coverage":0.9537636105412656,"L90":0,"aligned_contigs":1,"NA50":6044,"NG50":6044,"aligned_basepairs":6044,"Ns":0},"Staphylococcus_aureus_plasmid2":{"assembler":"SKESA","contiguity":0.8605595667870036,"multiplicity":1.0,"validity":1.0,"parsimony":1.0,"identity":1.0,"lowest_identity":1.0,"breadth_of_coverage":0.8605595667870036,"L90":0,"aligned_contigs":1,"NA50":1907,"NG50":1907,"aligned_basepairs":1907,"Ns":0},"Staphylococcus_aureus_plasmid3":{"assembler":"SKESA","contiguity":0.9081189442031407,"multiplicity":1.0,"validity":1.0,"parsimony":1.0,"identity":1.0,"lowest_identity":1.0,"breadth_of_coverage":0.9081189442031407,"L90":0,"aligned_contigs":1,"NA50":2718,"NG50":2718,"aligned_basepairs":2718,"Ns":0}}}