{"assembler":"GATBMiniaPipeline","sample_id":"ERR2935805","global":{"contigs":6777,"basepairs":17126542,"max_contig_size":542997,"N50":55075,"mapped_reads":89.67670615448856,"Ns":0},"filtered":{"contigs":603,"basepairs":13891396,"N50":90095,"mapped_reads":89.11141330884011,"Ns":0}}