{"assembler":"MEGAHIT","sample_id":"ERR2935805","global":{"contigs":14172,"basepairs":24498566,"max_contig_size":768410,"N50":82249,"mapped_reads":94.14038594176648,"Ns":0},"filtered":{"contigs":3044,"basepairs":18552996,"N50":210993,"mapped_reads":93.40541576361187,"Ns":0}}