{"assembler":"VelvetOptimiser","sample_id":"ERR2935805","global":{"contigs":474953,"basepairs":45819987,"max_contig_size":2108,"N50":92,"mapped_reads":2.448603360142621,"Ns":0},"filtered":{"contigs":385,"basepairs":462584,"N50":1169,"mapped_reads":0.024712249835378848,"Ns":0}}