{"assembler":"SKESA","sample_id":"ERR2935805","global":{"contigs":8822,"basepairs":8818742,"max_contig_size":29155,"N50":1431,"mapped_reads":78.66257839091298,"Ns":0},"filtered":{"contigs":2889,"basepairs":5801439,"N50":2148,"mapped_reads":62.71004811304971,"Ns":0}}