{"assembler":"Unicycler","sample_id":"ERR2935805","global":{"contigs":205,"basepairs":9747587,"max_contig_size":847580,"N50":256884,"mapped_reads":88.2131955197959,"Ns":0},"filtered":{"contigs":144,"basepairs":9725301,"N50":256884,"mapped_reads":87.58672467263038,"Ns":0}}