{"assembler":"MetaHipMer2","sample_id":"ERR2935805","global":{"contigs":11975,"basepairs":15030782,"max_contig_size":14760,"N50":1511,"mapped_reads":85.2643272041114,"Ns":0},"filtered":{"contigs":5044,"basepairs":10267293,"N50":2177,"mapped_reads":74.34502816523299,"Ns":0}}