{"assembler":"MINIA","sample_id":"ERR2935805","global":{"contigs":37288,"basepairs":20758482,"max_contig_size":163543,"N50":7525,"mapped_reads":87.69813101968444,"Ns":0},"filtered":{"contigs":1461,"basepairs":13445665,"N50":18288,"mapped_reads":84.24889426244926,"Ns":0}}