{"sample_id":"LNN","ReferenceTables":{"Bacillus_subtilis":{"assembler":"MEGAHIT","contiguity":0.06509862255439572,"multiplicity":0.9996172977406012,"validity":0.9995480662076732,"parsimony":1.0000692628351437,"identity":0.9993370545150919,"lowest_identity":0.9853508095605242,"breadth_of_coverage":0.9849577709738073,"L90":31,"aligned_contigs":57,"NA50":122571,"NG50":124132,"aligned_basepairs":3984821,"Ns":0},"Enterococcus_faecalis":{"assembler":"MEGAHIT","contiguity":0.0,"multiplicity":0,"validity":0,"parsimony":0,"identity":0,"lowest_identity":0,"breadth_of_coverage":0.0,"L90":0,"aligned_contigs":0,"NA50":0,"NG50":0,"aligned_basepairs":0,"Ns":0},"Escherichia_coli_plasmid":{"assembler":"MEGAHIT","contiguity":0.0,"multiplicity":0,"validity":0,"parsimony":0,"identity":0,"lowest_identity":0,"breadth_of_coverage":0.0,"L90":0,"aligned_contigs":0,"NA50":0,"NG50":0,"aligned_basepairs":0,"Ns":0},"Escherichia_coli":{"assembler":"MEGAHIT","contiguity":0.0009520643870002186,"multiplicity":0.9935672077193507,"validity":0.9936415320167564,"parsimony":0.9999252000897599,"identity":0.9862787942154458,"lowest_identity":0.9589442815249267,"breadth_of_coverage":0.0028054107978412878,"L90":0,"aligned_contigs":9,"NA50":1224,"NG50":0,"aligned_basepairs":13369,"Ns":0},"Lactobacillus_fermentum":{"assembler":"MEGAHIT","contiguity":0.0012097622830234925,"multiplicity":1.0,"validity":0.992406264831514,"parsimony":1.0076518412242945,"identity":0.9931536157466838,"lowest_identity":0.9863072314933675,"breadth_of_coverage":0.002194891916531126,"L90":0,"aligned_contigs":2,"NA50":2337,"NG50":0,"aligned_basepairs":4182,"Ns":0},"Listeria_monocytogenes":{"assembler":"MEGAHIT","contiguity":0.361235447017754,"multiplicity":0.9997251827163561,"validity":0.9999871673299131,"parsimony":0.9997380120244378,"identity":0.9997207248740372,"lowest_identity":0.9973640856672158,"breadth_of_coverage":0.9898494222919706,"L90":7,"aligned_contigs":17,"NA50":543128,"NG50":543128,"aligned_basepairs":2961968,"Ns":0},"Pseudomonas_aeruginosa":{"assembler":"MEGAHIT","contiguity":0.06899944496218528,"multiplicity":1.0005067572588147,"validity":1.0,"parsimony":1.0005067572588147,"identity":0.9998344764741169,"lowest_identity":0.9887892376681614,"breadth_of_coverage":0.9906850815552248,"L90":29,"aligned_contigs":81,"NA50":239309,"NG50":239309,"aligned_basepairs":6729060,"Ns":0},"Salmonella_enterica":{"assembler":"MEGAHIT","contiguity":0.0002998059140130587,"multiplicity":1.0,"validity":0.9903635032934862,"parsimony":1.0097302623475797,"identity":0.9859008359313324,"lowest_identity":0.9468791500664011,"breadth_of_coverage":0.0017057632907302197,"L90":0,"aligned_contigs":7,"NA50":1086,"NG50":0,"aligned_basepairs":8119,"Ns":0},"Staphylococcus_aureus":{"assembler":"MEGAHIT","contiguity":0.0,"multiplicity":0,"validity":0,"parsimony":0,"identity":0,"lowest_identity":0,"breadth_of_coverage":0.0,"L90":0,"aligned_contigs":0,"NA50":0,"NG50":0,"aligned_basepairs":0,"Ns":0},"Staphylococcus_aureus_plasmid1":{"assembler":"MEGAHIT","contiguity":0.0,"multiplicity":0,"validity":0,"parsimony":0,"identity":0,"lowest_identity":0,"breadth_of_coverage":0.0,"L90":0,"aligned_contigs":0,"NA50":0,"NG50":0,"aligned_basepairs":0,"Ns":0},"Staphylococcus_aureus_plasmid2":{"assembler":"MEGAHIT","contiguity":0.0,"multiplicity":0,"validity":0,"parsimony":0,"identity":0,"lowest_identity":0,"breadth_of_coverage":0.0,"L90":0,"aligned_contigs":0,"NA50":0,"NG50":0,"aligned_basepairs":0,"Ns":0},"Staphylococcus_aureus_plasmid3":{"assembler":"MEGAHIT","contiguity":0.0,"multiplicity":0,"validity":0,"parsimony":0,"identity":0,"lowest_identity":0,"breadth_of_coverage":0.0,"L90":0,"aligned_contigs":0,"NA50":0,"NG50":0,"aligned_basepairs":0,"Ns":0}}}