{"sample_id":"LNN","ReferenceTables":{"Bacillus_subtilis":{"assembler":"VelvetOptimiser","contiguity":0.09779327415411561,"multiplicity":1.000125594493211,"validity":0.9997219381240479,"parsimony":1.0004037686418292,"identity":0.9968140274727301,"lowest_identity":0.9455775642282801,"breadth_of_coverage":0.9800935665402849,"L90":12,"aligned_contigs":32,"NA50":269136,"NG50":294404,"aligned_basepairs":3965142,"Ns":5609},"Enterococcus_faecalis":{"assembler":"VelvetOptimiser","contiguity":0.0014307343241282747,"multiplicity":1.0,"validity":1.0,"parsimony":1.0,"identity":1.0,"lowest_identity":1.0,"breadth_of_coverage":0.0014307343241282747,"L90":0,"aligned_contigs":1,"NA50":4071,"NG50":0,"aligned_basepairs":4071,"Ns":0},"Escherichia_coli_plasmid":{"assembler":"VelvetOptimiser","contiguity":0.0,"multiplicity":0,"validity":0,"parsimony":0,"identity":0,"lowest_identity":0,"breadth_of_coverage":0.0,"L90":0,"aligned_contigs":0,"NA50":0,"NG50":0,"aligned_basepairs":0,"Ns":0},"Escherichia_coli":{"assembler":"VelvetOptimiser","contiguity":0.0005659505514083292,"multiplicity":1.026690002187705,"validity":0.9476022211004543,"parsimony":1.0834609494640122,"identity":0.8291427247642974,"lowest_identity":0.49857954545454547,"breadth_of_coverage":0.007673592793437072,"L90":0,"aligned_contigs":30,"NA50":1390,"NG50":0,"aligned_basepairs":36568,"Ns":6066},"Lactobacillus_fermentum":{"assembler":"VelvetOptimiser","contiguity":0.0012097622830234925,"multiplicity":1.0127659574468084,"validity":0.9843553317748607,"parsimony":1.0288621646623497,"identity":0.9655238790591327,"lowest_identity":0.9468704512372634,"breadth_of_coverage":0.0028367744640963024,"L90":0,"aligned_contigs":3,"NA50":1795,"NG50":0,"aligned_basepairs":5405,"Ns":98},"Listeria_monocytogenes":{"assembler":"VelvetOptimiser","contiguity":0.031121108482920736,"multiplicity":1.0007225107873912,"validity":1.0,"parsimony":1.0007225107873912,"identity":1.0,"lowest_identity":1.0,"breadth_of_coverage":0.9639225730213993,"L90":145,"aligned_contigs":226,"NA50":23031,"NG50":21826,"aligned_basepairs":2884386,"Ns":0},"Pseudomonas_aeruginosa":{"assembler":"VelvetOptimiser","contiguity":0.004865340759356509,"multiplicity":1.0029278755110431,"validity":1.0,"parsimony":1.0029278755110431,"identity":0.9999983618748715,"lowest_identity":0.9971014492753624,"breadth_of_coverage":0.7856853244762843,"L90":0,"aligned_contigs":2070,"NA50":3019,"NG50":2371,"aligned_basepairs":5336634,"Ns":0},"Salmonella_enterica":{"assembler":"VelvetOptimiser","contiguity":0.00039014686918167484,"multiplicity":1.0328753680078508,"validity":0.8356792262162552,"parsimony":1.23597109465608,"identity":0.7851510276120125,"lowest_identity":0.11091393078970718,"breadth_of_coverage":0.0047099151929535735,"L90":0,"aligned_contigs":20,"NA50":1308,"NG50":0,"aligned_basepairs":22418,"Ns":3476},"Staphylococcus_aureus":{"assembler":"VelvetOptimiser","contiguity":0.0,"multiplicity":0,"validity":0,"parsimony":0,"identity":0,"lowest_identity":0,"breadth_of_coverage":0.0,"L90":0,"aligned_contigs":0,"NA50":0,"NG50":0,"aligned_basepairs":0,"Ns":0},"Staphylococcus_aureus_plasmid1":{"assembler":"VelvetOptimiser","contiguity":0.0,"multiplicity":0,"validity":0,"parsimony":0,"identity":0,"lowest_identity":0,"breadth_of_coverage":0.0,"L90":0,"aligned_contigs":0,"NA50":0,"NG50":0,"aligned_basepairs":0,"Ns":0},"Staphylococcus_aureus_plasmid2":{"assembler":"VelvetOptimiser","contiguity":0.0,"multiplicity":0,"validity":0,"parsimony":0,"identity":0,"lowest_identity":0,"breadth_of_coverage":0.0,"L90":0,"aligned_contigs":0,"NA50":0,"NG50":0,"aligned_basepairs":0,"Ns":0},"Staphylococcus_aureus_plasmid3":{"assembler":"VelvetOptimiser","contiguity":0.0,"multiplicity":0,"validity":0,"parsimony":0,"identity":0,"lowest_identity":0,"breadth_of_coverage":0.0,"L90":0,"aligned_contigs":0,"NA50":0,"NG50":0,"aligned_basepairs":0,"Ns":0}}}