{"sample_id":"LNN","ReferenceTables":{"Bacillus_subtilis":{"assembler":"metaSPAdes","contiguity":0.06505586086086457,"multiplicity":1.0000296618722524,"validity":1.0000170930674792,"parsimony":1.0000125685899375,"identity":0.99999513654966,"lowest_identity":0.9991408934707904,"breadth_of_coverage":0.9833140411357605,"L90":31,"aligned_contigs":50,"NA50":115791,"NG50":115791,"aligned_basepairs":3978171,"Ns":0},"Enterococcus_faecalis":{"assembler":"metaSPAdes","contiguity":0.0,"multiplicity":0,"validity":0,"parsimony":0,"identity":0,"lowest_identity":0,"breadth_of_coverage":0.0,"L90":0,"aligned_contigs":0,"NA50":0,"NG50":0,"aligned_basepairs":0,"Ns":0},"Escherichia_coli_plasmid":{"assembler":"metaSPAdes","contiguity":0.0,"multiplicity":0,"validity":0,"parsimony":0,"identity":0,"lowest_identity":0,"breadth_of_coverage":0.0,"L90":0,"aligned_contigs":0,"NA50":0,"NG50":0,"aligned_basepairs":0,"Ns":0},"Escherichia_coli":{"assembler":"metaSPAdes","contiguity":0.00025684963845895256,"multiplicity":1.0,"validity":0.9945736434108527,"parsimony":1.005455962587685,"identity":0.9943449575871819,"lowest_identity":0.9604147031102733,"breadth_of_coverage":0.001615382775209981,"L90":0,"aligned_contigs":7,"NA50":1088,"NG50":0,"aligned_basepairs":7698,"Ns":0},"Lactobacillus_fermentum":{"assembler":"metaSPAdes","contiguity":0.0012097622830234925,"multiplicity":1.0,"validity":0.9952885747938751,"parsimony":1.004733727810651,"identity":0.9965768078733419,"lowest_identity":0.9863072314933675,"breadth_of_coverage":0.003547936240016837,"L90":0,"aligned_contigs":4,"NA50":1877,"NG50":0,"aligned_basepairs":6760,"Ns":0},"Listeria_monocytogenes":{"assembler":"metaSPAdes","contiguity":0.21125058566166569,"multiplicity":1.000054043154134,"validity":1.0000006755033766,"parsimony":1.0000533676147074,"identity":0.999515988802401,"lowest_identity":0.9964047252182845,"breadth_of_coverage":0.9893912527378221,"L90":8,"aligned_contigs":16,"NA50":351104,"NG50":351104,"aligned_basepairs":2960597,"Ns":0},"Pseudomonas_aeruginosa":{"assembler":"metaSPAdes","contiguity":0.125155727121621,"multiplicity":1.0002130827139843,"validity":0.99999955431543,"parsimony":1.0002135284937208,"identity":0.9999015127239218,"lowest_identity":0.9983681462140992,"breadth_of_coverage":0.9907912306969773,"L90":24,"aligned_contigs":57,"NA50":257868,"NG50":257868,"aligned_basepairs":6729781,"Ns":0},"Salmonella_enterica":{"assembler":"metaSPAdes","contiguity":0.0003792219164636096,"multiplicity":1.0,"validity":0.9912113106610623,"parsimony":1.0088666152659984,"identity":0.9901842294994877,"lowest_identity":0.9527397260273973,"breadth_of_coverage":0.001634961193307374,"L90":0,"aligned_contigs":6,"NA50":1299,"NG50":0,"aligned_basepairs":7782,"Ns":0},"Staphylococcus_aureus":{"assembler":"metaSPAdes","contiguity":0.0,"multiplicity":0,"validity":0,"parsimony":0,"identity":0,"lowest_identity":0,"breadth_of_coverage":0.0,"L90":0,"aligned_contigs":0,"NA50":0,"NG50":0,"aligned_basepairs":0,"Ns":0},"Staphylococcus_aureus_plasmid1":{"assembler":"metaSPAdes","contiguity":0.0,"multiplicity":0,"validity":0,"parsimony":0,"identity":0,"lowest_identity":0,"breadth_of_coverage":0.0,"L90":0,"aligned_contigs":0,"NA50":0,"NG50":0,"aligned_basepairs":0,"Ns":0},"Staphylococcus_aureus_plasmid2":{"assembler":"metaSPAdes","contiguity":0.0,"multiplicity":0,"validity":0,"parsimony":0,"identity":0,"lowest_identity":0,"breadth_of_coverage":0.0,"L90":0,"aligned_contigs":0,"NA50":0,"NG50":0,"aligned_basepairs":0,"Ns":0},"Staphylococcus_aureus_plasmid3":{"assembler":"metaSPAdes","contiguity":0.0,"multiplicity":0,"validity":0,"parsimony":0,"identity":0,"lowest_identity":0,"breadth_of_coverage":0.0,"L90":0,"aligned_contigs":0,"NA50":0,"NG50":0,"aligned_basepairs":0,"Ns":0}}}