{"sample_id":"LNN","ReferenceTables":{"Bacillus_subtilis":{"assembler":"MINIA","contiguity":0.0336843499864176,"multiplicity":1.014207030461488,"validity":0.9999972564671927,"parsimony":1.0142098129793835,"identity":0.9999834948205295,"lowest_identity":0.9986564902952862,"breadth_of_coverage":0.9771551213801793,"L90":57,"aligned_contigs":116,"NA50":69826,"NG50":69826,"aligned_basepairs":3953254,"Ns":0},"Enterococcus_faecalis":{"assembler":"MINIA","contiguity":0.045908612943313255,"multiplicity":1.0007449034206009,"validity":1.0,"parsimony":1.0007449034206009,"identity":0.9999802488643098,"lowest_identity":0.9967213114754099,"breadth_of_coverage":0.9737951747948964,"L90":102,"aligned_contigs":166,"NA50":32898,"NG50":32803,"aligned_basepairs":2770829,"Ns":0},"Escherichia_coli_plasmid":{"assembler":"MINIA","contiguity":0.3306244148099666,"multiplicity":1.0002854424357754,"validity":1.0,"parsimony":1.0002854424357754,"identity":1.0,"lowest_identity":1.0,"breadth_of_coverage":0.9553937476706028,"L90":3,"aligned_contigs":5,"NA50":26838,"NG50":26838,"aligned_basepairs":105100,"Ns":0},"Escherichia_coli":{"assembler":"MINIA","contiguity":0.011346290810029054,"multiplicity":1.0024305214959655,"validity":1.0000287813530324,"parsimony":1.0024016710195915,"identity":0.9999970862294932,"lowest_identity":0.9975550122249389,"breadth_of_coverage":0.8000870434885888,"L90":0,"aligned_contigs":1149,"NA50":4448,"NG50":3211,"aligned_basepairs":3812762,"Ns":0},"Lactobacillus_fermentum":{"assembler":"MINIA","contiguity":0.03464433776143068,"multiplicity":1.0008192482869616,"validity":1.0004137322639362,"parsimony":1.0004053483173483,"identity":0.999996591079537,"lowest_identity":0.999195494770716,"breadth_of_coverage":0.9205986565078126,"L90":205,"aligned_contigs":236,"NA50":11209,"NG50":10836,"aligned_basepairs":1754047,"Ns":0},"Listeria_monocytogenes":{"assembler":"MINIA","contiguity":0.054075369727123436,"multiplicity":1.0006164340556054,"validity":1.0,"parsimony":1.0006164340556054,"identity":0.9999334357398875,"lowest_identity":0.9916129032258064,"breadth_of_coverage":0.9633621424289068,"L90":75,"aligned_contigs":126,"NA50":46368,"NG50":44353,"aligned_basepairs":2882709,"Ns":0},"Pseudomonas_aeruginosa":{"assembler":"MINIA","contiguity":0.015603629387853653,"multiplicity":1.0010338385370947,"validity":0.9999998467471939,"parsimony":1.001033991948363,"identity":0.9999641460699046,"lowest_identity":0.9864645370871684,"breadth_of_coverage":0.9596745152252615,"L90":333,"aligned_contigs":520,"NA50":22207,"NG50":21734,"aligned_basepairs":6518426,"Ns":0},"Salmonella_enterica":{"assembler":"MINIA","contiguity":0.011955679987965744,"multiplicity":1.0023784626002572,"validity":0.9999963487201743,"parsimony":1.002382122577879,"identity":0.9998832318167378,"lowest_identity":0.962189838519102,"breadth_of_coverage":0.8036479257506598,"L90":0,"aligned_contigs":1081,"NA50":4996,"NG50":3571,"aligned_basepairs":3825160,"Ns":0},"Staphylococcus_aureus":{"assembler":"MINIA","contiguity":0.033342896446200136,"multiplicity":1.0005914038034416,"validity":0.999999615699594,"parsimony":1.000591788331272,"identity":0.9999993787469326,"lowest_identity":0.9998912807131985,"breadth_of_coverage":0.9565290314037914,"L90":112,"aligned_contigs":175,"NA50":29647,"NG50":29165,"aligned_basepairs":2600592,"Ns":0},"Staphylococcus_aureus_plasmid1":{"assembler":"MINIA","contiguity":2.8699700173583715,"multiplicity":3.0042600189334174,"validity":1.0,"parsimony":3.0042600189334174,"identity":1.0,"lowest_identity":1.0,"breadth_of_coverage":1.0001578033769922,"L90":0,"aligned_contigs":2,"NA50":19041,"NG50":19041,"aligned_basepairs":6338,"Ns":0},"Staphylococcus_aureus_plasmid2":{"assembler":"MINIA","contiguity":0.0,"multiplicity":0,"validity":0,"parsimony":0,"identity":0,"lowest_identity":0,"breadth_of_coverage":0.0,"L90":0,"aligned_contigs":0,"NA50":0,"NG50":0,"aligned_basepairs":0,"Ns":0},"Staphylococcus_aureus_plasmid3":{"assembler":"MINIA","contiguity":0.0,"multiplicity":0,"validity":0,"parsimony":0,"identity":0,"lowest_identity":0,"breadth_of_coverage":0.0,"L90":0,"aligned_contigs":0,"NA50":0,"NG50":0,"aligned_basepairs":0,"Ns":0}}}