{"sample_id":"LNN","ReferenceTables":{"Bacillus_subtilis":{"assembler":"GATBMiniaPipeline","contiguity":0.1365178188965654,"multiplicity":1.0000268861379595,"validity":1.0000201016490136,"parsimony":1.0000067843525693,"identity":0.9999670228202084,"lowest_identity":0.9990766389658357,"breadth_of_coverage":0.9837033455710874,"L90":14,"aligned_contigs":28,"NA50":269442,"NG50":269442,"aligned_basepairs":3979746,"Ns":0},"Enterococcus_faecalis":{"assembler":"GATBMiniaPipeline","contiguity":0.15580665159668686,"multiplicity":1.0005486199599813,"validity":1.0,"parsimony":1.0005486199599813,"identity":0.9999837313724215,"lowest_identity":0.9992841803865425,"breadth_of_coverage":0.97691355004864,"L90":23,"aligned_contigs":44,"NA50":128464,"NG50":128464,"aligned_basepairs":2779702,"Ns":0},"Escherichia_coli_plasmid":{"assembler":"GATBMiniaPipeline","contiguity":0.48301471724526623,"multiplicity":1.0,"validity":1.0,"parsimony":1.0,"identity":1.0,"lowest_identity":1.0,"breadth_of_coverage":0.9811557446344323,"L90":2,"aligned_contigs":3,"NA50":28271,"NG50":28271,"aligned_basepairs":107934,"Ns":0},"Escherichia_coli":{"assembler":"GATBMiniaPipeline","contiguity":0.027645121094951687,"multiplicity":1.001263898677492,"validity":1.0,"parsimony":1.001263898677492,"identity":1.0,"lowest_identity":1.0,"breadth_of_coverage":0.9724348296503529,"L90":103,"aligned_contigs":198,"NA50":59572,"NG50":56798,"aligned_basepairs":4634074,"Ns":0},"Lactobacillus_fermentum":{"assembler":"GATBMiniaPipeline","contiguity":0.06396624632019705,"multiplicity":1.0008547146831837,"validity":1.0,"parsimony":1.0008547146831837,"identity":1.0,"lowest_identity":1.0,"breadth_of_coverage":0.9407337195125471,"L90":54,"aligned_contigs":88,"NA50":40366,"NG50":40071,"aligned_basepairs":1792411,"Ns":0},"Listeria_monocytogenes":{"assembler":"GATBMiniaPipeline","contiguity":0.2112776547600508,"multiplicity":1.00009280975085,"validity":1.0,"parsimony":1.00009280975085,"identity":1.0,"lowest_identity":1.0,"breadth_of_coverage":0.9866104877049482,"L90":10,"aligned_contigs":20,"NA50":475379,"NG50":475379,"aligned_basepairs":2952276,"Ns":0},"Pseudomonas_aeruginosa":{"assembler":"GATBMiniaPipeline","contiguity":0.0680377720163773,"multiplicity":1.0007452901019362,"validity":1.0000382808473622,"parsimony":1.0007069821906966,"identity":0.9998858098302145,"lowest_identity":0.988795518207283,"breadth_of_coverage":0.9877018637198134,"L90":52,"aligned_contigs":123,"NA50":128089,"NG50":128089,"aligned_basepairs":6708797,"Ns":0},"Salmonella_enterica":{"assembler":"GATBMiniaPipeline","contiguity":0.0594859473593759,"multiplicity":1.001242868680398,"validity":0.9999989250740032,"parsimony":1.0012439449435435,"identity":0.9999953110903965,"lowest_identity":0.9992357077346378,"breadth_of_coverage":0.9760403181178156,"L90":84,"aligned_contigs":163,"NA50":64533,"NG50":60333,"aligned_basepairs":4645704,"Ns":0},"Staphylococcus_aureus":{"assembler":"GATBMiniaPipeline","contiguity":0.06690316980410331,"multiplicity":1.0006882155260375,"validity":1.0,"parsimony":1.0006882155260375,"identity":1.0,"lowest_identity":1.0,"breadth_of_coverage":0.9823064021362523,"L90":40,"aligned_contigs":66,"NA50":53354,"NG50":53354,"aligned_basepairs":2670675,"Ns":0},"Staphylococcus_aureus_plasmid1":{"assembler":"GATBMiniaPipeline","contiguity":1.015938141076219,"multiplicity":1.015938141076219,"validity":1.0,"parsimony":1.015938141076219,"identity":1.0,"lowest_identity":1.0,"breadth_of_coverage":1.0,"L90":0,"aligned_contigs":1,"NA50":6438,"NG50":6438,"aligned_basepairs":6337,"Ns":0},"Staphylococcus_aureus_plasmid2":{"assembler":"GATBMiniaPipeline","contiguity":1.0455776173285198,"multiplicity":1.0455776173285198,"validity":1.0,"parsimony":1.0455776173285198,"identity":1.0,"lowest_identity":1.0,"breadth_of_coverage":1.0,"L90":0,"aligned_contigs":1,"NA50":2317,"NG50":2317,"aligned_basepairs":2216,"Ns":0},"Staphylococcus_aureus_plasmid3":{"assembler":"GATBMiniaPipeline","contiguity":1.0337454059472102,"multiplicity":1.0337454059472102,"validity":1.0,"parsimony":1.0337454059472102,"identity":1.0,"lowest_identity":1.0,"breadth_of_coverage":1.0,"L90":0,"aligned_contigs":1,"NA50":3094,"NG50":3094,"aligned_basepairs":2993,"Ns":0}}}