{"sample_id":"LNN","ReferenceTables":{"Bacillus_subtilis":{"assembler":"MEGAHIT","contiguity":0.13671210034809997,"multiplicity":1.0000802564192595,"validity":1.0001038341903417,"parsimony":0.9999764246768424,"identity":0.9998795709638566,"lowest_identity":0.9986614057789025,"breadth_of_coverage":0.9855507496026005,"L90":13,"aligned_contigs":24,"NA50":269740,"NG50":269740,"aligned_basepairs":3987220,"Ns":0},"Enterococcus_faecalis":{"assembler":"MEGAHIT","contiguity":0.20947271940034976,"multiplicity":1.0004762737091528,"validity":1.0002655375340892,"parsimony":1.0002106802315545,"identity":0.9996958133286036,"lowest_identity":0.9932763803195697,"breadth_of_coverage":0.979201811209141,"L90":12,"aligned_contigs":30,"NA50":235316,"NG50":235316,"aligned_basepairs":2786213,"Ns":0},"Escherichia_coli_plasmid":{"assembler":"MEGAHIT","contiguity":0.4837510340251075,"multiplicity":1.0,"validity":1.0,"parsimony":1.0,"identity":1.0,"lowest_identity":1.0,"breadth_of_coverage":0.9833828756351869,"L90":2,"aligned_contigs":3,"NA50":28353,"NG50":28353,"aligned_basepairs":108179,"Ns":0},"Escherichia_coli":{"assembler":"MEGAHIT","contiguity":0.07228365768993968,"multiplicity":1.0014286647553545,"validity":0.9987338965396733,"parsimony":1.0026981843962819,"identity":0.9928135950467772,"lowest_identity":0.05578532268923728,"breadth_of_coverage":0.9796998552492805,"L90":56,"aligned_contigs":132,"NA50":74387,"NG50":74550,"aligned_basepairs":4668695,"Ns":0},"Lactobacillus_fermentum":{"assembler":"MEGAHIT","contiguity":0.06400928341659962,"multiplicity":1.0016398018089219,"validity":1.0026244918642966,"parsimony":0.9990178874909152,"identity":1.0006366334032242,"lowest_identity":0.9752321981424149,"breadth_of_coverage":0.9496319016150983,"L90":40,"aligned_contigs":81,"NA50":44906,"NG50":44906,"aligned_basepairs":1809365,"Ns":0},"Listeria_monocytogenes":{"assembler":"MEGAHIT","contiguity":0.21129737175764,"multiplicity":1.0003174492748141,"validity":1.0006029879828042,"parsimony":0.9997146333646617,"identity":0.9999362609350245,"lowest_identity":0.9990658570761326,"breadth_of_coverage":0.9895603510561293,"L90":7,"aligned_contigs":19,"NA50":542943,"NG50":542943,"aligned_basepairs":2961103,"Ns":0},"Pseudomonas_aeruginosa":{"assembler":"MEGAHIT","contiguity":0.06899944496218528,"multiplicity":1.001127931198574,"validity":1.0007608367630145,"parsimony":1.0003668153489567,"identity":0.999283893208,"lowest_identity":0.941400304414003,"breadth_of_coverage":0.9909570059169681,"L90":30,"aligned_contigs":83,"NA50":248754,"NG50":248754,"aligned_basepairs":6730907,"Ns":0},"Salmonella_enterica":{"assembler":"MEGAHIT","contiguity":0.08749878669996256,"multiplicity":1.0013056989313192,"validity":1.0000181856770463,"parsimony":1.0012874898403985,"identity":0.9995429285224098,"lowest_identity":0.9553717418486102,"breadth_of_coverage":0.9807241815004414,"L90":46,"aligned_contigs":102,"NA50":116581,"NG50":116581,"aligned_basepairs":4667998,"Ns":0},"Staphylococcus_aureus":{"assembler":"MEGAHIT","contiguity":0.13352054965830262,"multiplicity":1.0010601361583247,"validity":1.001406668076692,"parsimony":0.999653954852295,"identity":0.9994277072415296,"lowest_identity":0.9741824440619621,"breadth_of_coverage":0.9863729319768425,"L90":16,"aligned_contigs":39,"NA50":149841,"NG50":151247,"aligned_basepairs":2681731,"Ns":0},"Staphylococcus_aureus_plasmid1":{"assembler":"MEGAHIT","contiguity":1.0222502761559098,"multiplicity":1.0222502761559098,"validity":1.0,"parsimony":1.0222502761559098,"identity":1.0,"lowest_identity":1.0,"breadth_of_coverage":1.0,"L90":0,"aligned_contigs":1,"NA50":6478,"NG50":6478,"aligned_basepairs":6337,"Ns":0},"Staphylococcus_aureus_plasmid2":{"assembler":"MEGAHIT","contiguity":1.0636281588447654,"multiplicity":1.0636281588447654,"validity":1.0,"parsimony":1.0636281588447654,"identity":1.0,"lowest_identity":1.0,"breadth_of_coverage":1.0,"L90":0,"aligned_contigs":1,"NA50":2357,"NG50":2357,"aligned_basepairs":2216,"Ns":0},"Staphylococcus_aureus_plasmid3":{"assembler":"MEGAHIT","contiguity":1.047109923154026,"multiplicity":1.047109923154026,"validity":1.0,"parsimony":1.047109923154026,"identity":1.0,"lowest_identity":1.0,"breadth_of_coverage":1.0,"L90":0,"aligned_contigs":1,"NA50":3134,"NG50":3134,"aligned_basepairs":2993,"Ns":0}}}