{"sample_id":"LNN","ReferenceTables":{"Bacillus_subtilis":{"assembler":"MEGAHIT","contiguity":0.06509862255439572,"multiplicity":1.0001954997905718,"validity":1.0000855688079864,"parsimony":1.000109921576727,"identity":0.9994570136521183,"lowest_identity":0.9853508095605242,"breadth_of_coverage":0.9849177282318881,"L90":31,"aligned_contigs":57,"NA50":122571,"NG50":124132,"aligned_basepairs":3984659,"Ns":0},"Enterococcus_faecalis":{"assembler":"MEGAHIT","contiguity":0.0,"multiplicity":0,"validity":0,"parsimony":0,"identity":0,"lowest_identity":0,"breadth_of_coverage":0.0,"L90":0,"aligned_contigs":0,"NA50":0,"NG50":0,"aligned_basepairs":0,"Ns":0},"Escherichia_coli_plasmid":{"assembler":"MEGAHIT","contiguity":0.0,"multiplicity":0,"validity":0,"parsimony":0,"identity":0,"lowest_identity":0,"breadth_of_coverage":0.0,"L90":0,"aligned_contigs":0,"NA50":0,"NG50":0,"aligned_basepairs":0,"Ns":0},"Escherichia_coli":{"assembler":"MEGAHIT","contiguity":0.0002688107735832665,"multiplicity":1.0,"validity":0.9920251600584072,"parsimony":1.0080389492753623,"identity":0.9868032851497115,"lowest_identity":0.9589442815249267,"breadth_of_coverage":0.0018533464108410694,"L90":0,"aligned_contigs":8,"NA50":1076,"NG50":0,"aligned_basepairs":8832,"Ns":0},"Lactobacillus_fermentum":{"assembler":"MEGAHIT","contiguity":0.0012097622830234925,"multiplicity":1.0,"validity":0.992406264831514,"parsimony":1.0076518412242947,"identity":0.9931536157466838,"lowest_identity":0.9863072314933675,"breadth_of_coverage":0.002194891916531126,"L90":0,"aligned_contigs":2,"NA50":2337,"NG50":0,"aligned_basepairs":4182,"Ns":0},"Listeria_monocytogenes":{"assembler":"MEGAHIT","contiguity":0.361235447017754,"multiplicity":1.000218098237388,"validity":1.000480212022726,"parsimony":0.9997380120244377,"identity":0.9997207248740372,"lowest_identity":0.9973640856672158,"breadth_of_coverage":0.9898494222919706,"L90":7,"aligned_contigs":17,"NA50":543128,"NG50":543128,"aligned_basepairs":2961968,"Ns":0},"Pseudomonas_aeruginosa":{"assembler":"MEGAHIT","contiguity":0.06899944496218528,"multiplicity":1.0007919216560777,"validity":1.0003059798261262,"parsimony":1.0004857931870366,"identity":0.9998344764741169,"lowest_identity":0.9887892376681614,"breadth_of_coverage":0.9907058402639448,"L90":29,"aligned_contigs":81,"NA50":239309,"NG50":239309,"aligned_basepairs":6729201,"Ns":0},"Salmonella_enterica":{"assembler":"MEGAHIT","contiguity":0.0009378651717969824,"multiplicity":1.0,"validity":0.9936823817420832,"parsimony":1.0063577843121672,"identity":0.9855915629068812,"lowest_identity":0.9468791500664011,"breadth_of_coverage":0.002643628462527202,"L90":0,"aligned_contigs":8,"NA50":1299,"NG50":0,"aligned_basepairs":12583,"Ns":0},"Staphylococcus_aureus":{"assembler":"MEGAHIT","contiguity":0.0,"multiplicity":0,"validity":0,"parsimony":0,"identity":0,"lowest_identity":0,"breadth_of_coverage":0.0,"L90":0,"aligned_contigs":0,"NA50":0,"NG50":0,"aligned_basepairs":0,"Ns":0},"Staphylococcus_aureus_plasmid1":{"assembler":"MEGAHIT","contiguity":0.0,"multiplicity":0,"validity":0,"parsimony":0,"identity":0,"lowest_identity":0,"breadth_of_coverage":0.0,"L90":0,"aligned_contigs":0,"NA50":0,"NG50":0,"aligned_basepairs":0,"Ns":0},"Staphylococcus_aureus_plasmid2":{"assembler":"MEGAHIT","contiguity":0.0,"multiplicity":0,"validity":0,"parsimony":0,"identity":0,"lowest_identity":0,"breadth_of_coverage":0.0,"L90":0,"aligned_contigs":0,"NA50":0,"NG50":0,"aligned_basepairs":0,"Ns":0},"Staphylococcus_aureus_plasmid3":{"assembler":"MEGAHIT","contiguity":0.0,"multiplicity":0,"validity":0,"parsimony":0,"identity":0,"lowest_identity":0,"breadth_of_coverage":0.0,"L90":0,"aligned_contigs":0,"NA50":0,"NG50":0,"aligned_basepairs":0,"Ns":0}}}