{"sample_id":"ERR2984773","ReferenceTables":{"Bacillus_subtilis":{"assembler":"ABySS","contiguity":0.0736267378735376,"multiplicity":1.0008757100215622,"validity":0.9999015376948618,"parsimony":1.0009742682553986,"identity":0.9995924965060486,"lowest_identity":0.9905832320777643,"breadth_of_coverage":0.9831096254100364,"L90":38,"aligned_contigs":66,"NA50":110434,"NG50":110434,"aligned_basepairs":3977344,"Ns":0},"Enterococcus_faecalis":{"assembler":"ABySS","contiguity":0.055263387259119306,"multiplicity":1.0030253010591763,"validity":0.9997931339670827,"parsimony":1.0032328358560223,"identity":0.9990751231455575,"lowest_identity":0.959349593495935,"breadth_of_coverage":0.9855756254322778,"L90":64,"aligned_contigs":108,"NA50":42613,"NG50":42613,"aligned_basepairs":2804349,"Ns":0},"Escherichia_coli_plasmid":{"assembler":"ABySS","contiguity":0.5057769051060387,"multiplicity":1.0014347857873958,"validity":0.9998448876804321,"parsimony":1.0015901447580056,"identity":0.9997422884002174,"lowest_identity":0.9995324062779539,"breadth_of_coverage":0.9947003372512658,"L90":1,"aligned_contigs":3,"NA50":55639,"NG50":55639,"aligned_basepairs":109424,"Ns":0},"Escherichia_coli":{"assembler":"ABySS","contiguity":0.02959268767545621,"multiplicity":1.0062288316879802,"validity":0.9996667688974887,"parsimony":1.0065642502028238,"identity":0.9985051775769322,"lowest_identity":0.941127476766614,"breadth_of_coverage":0.9740900828759773,"L90":133,"aligned_contigs":234,"NA50":42568,"NG50":40590,"aligned_basepairs":4641962,"Ns":0},"Lactobacillus_fermentum":{"assembler":"ABySS","contiguity":0.05657383774909688,"multiplicity":1.002763015322839,"validity":0.9996145937516082,"parsimony":1.0031496354604175,"identity":0.9990309717798168,"lowest_identity":0.9823825503355704,"breadth_of_coverage":0.9353278403302729,"L90":106,"aligned_contigs":137,"NA50":20444,"NG50":19070,"aligned_basepairs":1782111,"Ns":0},"Listeria_monocytogenes":{"assembler":"ABySS","contiguity":0.08694126540348664,"multiplicity":1.008520375672494,"validity":0.999945956306513,"parsimony":1.0085748827843182,"identity":0.9996676299902572,"lowest_identity":0.9916913946587537,"breadth_of_coverage":0.9871007391534791,"L90":30,"aligned_contigs":50,"NA50":96389,"NG50":96389,"aligned_basepairs":2953743,"Ns":0},"Pseudomonas_aeruginosa":{"assembler":"ABySS","contiguity":0.022872121937538372,"multiplicity":1.002946522597884,"validity":0.9995357942873276,"parsimony":1.0034123123254313,"identity":0.9979373938837877,"lowest_identity":0.9540133779264214,"breadth_of_coverage":0.9874209586401131,"L90":149,"aligned_contigs":277,"NA50":48572,"NG50":47199,"aligned_basepairs":6706889,"Ns":5},"Salmonella_enterica":{"assembler":"ABySS","contiguity":0.03297949092241477,"multiplicity":1.0100688133607438,"validity":0.9996632699062722,"parsimony":1.0104090484943469,"identity":0.9981569034225883,"lowest_identity":0.8657086223984143,"breadth_of_coverage":0.9787377309629548,"L90":118,"aligned_contigs":213,"NA50":44387,"NG50":44050,"aligned_basepairs":4658543,"Ns":2},"Staphylococcus_aureus":{"assembler":"ABySS","contiguity":0.06548341535541677,"multiplicity":1.0055319899246211,"validity":0.9999232658641338,"parsimony":1.0056091544741086,"identity":0.9995573543425665,"lowest_identity":0.9906007355946056,"breadth_of_coverage":0.9866848365811136,"L90":48,"aligned_contigs":80,"NA50":53240,"NG50":53240,"aligned_basepairs":2682579,"Ns":0},"Staphylococcus_aureus_plasmid1":{"assembler":"ABySS","contiguity":0.0,"multiplicity":0,"validity":0,"parsimony":0,"identity":0,"lowest_identity":0,"breadth_of_coverage":0.0,"L90":0,"aligned_contigs":0,"NA50":0,"NG50":0,"aligned_basepairs":0,"Ns":0},"Staphylococcus_aureus_plasmid2":{"assembler":"ABySS","contiguity":0.621841155234657,"multiplicity":1.0,"validity":1.0,"parsimony":1.0,"identity":1.0,"lowest_identity":1.0,"breadth_of_coverage":0.621841155234657,"L90":0,"aligned_contigs":1,"NA50":1378,"NG50":1378,"aligned_basepairs":1378,"Ns":0},"Staphylococcus_aureus_plasmid3":{"assembler":"ABySS","contiguity":0.6531907784831273,"multiplicity":1.0,"validity":1.0,"parsimony":1.0,"identity":1.0,"lowest_identity":1.0,"breadth_of_coverage":0.6531907784831273,"L90":0,"aligned_contigs":1,"NA50":1955,"NG50":1955,"aligned_basepairs":1955,"Ns":0}}}