{"sample_id":"ERR2984773","ReferenceTables":{"Bacillus_subtilis":{"assembler":"SPAdes","contiguity":0.14556080478001582,"multiplicity":1.000086503819873,"validity":0.9997996402071072,"parsimony":1.0002869211002179,"identity":0.9998820899923656,"lowest_identity":0.9986373600331773,"breadth_of_coverage":0.9829511846842939,"L90":16,"aligned_contigs":33,"NA50":263236,"NG50":263236,"aligned_basepairs":3976703,"Ns":0},"Enterococcus_faecalis":{"assembler":"SPAdes","contiguity":0.20897964146943548,"multiplicity":1.0369072956307064,"validity":0.999996889524194,"parsimony":1.0369105209157947,"identity":0.9999776533172712,"lowest_identity":0.9993199922284826,"breadth_of_coverage":0.9806912369192012,"L90":25,"aligned_contigs":63,"NA50":104623,"NG50":118250,"aligned_basepairs":2790451,"Ns":0},"Escherichia_coli_plasmid":{"assembler":"SPAdes","contiguity":0.48254202005326935,"multiplicity":1.001409456169574,"validity":1.0,"parsimony":1.001409456169574,"identity":0.9987235719017853,"lowest_identity":0.9954198473282443,"breadth_of_coverage":0.9932277036915833,"L90":2,"aligned_contigs":4,"NA50":28541,"NG50":28541,"aligned_basepairs":109262,"Ns":0},"Escherichia_coli":{"assembler":"SPAdes","contiguity":0.05953980267064868,"multiplicity":1.0003673222681728,"validity":0.9947602628608265,"parsimony":1.0056365936765719,"identity":0.9961630236111849,"lowest_identity":0.5360875679373646,"breadth_of_coverage":0.971750107125605,"L90":79,"aligned_contigs":143,"NA50":66358,"NG50":65182,"aligned_basepairs":4630811,"Ns":0},"Lactobacillus_fermentum":{"assembler":"SPAdes","contiguity":0.060208373024557914,"multiplicity":1.00241373816971,"validity":1.0,"parsimony":1.00241373816971,"identity":0.9998709716289653,"lowest_identity":0.9947019867549669,"breadth_of_coverage":0.9356432707563455,"L90":58,"aligned_contigs":101,"NA50":37879,"NG50":37242,"aligned_basepairs":1782712,"Ns":0},"Listeria_monocytogenes":{"assembler":"SPAdes","contiguity":0.11887912544755913,"multiplicity":1.0004727563939284,"validity":0.999979293163655,"parsimony":1.0004934734485473,"identity":0.9994261593443197,"lowest_identity":0.9878141660319878,"breadth_of_coverage":0.9839897979575865,"L90":19,"aligned_contigs":37,"NA50":147676,"NG50":147676,"aligned_basepairs":2944434,"Ns":0},"Pseudomonas_aeruginosa":{"assembler":"SPAdes","contiguity":0.10973642328921003,"multiplicity":1.0002912947089746,"validity":0.9999994047834282,"parsimony":1.0002918900992843,"identity":0.9991734343534022,"lowest_identity":0.9736077481840194,"breadth_of_coverage":0.9890982917496647,"L90":37,"aligned_contigs":79,"NA50":173647,"NG50":173647,"aligned_basepairs":6718282,"Ns":0},"Salmonella_enterica":{"assembler":"SPAdes","contiguity":0.08225228825235632,"multiplicity":1.000675681050167,"validity":0.9943165991363179,"parsimony":1.0063954297045556,"identity":0.9952914636705927,"lowest_identity":0.5023564288700544,"breadth_of_coverage":0.9772796699655822,"L90":50,"aligned_contigs":110,"NA50":106595,"NG50":106595,"aligned_basepairs":4651603,"Ns":0},"Staphylococcus_aureus":{"assembler":"SPAdes","contiguity":0.11371203260285863,"multiplicity":1.0004298619765195,"validity":1.0,"parsimony":1.0004298619765195,"identity":0.9999894495492737,"lowest_identity":0.9997692573933777,"breadth_of_coverage":0.9831435423241307,"L90":30,"aligned_contigs":48,"NA50":73613,"NG50":73613,"aligned_basepairs":2672951,"Ns":0},"Staphylococcus_aureus_plasmid1":{"assembler":"SPAdes","contiguity":0.0,"multiplicity":0,"validity":0,"parsimony":0,"identity":0,"lowest_identity":0,"breadth_of_coverage":0.0,"L90":0,"aligned_contigs":0,"NA50":0,"NG50":0,"aligned_basepairs":0,"Ns":0},"Staphylococcus_aureus_plasmid2":{"assembler":"SPAdes","contiguity":0.884927797833935,"multiplicity":1.0,"validity":1.0,"parsimony":1.0,"identity":1.0,"lowest_identity":1.0,"breadth_of_coverage":0.884927797833935,"L90":0,"aligned_contigs":1,"NA50":1961,"NG50":1961,"aligned_basepairs":1961,"Ns":0},"Staphylococcus_aureus_plasmid3":{"assembler":"SPAdes","contiguity":0.0,"multiplicity":0,"validity":0,"parsimony":0,"identity":0,"lowest_identity":0,"breadth_of_coverage":0.0,"L90":0,"aligned_contigs":0,"NA50":0,"NG50":0,"aligned_basepairs":0,"Ns":0}}}