{"sample_id":"ERR2984773","ReferenceTables":{"Bacillus_subtilis":{"assembler":"MINIA","contiguity":0.02915605966566288,"multiplicity":1.0005727871412071,"validity":0.999975705237723,"parsimony":1.0005970964097997,"identity":0.9999435345225307,"lowest_identity":0.9983783783783784,"breadth_of_coverage":0.9761310653322052,"L90":102,"aligned_contigs":170,"NA50":46155,"NG50":43056,"aligned_basepairs":3949111,"Ns":0},"Enterococcus_faecalis":{"assembler":"MINIA","contiguity":0.022230328896686292,"multiplicity":1.001054858854784,"validity":0.999938489692656,"parsimony":1.0011164378345625,"identity":0.9998593504596985,"lowest_identity":0.9938271604938271,"breadth_of_coverage":0.9645219358176308,"L90":148,"aligned_contigs":222,"NA50":20202,"NG50":19639,"aligned_basepairs":2744443,"Ns":0},"Escherichia_coli_plasmid":{"assembler":"MINIA","contiguity":0.22640377430527148,"multiplicity":1.000862920314103,"validity":0.9998084419627037,"parsimony":1.0010546803839036,"identity":0.9995911692559281,"lowest_identity":0.9967293540474244,"breadth_of_coverage":0.9480942121864973,"L90":6,"aligned_contigs":8,"NA50":14811,"NG50":14811,"aligned_basepairs":104297,"Ns":0},"Escherichia_coli":{"assembler":"MINIA","contiguity":0.011346290810029054,"multiplicity":1.0022789310159042,"validity":0.9999241253651301,"parsimony":1.0023549843343507,"identity":0.9998571771968295,"lowest_identity":0.9743589743589743,"breadth_of_coverage":0.7863651033672904,"L90":0,"aligned_contigs":1147,"NA50":4405,"NG50":3072,"aligned_basepairs":3747371,"Ns":0},"Lactobacillus_fermentum":{"assembler":"MINIA","contiguity":0.017739156357445128,"multiplicity":1.0011336782638396,"validity":0.9998340582720511,"parsimony":1.0012998356887688,"identity":0.9996388723544463,"lowest_identity":0.9343168247277837,"breadth_of_coverage":0.9097076469047668,"L90":262,"aligned_contigs":281,"NA50":9080,"NG50":8209,"aligned_basepairs":1733296,"Ns":0},"Listeria_monocytogenes":{"assembler":"MINIA","contiguity":0.02560502776754796,"multiplicity":1.0009687083084835,"validity":0.9999548853174438,"parsimony":1.0010138687314059,"identity":0.9998633666561841,"lowest_identity":0.9903952715182859,"breadth_of_coverage":0.9693978829959944,"L90":121,"aligned_contigs":184,"NA50":28142,"NG50":26654,"aligned_basepairs":2900770,"Ns":0},"Pseudomonas_aeruginosa":{"assembler":"MINIA","contiguity":0.012415327288279574,"multiplicity":1.0011333406475282,"validity":0.9998213345890695,"parsimony":1.0013122405104486,"identity":0.9994810748803065,"lowest_identity":0.973293768545994,"breadth_of_coverage":0.955440033096154,"L90":407,"aligned_contigs":598,"NA50":18690,"NG50":17851,"aligned_basepairs":6489664,"Ns":0},"Salmonella_enterica":{"assembler":"MINIA","contiguity":0.00919355780749645,"multiplicity":1.0024025295320234,"validity":0.9998326710990466,"parsimony":1.0025702885165293,"identity":0.9996132549435429,"lowest_identity":0.8015488867376573,"breadth_of_coverage":0.7990079722741508,"L90":0,"aligned_contigs":1106,"NA50":4884,"NG50":3355,"aligned_basepairs":3803075,"Ns":0},"Staphylococcus_aureus":{"assembler":"MINIA","contiguity":0.023957068979468733,"multiplicity":1.000829648254561,"validity":0.9999911485965908,"parsimony":1.0008385070799348,"identity":0.999936194722045,"lowest_identity":0.9931758530183727,"breadth_of_coverage":0.9549433937280692,"L90":139,"aligned_contigs":206,"NA50":23433,"NG50":22986,"aligned_basepairs":2596281,"Ns":0},"Staphylococcus_aureus_plasmid1":{"assembler":"MINIA","contiguity":0.0,"multiplicity":0,"validity":0,"parsimony":0,"identity":0,"lowest_identity":0,"breadth_of_coverage":0.0,"L90":0,"aligned_contigs":0,"NA50":0,"NG50":0,"aligned_basepairs":0,"Ns":0},"Staphylococcus_aureus_plasmid2":{"assembler":"MINIA","contiguity":0.0,"multiplicity":0,"validity":0,"parsimony":0,"identity":0,"lowest_identity":0,"breadth_of_coverage":0.0,"L90":0,"aligned_contigs":0,"NA50":0,"NG50":0,"aligned_basepairs":0,"Ns":0},"Staphylococcus_aureus_plasmid3":{"assembler":"MINIA","contiguity":0.0,"multiplicity":0,"validity":0,"parsimony":0,"identity":0,"lowest_identity":0,"breadth_of_coverage":0.0,"L90":0,"aligned_contigs":0,"NA50":0,"NG50":0,"aligned_basepairs":0,"Ns":0}}}