{"sample_id":"ERR2984773","ReferenceTables":{"Bacillus_subtilis":{"assembler":"MetaHipMer2","contiguity":0.0006181907255571812,"multiplicity":1.0009438506186115,"validity":0.9998833586866188,"parsimony":1.0010606156435942,"identity":0.999902149450406,"lowest_identity":0.9831697054698457,"breadth_of_coverage":0.05080509393112698,"L90":0,"aligned_contigs":172,"NA50":1148,"NG50":0,"aligned_basepairs":205541,"Ns":0},"Enterococcus_faecalis":{"assembler":"MetaHipMer2","contiguity":0.0009144609951809803,"multiplicity":1.0001423768669742,"validity":1.0,"parsimony":1.0001423768669742,"identity":1.0,"lowest_identity":1.0,"breadth_of_coverage":0.0765209152201173,"L90":0,"aligned_contigs":179,"NA50":1166,"NG50":0,"aligned_basepairs":217732,"Ns":0},"Escherichia_coli_plasmid":{"assembler":"MetaHipMer2","contiguity":0.013662766914832692,"multiplicity":1.0,"validity":1.0,"parsimony":1.0,"identity":1.0,"lowest_identity":1.0,"breadth_of_coverage":0.013662766914832692,"L90":0,"aligned_contigs":1,"NA50":1503,"NG50":0,"aligned_basepairs":1503,"Ns":0},"Escherichia_coli":{"assembler":"MetaHipMer2","contiguity":0.0004383651100823136,"multiplicity":1.0,"validity":0.9993658597688911,"parsimony":1.0006345426201126,"identity":0.9993390590038995,"lowest_identity":0.9576923076923077,"breadth_of_coverage":0.026786857188663193,"L90":0,"aligned_contigs":107,"NA50":1155,"NG50":0,"aligned_basepairs":127651,"Ns":0},"Lactobacillus_fermentum":{"assembler":"MetaHipMer2","contiguity":0.0006765221617428555,"multiplicity":1.0,"validity":1.0,"parsimony":1.0,"identity":1.0,"lowest_identity":1.0,"breadth_of_coverage":0.004798636248886678,"L90":0,"aligned_contigs":8,"NA50":1179,"NG50":0,"aligned_basepairs":9143,"Ns":0},"Listeria_monocytogenes":{"assembler":"MetaHipMer2","contiguity":0.0009905284890563979,"multiplicity":1.0022278090030998,"validity":0.9999247296354922,"parsimony":1.0023032527342806,"identity":0.999959538086799,"lowest_identity":0.9855550969872059,"breadth_of_coverage":0.150606782246147,"L90":0,"aligned_contigs":357,"NA50":1221,"NG50":0,"aligned_basepairs":450667,"Ns":0},"Pseudomonas_aeruginosa":{"assembler":"MetaHipMer2","contiguity":0.00031638627687406235,"multiplicity":1.000977201978582,"validity":1.0,"parsimony":1.000977201978582,"identity":1.0,"lowest_identity":1.0,"breadth_of_coverage":0.014613983713983272,"L90":0,"aligned_contigs":85,"NA50":1144,"NG50":0,"aligned_basepairs":99263,"Ns":0},"Salmonella_enterica":{"assembler":"MetaHipMer2","contiguity":0.0005512899217731366,"multiplicity":1.000657206870799,"validity":0.9989363605638283,"parsimony":1.0017226786158826,"identity":0.9987376414740351,"lowest_identity":0.9107843137254902,"breadth_of_coverage":0.02109881493676343,"L90":0,"aligned_contigs":84,"NA50":1141,"NG50":0,"aligned_basepairs":100425,"Ns":0},"Staphylococcus_aureus":{"assembler":"MetaHipMer2","contiguity":0.0009618284671801322,"multiplicity":1.0013172417417813,"validity":0.99996391502316,"parsimony":1.0013533755551467,"identity":0.9999634963828234,"lowest_identity":0.990983606557377,"breadth_of_coverage":0.11197081043703426,"L90":0,"aligned_contigs":247,"NA50":1220,"NG50":0,"aligned_basepairs":304424,"Ns":0},"Staphylococcus_aureus_plasmid1":{"assembler":"MetaHipMer2","contiguity":0.0,"multiplicity":0,"validity":0,"parsimony":0,"identity":0,"lowest_identity":0,"breadth_of_coverage":0.0,"L90":0,"aligned_contigs":0,"NA50":0,"NG50":0,"aligned_basepairs":0,"Ns":0},"Staphylococcus_aureus_plasmid2":{"assembler":"MetaHipMer2","contiguity":0.0,"multiplicity":0,"validity":0,"parsimony":0,"identity":0,"lowest_identity":0,"breadth_of_coverage":0.0,"L90":0,"aligned_contigs":0,"NA50":0,"NG50":0,"aligned_basepairs":0,"Ns":0},"Staphylococcus_aureus_plasmid3":{"assembler":"MetaHipMer2","contiguity":0.5322418977614434,"multiplicity":1.0,"validity":1.0,"parsimony":1.0,"identity":1.0,"lowest_identity":1.0,"breadth_of_coverage":0.5322418977614434,"L90":0,"aligned_contigs":1,"NA50":1593,"NG50":1593,"aligned_basepairs":1593,"Ns":0}}}