{"sample_id":"LHS","ReferenceTables":{"Bacillus_subtilis":{"assembler":"SPAdes","contiguity":0.04777865360976667,"multiplicity":1.0000058016418647,"validity":0.9999982342962724,"parsimony":1.000007567358954,"identity":0.9997698938473012,"lowest_identity":0.986469864698647,"breadth_of_coverage":0.9799089250081012,"L90":72,"aligned_contigs":116,"NA50":56470,"NG50":54127,"aligned_basepairs":3964395,"Ns":0},"Enterococcus_faecalis":{"assembler":"SPAdes","contiguity":0.001155201111129855,"multiplicity":1.005974735404575,"validity":1.0,"parsimony":1.005974735404575,"identity":1.0,"lowest_identity":1.0,"breadth_of_coverage":0.006176301894431417,"L90":0,"aligned_contigs":8,"NA50":2248,"NG50":0,"aligned_basepairs":17574,"Ns":0},"Escherichia_coli_plasmid":{"assembler":"SPAdes","contiguity":0.0,"multiplicity":0,"validity":0,"parsimony":0,"identity":0,"lowest_identity":0,"breadth_of_coverage":0.0,"L90":0,"aligned_contigs":0,"NA50":0,"NG50":0,"aligned_basepairs":0,"Ns":0},"Escherichia_coli":{"assembler":"SPAdes","contiguity":0.00037855943446074374,"multiplicity":0.9636152184748297,"validity":0.9644163618224144,"parsimony":0.9991692972254528,"identity":0.9562386929480989,"lowest_identity":0.9320652173913043,"breadth_of_coverage":0.0012630539002323818,"L90":0,"aligned_contigs":4,"NA50":1684,"NG50":0,"aligned_basepairs":6019,"Ns":0},"Lactobacillus_fermentum":{"assembler":"SPAdes","contiguity":0.0008313507402643003,"multiplicity":0.9558080808080808,"validity":0.9558080808080808,"parsimony":1.0,"identity":0.9551767676767676,"lowest_identity":0.9551767676767676,"breadth_of_coverage":0.0008313507402643003,"L90":0,"aligned_contigs":1,"NA50":1584,"NG50":0,"aligned_basepairs":1584,"Ns":0},"Listeria_monocytogenes":{"assembler":"SPAdes","contiguity":0.002814183672855576,"multiplicity":1.0133698157047721,"validity":1.0,"parsimony":1.0133698157047721,"identity":1.0,"lowest_identity":1.0,"breadth_of_coverage":0.7896106126906617,"L90":0,"aligned_contigs":1288,"NA50":1964,"NG50":1651,"aligned_basepairs":2362785,"Ns":0},"Pseudomonas_aeruginosa":{"assembler":"SPAdes","contiguity":0.03881510468425415,"multiplicity":1.0000426752996112,"validity":0.9999809017449987,"parsimony":1.0000617747344023,"identity":0.9998574403001529,"lowest_identity":0.9948856799037304,"breadth_of_coverage":0.9866671672312741,"L90":54,"aligned_contigs":109,"NA50":140753,"NG50":140753,"aligned_basepairs":6701769,"Ns":0},"Salmonella_enterica":{"assembler":"SPAdes","contiguity":0.00030736934281787304,"multiplicity":1.0,"validity":0.964403427818062,"parsimony":1.0369104579630894,"identity":0.964403427818062,"lowest_identity":0.964403427818062,"breadth_of_coverage":0.00030736934281787304,"L90":0,"aligned_contigs":1,"NA50":1517,"NG50":0,"aligned_basepairs":1463,"Ns":0},"Staphylococcus_aureus":{"assembler":"SPAdes","contiguity":0.0,"multiplicity":0,"validity":0,"parsimony":0,"identity":0,"lowest_identity":0,"breadth_of_coverage":0.0,"L90":0,"aligned_contigs":0,"NA50":0,"NG50":0,"aligned_basepairs":0,"Ns":0},"Staphylococcus_aureus_plasmid1":{"assembler":"SPAdes","contiguity":0.0,"multiplicity":0,"validity":0,"parsimony":0,"identity":0,"lowest_identity":0,"breadth_of_coverage":0.0,"L90":0,"aligned_contigs":0,"NA50":0,"NG50":0,"aligned_basepairs":0,"Ns":0},"Staphylococcus_aureus_plasmid2":{"assembler":"SPAdes","contiguity":0.0,"multiplicity":0,"validity":0,"parsimony":0,"identity":0,"lowest_identity":0,"breadth_of_coverage":0.0,"L90":0,"aligned_contigs":0,"NA50":0,"NG50":0,"aligned_basepairs":0,"Ns":0},"Staphylococcus_aureus_plasmid3":{"assembler":"SPAdes","contiguity":0.0,"multiplicity":0,"validity":0,"parsimony":0,"identity":0,"lowest_identity":0,"breadth_of_coverage":0.0,"L90":0,"aligned_contigs":0,"NA50":0,"NG50":0,"aligned_basepairs":0,"Ns":0}}}