{"sample_id":"LNN","ReferenceTables":{"Bacillus_subtilis":{"assembler":"SPAdes","contiguity":0.06505586086086457,"multiplicity":1.0001156269145197,"validity":1.0,"parsimony":1.0001156269145197,"identity":0.9999228337560622,"lowest_identity":0.997020854021847,"breadth_of_coverage":0.9812113028301568,"L90":39,"aligned_contigs":65,"NA50":104069,"NG50":104069,"aligned_basepairs":3969664,"Ns":0},"Enterococcus_faecalis":{"assembler":"SPAdes","contiguity":0.0,"multiplicity":0,"validity":0,"parsimony":0,"identity":0,"lowest_identity":0,"breadth_of_coverage":0.0,"L90":0,"aligned_contigs":0,"NA50":0,"NG50":0,"aligned_basepairs":0,"Ns":0},"Escherichia_coli_plasmid":{"assembler":"SPAdes","contiguity":0.0,"multiplicity":0,"validity":0,"parsimony":0,"identity":0,"lowest_identity":0,"breadth_of_coverage":0.0,"L90":0,"aligned_contigs":0,"NA50":0,"NG50":0,"aligned_basepairs":0,"Ns":0},"Escherichia_coli":{"assembler":"SPAdes","contiguity":0.00025684963845895256,"multiplicity":1.0,"validity":1.0129166290308012,"parsimony":0.9872480827537008,"identity":1.004725008586246,"lowest_identity":0.9589442815249267,"breadth_of_coverage":0.0023531959523518738,"L90":0,"aligned_contigs":11,"NA50":1094,"NG50":0,"aligned_basepairs":11214,"Ns":0},"Lactobacillus_fermentum":{"assembler":"SPAdes","contiguity":0.0012097622830234925,"multiplicity":1.0,"validity":0.9966442953020134,"parsimony":1.0033670033670035,"identity":0.9974171330176497,"lowest_identity":0.9922513990529488,"breadth_of_coverage":0.002805808748392013,"L90":0,"aligned_contigs":3,"NA50":1808,"NG50":0,"aligned_basepairs":5346,"Ns":0},"Listeria_monocytogenes":{"assembler":"SPAdes","contiguity":0.21141934979357305,"multiplicity":1.0,"validity":1.0,"parsimony":1.0,"identity":1.0,"lowest_identity":1.0,"breadth_of_coverage":0.9872658272349886,"L90":8,"aligned_contigs":13,"NA50":351104,"NG50":351104,"aligned_basepairs":2954237,"Ns":0},"Pseudomonas_aeruginosa":{"assembler":"SPAdes","contiguity":0.042058468890645774,"multiplicity":1.0006672030426493,"validity":0.9995967283880496,"parsimony":1.0010709065207986,"identity":0.9992550674320814,"lowest_identity":0.9356754690188154,"breadth_of_coverage":0.9839220120341621,"L90":60,"aligned_contigs":129,"NA50":122703,"NG50":122703,"aligned_basepairs":6683123,"Ns":0},"Salmonella_enterica":{"assembler":"SPAdes","contiguity":0.00036409505885398087,"multiplicity":1.0,"validity":0.9914852338866135,"parsimony":1.0085878899880423,"identity":0.9924466445629242,"lowest_identity":0.9553472987872106,"breadth_of_coverage":0.0019326661548746508,"L90":0,"aligned_contigs":7,"NA50":1299,"NG50":0,"aligned_basepairs":9199,"Ns":0},"Staphylococcus_aureus":{"assembler":"SPAdes","contiguity":0.0,"multiplicity":0,"validity":0,"parsimony":0,"identity":0,"lowest_identity":0,"breadth_of_coverage":0.0,"L90":0,"aligned_contigs":0,"NA50":0,"NG50":0,"aligned_basepairs":0,"Ns":0},"Staphylococcus_aureus_plasmid1":{"assembler":"SPAdes","contiguity":0.0,"multiplicity":0,"validity":0,"parsimony":0,"identity":0,"lowest_identity":0,"breadth_of_coverage":0.0,"L90":0,"aligned_contigs":0,"NA50":0,"NG50":0,"aligned_basepairs":0,"Ns":0},"Staphylococcus_aureus_plasmid2":{"assembler":"SPAdes","contiguity":0.0,"multiplicity":0,"validity":0,"parsimony":0,"identity":0,"lowest_identity":0,"breadth_of_coverage":0.0,"L90":0,"aligned_contigs":0,"NA50":0,"NG50":0,"aligned_basepairs":0,"Ns":0},"Staphylococcus_aureus_plasmid3":{"assembler":"SPAdes","contiguity":0.0,"multiplicity":0,"validity":0,"parsimony":0,"identity":0,"lowest_identity":0,"breadth_of_coverage":0.0,"L90":0,"aligned_contigs":0,"NA50":0,"NG50":0,"aligned_basepairs":0,"Ns":0}}}