{"sample_id":"LNN","ReferenceTables":{"Bacillus_subtilis":{"assembler":"MINIA","contiguity":0.026134315715268423,"multiplicity":1.0231151339810594,"validity":1.0000272145398874,"parsimony":1.0230872911311666,"identity":1.0000078199082119,"lowest_identity":0.9991728701406121,"breadth_of_coverage":0.9765349532352682,"L90":103,"aligned_contigs":208,"NA50":33942,"NG50":34464,"aligned_basepairs":3950745,"Ns":0},"Enterococcus_faecalis":{"assembler":"MINIA","contiguity":0.0,"multiplicity":0,"validity":0,"parsimony":0,"identity":0,"lowest_identity":0,"breadth_of_coverage":0.0,"L90":0,"aligned_contigs":0,"NA50":0,"NG50":0,"aligned_basepairs":0,"Ns":0},"Escherichia_coli_plasmid":{"assembler":"MINIA","contiguity":0.0,"multiplicity":0,"validity":0,"parsimony":0,"identity":0,"lowest_identity":0,"breadth_of_coverage":0.0,"L90":0,"aligned_contigs":0,"NA50":0,"NG50":0,"aligned_basepairs":0,"Ns":0},"Escherichia_coli":{"assembler":"MINIA","contiguity":0.0,"multiplicity":0,"validity":0,"parsimony":0,"identity":0,"lowest_identity":0,"breadth_of_coverage":0.0,"L90":0,"aligned_contigs":0,"NA50":0,"NG50":0,"aligned_basepairs":0,"Ns":0},"Lactobacillus_fermentum":{"assembler":"MINIA","contiguity":0.0007956614408085096,"multiplicity":1.0,"validity":1.0,"parsimony":1.0,"identity":1.0,"lowest_identity":1.0,"breadth_of_coverage":0.001431245876705017,"L90":0,"aligned_contigs":2,"NA50":1516,"NG50":0,"aligned_basepairs":2727,"Ns":0},"Listeria_monocytogenes":{"assembler":"MINIA","contiguity":0.054075369727123436,"multiplicity":1.0003655179464526,"validity":0.9999993164001083,"parsimony":1.0003662017966797,"identity":0.9998740152812052,"lowest_identity":0.9890393294648614,"breadth_of_coverage":0.9773672260724209,"L90":49,"aligned_contigs":87,"NA50":64777,"NG50":64473,"aligned_basepairs":2924617,"Ns":0},"Pseudomonas_aeruginosa":{"assembler":"MINIA","contiguity":0.024077599292142756,"multiplicity":1.0008733747611553,"validity":0.9999998468563515,"parsimony":1.0008735280385792,"identity":0.9999634032311465,"lowest_identity":0.9875473741201949,"breadth_of_coverage":0.9605125192680568,"L90":291,"aligned_contigs":466,"NA50":24665,"NG50":24029,"aligned_basepairs":6524118,"Ns":0},"Salmonella_enterica":{"assembler":"MINIA","contiguity":0.0002758550561311465,"multiplicity":1.0,"validity":1.0,"parsimony":1.0,"identity":1.0,"lowest_identity":1.0,"breadth_of_coverage":0.0002758550561311465,"L90":0,"aligned_contigs":1,"NA50":1313,"NG50":0,"aligned_basepairs":1313,"Ns":0},"Staphylococcus_aureus":{"assembler":"MINIA","contiguity":0.0,"multiplicity":0,"validity":0,"parsimony":0,"identity":0,"lowest_identity":0,"breadth_of_coverage":0.0,"L90":0,"aligned_contigs":0,"NA50":0,"NG50":0,"aligned_basepairs":0,"Ns":0},"Staphylococcus_aureus_plasmid1":{"assembler":"MINIA","contiguity":0.0,"multiplicity":0,"validity":0,"parsimony":0,"identity":0,"lowest_identity":0,"breadth_of_coverage":0.0,"L90":0,"aligned_contigs":0,"NA50":0,"NG50":0,"aligned_basepairs":0,"Ns":0},"Staphylococcus_aureus_plasmid2":{"assembler":"MINIA","contiguity":0.0,"multiplicity":0,"validity":0,"parsimony":0,"identity":0,"lowest_identity":0,"breadth_of_coverage":0.0,"L90":0,"aligned_contigs":0,"NA50":0,"NG50":0,"aligned_basepairs":0,"Ns":0},"Staphylococcus_aureus_plasmid3":{"assembler":"MINIA","contiguity":0.0,"multiplicity":0,"validity":0,"parsimony":0,"identity":0,"lowest_identity":0,"breadth_of_coverage":0.0,"L90":0,"aligned_contigs":0,"NA50":0,"NG50":0,"aligned_basepairs":0,"Ns":0}}}