{"sample_id":"LNN","ReferenceTables":{"Bacillus_subtilis":{"assembler":"IDBA-UD","contiguity":0.07363884956708111,"multiplicity":1.0001295488956523,"validity":1.0000636382730133,"parsimony":1.0000659064284678,"identity":0.9999950099041118,"lowest_identity":0.9997514528174598,"breadth_of_coverage":0.9826125516199143,"L90":34,"aligned_contigs":51,"NA50":122499,"NG50":114257,"aligned_basepairs":3975333,"Ns":0},"Enterococcus_faecalis":{"assembler":"IDBA-UD","contiguity":0.15580594870583736,"multiplicity":1.0006185320315555,"validity":0.9995788250000089,"parsimony":1.001040145114665,"identity":0.995773664375887,"lowest_identity":0.7950740111623392,"breadth_of_coverage":0.9869508313792967,"L90":27,"aligned_contigs":53,"NA50":113206,"NG50":113206,"aligned_basepairs":2808262,"Ns":0},"Escherichia_coli_plasmid":{"assembler":"IDBA-UD","contiguity":0.4829419946003436,"multiplicity":1.0009139586410636,"validity":1.0,"parsimony":1.0009139586410636,"identity":1.0,"lowest_identity":1.0,"breadth_of_coverage":0.9846646122519476,"L90":2,"aligned_contigs":3,"NA50":28766,"NG50":28766,"aligned_basepairs":108320,"Ns":0},"Escherichia_coli":{"assembler":"IDBA-UD","contiguity":0.027644701405999957,"multiplicity":1.00151282930548,"validity":0.9999537324465744,"parsimony":1.0015591689978405,"identity":0.999160988974018,"lowest_identity":0.8664717348927875,"breadth_of_coverage":0.9736051322922529,"L90":101,"aligned_contigs":194,"NA50":62700,"NG50":60988,"aligned_basepairs":4639651,"Ns":0},"Lactobacillus_fermentum":{"assembler":"IDBA-UD","contiguity":0.06396519663491894,"multiplicity":1.0006657148994826,"validity":1.0,"parsimony":1.0006657148994826,"identity":1.0,"lowest_identity":1.0,"breadth_of_coverage":0.9381835091293753,"L90":57,"aligned_contigs":88,"NA50":40069,"NG50":38890,"aligned_basepairs":1787552,"Ns":0},"Listeria_monocytogenes":{"assembler":"IDBA-UD","contiguity":0.19577207418136028,"multiplicity":1.0000109737487355,"validity":1.0001666897608585,"parsimony":0.9998443099398159,"identity":0.9998256087769676,"lowest_identity":0.9958391123439667,"breadth_of_coverage":0.974504251185192,"L90":12,"aligned_contigs":24,"NA50":468323,"NG50":468323,"aligned_basepairs":2916050,"Ns":0},"Pseudomonas_aeruginosa":{"assembler":"IDBA-UD","contiguity":0.04994442260608657,"multiplicity":1.000814537651633,"validity":1.00015888833122,"parsimony":1.0006555451619363,"identity":0.9999535693626889,"lowest_identity":0.9665409990574929,"breadth_of_coverage":0.9852495388180492,"L90":74,"aligned_contigs":160,"NA50":83546,"NG50":83546,"aligned_basepairs":6692140,"Ns":0},"Salmonella_enterica":{"assembler":"IDBA-UD","contiguity":0.019672688416566768,"multiplicity":1.0025365125181795,"validity":1.0020835454493402,"parsimony":1.000452025253679,"identity":1.0000270206359483,"lowest_identity":0.8739283913262733,"breadth_of_coverage":0.942587062418877,"L90":398,"aligned_contigs":538,"NA50":15414,"NG50":14424,"aligned_basepairs":4486475,"Ns":0},"Staphylococcus_aureus":{"assembler":"IDBA-UD","contiguity":0.06690243418003664,"multiplicity":1.0005614485974292,"validity":1.000144055029021,"parsimony":1.000417333449426,"identity":0.9996401757019018,"lowest_identity":0.9855403348554034,"breadth_of_coverage":0.9800484040635874,"L90":43,"aligned_contigs":73,"NA50":53248,"NG50":51887,"aligned_basepairs":2664536,"Ns":0},"Staphylococcus_aureus_plasmid1":{"assembler":"IDBA-UD","contiguity":1.002998264162853,"multiplicity":1.002998264162853,"validity":1.0,"parsimony":1.002998264162853,"identity":1.0,"lowest_identity":1.0,"breadth_of_coverage":1.0,"L90":0,"aligned_contigs":1,"NA50":6356,"NG50":6356,"aligned_basepairs":6337,"Ns":0},"Staphylococcus_aureus_plasmid2":{"assembler":"IDBA-UD","contiguity":0.0,"multiplicity":0,"validity":0,"parsimony":0,"identity":0,"lowest_identity":0,"breadth_of_coverage":0.0,"L90":0,"aligned_contigs":0,"NA50":0,"NG50":0,"aligned_basepairs":0,"Ns":0},"Staphylococcus_aureus_plasmid3":{"assembler":"IDBA-UD","contiguity":1.0330771800868694,"multiplicity":1.0330771800868694,"validity":1.0,"parsimony":1.0330771800868694,"identity":1.0,"lowest_identity":1.0,"breadth_of_coverage":1.0,"L90":0,"aligned_contigs":1,"NA50":3092,"NG50":3092,"aligned_basepairs":2993,"Ns":0}}}