{"assembler":"MetaHipMer2","sample_id":"ERR2984773","global":{"contigs":19361,"basepairs":13180259,"max_contig_size":2964,"N50":659,"mapped_reads":25.542410756714496,"Ns":0},"filtered":{"contigs":1308,"basepairs":1599587,"N50":1175,"mapped_reads":3.950746955489532,"Ns":0}}