{"assembler":"MetaHipMer2","sample_id":"ERR2984773","global":{"contigs":19351,"basepairs":13174826,"max_contig_size":2964,"N50":658,"mapped_reads":25.539656290409983,"Ns":0},"filtered":{"contigs":1309,"basepairs":1601390,"N50":1178,"mapped_reads":3.9685371655471813,"Ns":0}}