{"assembler":"MINIA","sample_id":"ERR2984773","global":{"contigs":67987,"basepairs":41186508,"max_contig_size":117945,"N50":7106,"mapped_reads":80.6659400339027,"Ns":0},"filtered":{"contigs":3978,"basepairs":28276538,"N50":15912,"mapped_reads":74.38805604223485,"Ns":0}}