{"assembler":"IDBA-UD","sample_id":"ERR2984773","global":{"contigs":20164,"basepairs":39773020,"max_contig_size":303329,"N50":20993,"mapped_reads":84.33677288776539,"Ns":0},"filtered":{"contigs":2654,"basepairs":31562690,"N50":29134,"mapped_reads":81.5967390761224,"Ns":0}}