{"LHS":{"assembler":"GATBMiniaPipeline","mapped_reads_original":97.4807846338619,"mapped_reads_filtered":97.03376060721159}}