{"LHS":{"assembler":"MINIA","mapped_reads_original":91.15269241749844,"mapped_reads_filtered":81.99477627704246}}