{"LHS":{"assembler":"metaSPAdes","mapped_reads_original":97.82898056536897,"mapped_reads_filtered":97.73672749051734}}