{"LHS":{"assembler":"MEGAHIT","mapped_reads_original":98.20679753821206,"mapped_reads_filtered":97.58873413235405}}