{"LHS":{"assembler":"VelvetOptimiser","mapped_reads_original":4.0852367651217945,"mapped_reads_filtered":0.2555226407321943}}