{"LHS":{"assembler":"Unicycler","mapped_reads_original":97.20123651357761,"mapped_reads_filtered":96.65135784517624}}