{"LHS":{"assembler":"IDBA-UD","mapped_reads_original":97.62862955754483,"mapped_reads_filtered":97.20216057048347}}