{"assembler":"GATBMiniaPipeline","sample_id":"ERR2984773","global":{"contigs":5402,"basepairs":32811080,"max_contig_size":768462,"N50":102115,"mapped_reads":84.06437665801514,"Ns":0},"filtered":{"contigs":761,"basepairs":30564398,"N50":113162,"mapped_reads":82.83607249072388,"Ns":0}}