{"assembler":"MINIA","sample_id":"ERR2984773","global":{"contigs":67998,"basepairs":41187149,"max_contig_size":117945,"N50":7106,"mapped_reads":80.66339613630329,"Ns":0},"filtered":{"contigs":3973,"basepairs":28276844,"N50":15912,"mapped_reads":74.39082189063151,"Ns":0}}