{"assembler":"SPAdes","sample_id":"ERR2984773","global":{"contigs":39819,"basepairs":46535940,"max_contig_size":745370,"N50":53292,"mapped_reads":85.44643581734974,"Ns":0},"filtered":{"contigs":2049,"basepairs":32500826,"N50":99299,"mapped_reads":82.04558049865173,"Ns":0}}