{"assembler":"VelvetOptimiser","sample_id":"ERR2984773","global":{"contigs":595080,"basepairs":54970900,"max_contig_size":1488,"N50":88,"mapped_reads":2.0285847586273698,"Ns":551},"filtered":{"contigs":32,"basepairs":35406,"N50":1080,"mapped_reads":0.005321128088260385,"Ns":0}}