{"assembler":"MetaHipMer2","sample_id":"ERR2984773","global":{"contigs":19350,"basepairs":13176551,"max_contig_size":2964,"N50":659,"mapped_reads":25.534909957976176,"Ns":0},"filtered":{"contigs":1306,"basepairs":1597681,"N50":1178,"mapped_reads":3.976356662866186,"Ns":0}}