{"sample_id":"ERR2935805","ReferenceTables":{"Bacillus_subtilis":{"assembler":"MetaHipMer2","contiguity":0.003645619756594508,"multiplicity":1.0162472146655548,"validity":0.9969415320502129,"parsimony":1.0193649095706143,"identity":0.9959379002478501,"lowest_identity":0.9238805970149254,"breadth_of_coverage":0.8679012190048785,"L90":0,"aligned_contigs":1409,"NA50":2986,"NG50":2697,"aligned_basepairs":3511248,"Ns":0},"Enterococcus_faecalis":{"assembler":"MetaHipMer2","contiguity":0.0013049168620703228,"multiplicity":1.0,"validity":1.0,"parsimony":1.0,"identity":1.0,"lowest_identity":1.0,"breadth_of_coverage":0.00350531666638551,"L90":0,"aligned_contigs":5,"NA50":2110,"NG50":0,"aligned_basepairs":9974,"Ns":0},"Escherichia_coli_plasmid":{"assembler":"MetaHipMer2","contiguity":0.0,"multiplicity":0,"validity":0,"parsimony":0,"identity":0,"lowest_identity":0,"breadth_of_coverage":0.0,"L90":0,"aligned_contigs":0,"NA50":0,"NG50":0,"aligned_basepairs":0,"Ns":0},"Escherichia_coli":{"assembler":"MetaHipMer2","contiguity":0.00028370973136969266,"multiplicity":1.0,"validity":1.0,"parsimony":1.0,"identity":1.0,"lowest_identity":1.0,"breadth_of_coverage":0.00028370973136969266,"L90":0,"aligned_contigs":1,"NA50":1352,"NG50":0,"aligned_basepairs":1352,"Ns":0},"Lactobacillus_fermentum":{"assembler":"MetaHipMer2","contiguity":0.0,"multiplicity":0,"validity":0,"parsimony":0,"identity":0,"lowest_identity":0,"breadth_of_coverage":0.0,"L90":0,"aligned_contigs":0,"NA50":0,"NG50":0,"aligned_basepairs":0,"Ns":0},"Listeria_monocytogenes":{"assembler":"MetaHipMer2","contiguity":0.004710691491814772,"multiplicity":1.0156710631960235,"validity":0.9962834581762229,"parsimony":1.0194599286585477,"identity":0.9952312054056793,"lowest_identity":0.8388059701492537,"breadth_of_coverage":0.8724083009228223,"L90":0,"aligned_contigs":1074,"NA50":2785,"NG50":2542,"aligned_basepairs":2610544,"Ns":0},"Pseudomonas_aeruginosa":{"assembler":"MetaHipMer2","contiguity":0.0008709824169320395,"multiplicity":1.0132463659983033,"validity":0.9994903089288394,"parsimony":1.013763071984366,"identity":0.9993769090916398,"lowest_identity":0.9367396593673966,"breadth_of_coverage":0.5544732072793872,"L90":0,"aligned_contigs":2402,"NA50":1606,"NG50":1107,"aligned_basepairs":3766165,"Ns":0},"Salmonella_enterica":{"assembler":"MetaHipMer2","contiguity":0.0,"multiplicity":0,"validity":0,"parsimony":0,"identity":0,"lowest_identity":0,"breadth_of_coverage":0.0,"L90":0,"aligned_contigs":0,"NA50":0,"NG50":0,"aligned_basepairs":0,"Ns":0},"Staphylococcus_aureus":{"assembler":"MetaHipMer2","contiguity":0.0,"multiplicity":0,"validity":0,"parsimony":0,"identity":0,"lowest_identity":0,"breadth_of_coverage":0.0,"L90":0,"aligned_contigs":0,"NA50":0,"NG50":0,"aligned_basepairs":0,"Ns":0},"Staphylococcus_aureus_plasmid1":{"assembler":"MetaHipMer2","contiguity":0.0,"multiplicity":0,"validity":0,"parsimony":0,"identity":0,"lowest_identity":0,"breadth_of_coverage":0.0,"L90":0,"aligned_contigs":0,"NA50":0,"NG50":0,"aligned_basepairs":0,"Ns":0},"Staphylococcus_aureus_plasmid2":{"assembler":"MetaHipMer2","contiguity":0.0,"multiplicity":0,"validity":0,"parsimony":0,"identity":0,"lowest_identity":0,"breadth_of_coverage":0.0,"L90":0,"aligned_contigs":0,"NA50":0,"NG50":0,"aligned_basepairs":0,"Ns":0},"Staphylococcus_aureus_plasmid3":{"assembler":"MetaHipMer2","contiguity":0.0,"multiplicity":0,"validity":0,"parsimony":0,"identity":0,"lowest_identity":0,"breadth_of_coverage":0.0,"L90":0,"aligned_contigs":0,"NA50":0,"NG50":0,"aligned_basepairs":0,"Ns":0}}}