{"assembler":"ABySS","sample_id":"ERR2935805","global":{"contigs":677860,"basepairs":78728532,"max_contig_size":88665,"N50":101,"mapped_reads":297.9152753983255,"Ns":9},"filtered":{"contigs":356,"basepairs":3150980,"N50":18568,"mapped_reads":79.20890402818348,"Ns":0}}