{"assembler":"GATBMiniaPipeline","sample_id":"ERR2935805","global":{"contigs":6777,"basepairs":17126362,"max_contig_size":542997,"N50":56759,"mapped_reads":89.67644378087031,"Ns":0},"filtered":{"contigs":603,"basepairs":13891328,"N50":90989,"mapped_reads":89.11094918977041,"Ns":0}}