{"assembler":"BCALM2","sample_id":"ERR2935805","global":{"contigs":8035706,"basepairs":315567452,"max_contig_size":3093,"N50":35,"mapped_reads":1.435471152877832,"Ns":0},"filtered":{"contigs":504,"basepairs":657074,"N50":1262,"mapped_reads":0.10403897947910076,"Ns":0}}