{"assembler":"MetaHipMer2","sample_id":"ERR2935805","global":{"contigs":11966,"basepairs":15029970,"max_contig_size":14760,"N50":1515,"mapped_reads":85.28155396597793,"Ns":0},"filtered":{"contigs":5038,"basepairs":10264085,"N50":2170,"mapped_reads":74.39433140857022,"Ns":0}}