{"assembler":"MINIA","sample_id":"ERR2935805","global":{"contigs":37300,"basepairs":20758864,"max_contig_size":163543,"N50":7485,"mapped_reads":87.69801394460379,"Ns":0},"filtered":{"contigs":1466,"basepairs":13448666,"N50":18038,"mapped_reads":84.25379364551166,"Ns":0}}