{"assembler":"IDBA-UD","sample_id":"ERR2935805","global":{"contigs":14155,"basepairs":23586883,"max_contig_size":632213,"N50":51161,"mapped_reads":90.20770331870013,"Ns":0},"filtered":{"contigs":2725,"basepairs":17534580,"N50":113853,"mapped_reads":89.45153523375598,"Ns":0}}