{"assembler":"ABySS","sample_id":"ENN","global":{"contigs":4774,"basepairs":31502565,"max_contig_size":952616,"N50":86573,"mapped_reads":108.30130413691104,"Ns":3882},"filtered":{"contigs":1823,"basepairs":30734412,"N50":89282,"mapped_reads":107.09212798839573,"Ns":2328}}