{"assembler":"MINIA","sample_id":"ENN","global":{"contigs":16571,"basepairs":30641361,"max_contig_size":161812,"N50":17820,"mapped_reads":97.22694768587348,"Ns":0},"filtered":{"contigs":3589,"basepairs":28205937,"N50":20628,"mapped_reads":92.97301170283554,"Ns":0}}