{"assembler":"Unicycler","sample_id":"ENN","global":{"contigs":936,"basepairs":30263458,"max_contig_size":847534,"N50":204463,"mapped_reads":99.60569600673091,"Ns":0},"filtered":{"contigs":443,"basepairs":30093081,"N50":208953,"mapped_reads":98.3598695339513,"Ns":0}}