{"assembler":"ABySS","sample_id":"ENN","global":{"contigs":4770,"basepairs":31513837,"max_contig_size":952618,"N50":86573,"mapped_reads":108.31301630575203,"Ns":3880},"filtered":{"contigs":1822,"basepairs":30746324,"N50":89282,"mapped_reads":107.10495560188824,"Ns":2328}}