{"assembler":"GATBMiniaPipeline","sample_id":"ERR2984773","global":{"contigs":5397,"basepairs":32809112,"max_contig_size":768462,"N50":102115,"mapped_reads":84.06828640667464,"Ns":0},"filtered":{"contigs":761,"basepairs":30564302,"N50":113162,"mapped_reads":82.84003914984422,"Ns":0}}