{"assembler":"ABySS","sample_id":"ERR2984773","global":{"contigs":497783,"basepairs":91720949,"max_contig_size":298093,"N50":139,"mapped_reads":92.3436706632607,"Ns":147},"filtered":{"contigs":1196,"basepairs":30657287,"N50":52869,"mapped_reads":82.01961225537181,"Ns":5}}