{"assembler":"metaSPAdes","sample_id":"ERR2984773","global":{"contigs":61644,"basepairs":48964620,"max_contig_size":473277,"N50":42332,"mapped_reads":85.33528968733506,"Ns":0},"filtered":{"contigs":1689,"basepairs":31967753,"N50":95101,"mapped_reads":83.0027916857459,"Ns":0}}