{"assembler":"MINIA","sample_id":"ERR2984773","global":{"contigs":67974,"basepairs":41185696,"max_contig_size":117945,"N50":7106,"mapped_reads":80.67397579097289,"Ns":0},"filtered":{"contigs":3980,"basepairs":28279162,"N50":15930,"mapped_reads":74.3962796038258,"Ns":0}}