{"assembler":"VelvetOptimiser","sample_id":"ERR2984773","global":{"contigs":565911,"basepairs":52039194,"max_contig_size":1293,"N50":88,"mapped_reads":2.6385795331088557,"Ns":246},"filtered":{"contigs":16,"basepairs":17473,"N50":1116,"mapped_reads":0.0025951170141676316,"Ns":0}}