{"ERR2935805":{"assembler":"VelvetOptimiser","mapped_reads_original":2.448603360142621,"mapped_reads_filtered":0.024712249835378848}}