{"ERR2935805":{"assembler":"ABySS","mapped_reads_original":297.9149628496727,"mapped_reads_filtered":79.20890402818348}}