{"ERR2935805":{"assembler":"GATBMiniaPipeline","mapped_reads_original":89.67670615448856,"mapped_reads_filtered":89.11141330884011}}