{"ERR2935805":{"assembler":"MINIA","mapped_reads_original":87.69813101968444,"mapped_reads_filtered":84.24889426244926}}