{"ERR2935805":{"assembler":"MEGAHIT","mapped_reads_original":94.14038594176648,"mapped_reads_filtered":93.40541576361187}}