{"ERR2935805":{"assembler":"MetaHipMer2","mapped_reads_original":85.2643272041114,"mapped_reads_filtered":74.34502816523299}}