{"ERR2935805":{"assembler":"IDBA-UD","mapped_reads_original":90.207664642111,"mapped_reads_filtered":89.45148192278175}}