{"ERR2935805":{"assembler":"metaSPAdes","mapped_reads_original":90.5365630389831,"mapped_reads_filtered":89.77434259049481}}