{"sample_id":"EHS","ReferenceTables":{"Bacillus_subtilis":{"assembler":"MINIA","contiguity":0.0336843499864176,"multiplicity":1.0002838202714455,"validity":0.9999997471125949,"parsimony":1.0002840732306892,"identity":0.9999928695701776,"lowest_identity":0.9991728701406121,"breadth_of_coverage":0.9771432568640551,"L90":65,"aligned_contigs":116,"NA50":65138,"NG50":64960,"aligned_basepairs":3953206,"Ns":0},"Enterococcus_faecalis":{"assembler":"MINIA","contiguity":0.045908612943313255,"multiplicity":1.0007372844607372,"validity":1.0,"parsimony":1.0007372844607372,"identity":0.9999868325762065,"lowest_identity":0.9978142076502732,"breadth_of_coverage":0.9733713316126565,"L90":102,"aligned_contigs":166,"NA50":32898,"NG50":32803,"aligned_basepairs":2769623,"Ns":0},"Escherichia_coli_plasmid":{"assembler":"MINIA","contiguity":0.3306244148099666,"multiplicity":1.0005694760820045,"validity":1.0,"parsimony":1.0005694760820045,"identity":1.0,"lowest_identity":1.0,"breadth_of_coverage":0.9577572336305872,"L90":3,"aligned_contigs":5,"NA50":26838,"NG50":26838,"aligned_basepairs":105360,"Ns":0},"Escherichia_coli":{"assembler":"MINIA","contiguity":0.011346290810029054,"multiplicity":1.0022947506849547,"validity":1.0000296041606533,"parsimony":1.0022650794685248,"identity":0.9999744004008311,"lowest_identity":0.9869831546707504,"breadth_of_coverage":0.792100362737161,"L90":0,"aligned_contigs":1123,"NA50":4469,"NG50":3200,"aligned_basepairs":3774702,"Ns":0},"Lactobacillus_fermentum":{"assembler":"MINIA","contiguity":0.03464433776143068,"multiplicity":1.000804118455203,"validity":1.0004138740146977,"parsimony":1.0003900829952899,"identity":1.0,"lowest_identity":1.0,"breadth_of_coverage":0.9202973968329945,"L90":206,"aligned_contigs":236,"NA50":11209,"NG50":10836,"aligned_basepairs":1753473,"Ns":0},"Listeria_monocytogenes":{"assembler":"MINIA","contiguity":0.054075369727123436,"multiplicity":1.0005942345717556,"validity":1.0,"parsimony":1.0005942345717556,"identity":0.9999692582003751,"lowest_identity":0.9961265332472563,"breadth_of_coverage":0.9633591347513085,"L90":75,"aligned_contigs":126,"NA50":46368,"NG50":44353,"aligned_basepairs":2882700,"Ns":0},"Pseudomonas_aeruginosa":{"assembler":"MINIA","contiguity":0.015603629387853653,"multiplicity":1.0010374389482293,"validity":1.0,"parsimony":1.0010374389482293,"identity":0.9999668085351159,"lowest_identity":0.9859231185706551,"breadth_of_coverage":0.9594660447887544,"L90":335,"aligned_contigs":521,"NA50":22207,"NG50":21734,"aligned_basepairs":6517010,"Ns":0},"Salmonella_enterica":{"assembler":"MINIA","contiguity":0.011955679987965744,"multiplicity":1.002358213738706,"validity":1.0,"parsimony":1.002358213738706,"identity":0.9999853258420506,"lowest_identity":0.9932835820895523,"breadth_of_coverage":0.8036884741328634,"L90":0,"aligned_contigs":1083,"NA50":4996,"NG50":3551,"aligned_basepairs":3825353,"Ns":0},"Staphylococcus_aureus":{"assembler":"MINIA","contiguity":0.033342896446200136,"multiplicity":1.000588334367725,"validity":0.9999996156939818,"parsimony":1.0005887188999916,"identity":0.9999993787469326,"lowest_identity":0.9998912807131985,"breadth_of_coverage":0.9565179970427913,"L90":112,"aligned_contigs":175,"NA50":29647,"NG50":29165,"aligned_basepairs":2600562,"Ns":0},"Staphylococcus_aureus_plasmid1":{"assembler":"MINIA","contiguity":0.17705538898532427,"multiplicity":1.0,"validity":1.0,"parsimony":1.0,"identity":1.0,"lowest_identity":1.0,"breadth_of_coverage":0.17705538898532427,"L90":0,"aligned_contigs":1,"NA50":1122,"NG50":0,"aligned_basepairs":1122,"Ns":0},"Staphylococcus_aureus_plasmid2":{"assembler":"MINIA","contiguity":0.0,"multiplicity":0,"validity":0,"parsimony":0,"identity":0,"lowest_identity":0,"breadth_of_coverage":0.0,"L90":0,"aligned_contigs":0,"NA50":0,"NG50":0,"aligned_basepairs":0,"Ns":0},"Staphylococcus_aureus_plasmid3":{"assembler":"MINIA","contiguity":0.0,"multiplicity":0,"validity":0,"parsimony":0,"identity":0,"lowest_identity":0,"breadth_of_coverage":0.0,"L90":0,"aligned_contigs":0,"NA50":0,"NG50":0,"aligned_basepairs":0,"Ns":0}}}