{"assembler":"IDBA-UD","sample_id":"EMS","global":{"contigs":1829,"basepairs":30408932,"max_contig_size":468323,"N50":61907,"mapped_reads":99.2422375589521,"Ns":0},"filtered":{"contigs":1254,"basepairs":30145929,"N50":63178,"mapped_reads":97.57868863561217,"Ns":0}}