{"assembler":"MINIA","sample_id":"EMS","global":{"contigs":16748,"basepairs":30649641,"max_contig_size":161812,"N50":17967,"mapped_reads":95.96484528613713,"Ns":0},"filtered":{"contigs":3574,"basepairs":28218378,"N50":20782,"mapped_reads":92.1957411645127,"Ns":0}}