{"assembler":"SPAdes","sample_id":"EMS","global":{"contigs":2628,"basepairs":30664883,"max_contig_size":850176,"N50":206515,"mapped_reads":99.42862492438026,"Ns":0},"filtered":{"contigs":412,"basepairs":30354786,"N50":208991,"mapped_reads":98.66552428453625,"Ns":0}}