{"assembler":"SKESA","sample_id":"EMS","global":{"contigs":1269,"basepairs":30249132,"max_contig_size":632013,"N50":73839,"mapped_reads":98.2490195754823,"Ns":0},"filtered":{"contigs":891,"basepairs":30064811,"N50":74138,"mapped_reads":97.44250765587626,"Ns":0}}