{"LHS":{"assembler":"GATBMiniaPipeline","mapped_reads_original":97.46082124156787,"mapped_reads_filtered":97.01378676178516}}