{"LHS":{"assembler":"MEGAHIT","mapped_reads_original":98.20672854753809,"mapped_reads_filtered":97.58873413235405}}