{"LHS":{"assembler":"VelvetOptimiser","mapped_reads_original":9.675074413759065,"mapped_reads_filtered":2.5582557250970006}}