{"LHS":{"assembler":"IDBA-UD","mapped_reads_original":97.62864210130373,"mapped_reads_filtered":97.20217520486885}}