{"LHS":{"assembler":"BCALM2","mapped_reads_original":8.657660582274598,"mapped_reads_filtered":0.0018752919559884658}}