{"LHS":{"assembler":"MINIA","mapped_reads_original":91.15574264153834,"mapped_reads_filtered":81.99316440402343}}