{"sample_id":"ERR2935805","ReferenceTables":{"Bacillus_subtilis":{"assembler":"MINIA","contiguity":0.018236255637807963,"multiplicity":1.0008797401773128,"validity":0.9999386687002301,"parsimony":1.0009411291977597,"identity":0.9995737400472215,"lowest_identity":0.9823911028730306,"breadth_of_coverage":0.9743914306554873,"L90":175,"aligned_contigs":278,"NA50":24189,"NG50":23661,"aligned_basepairs":3942073,"Ns":0},"Enterococcus_faecalis":{"assembler":"MINIA","contiguity":0.00425143530311465,"multiplicity":1.0,"validity":1.0,"parsimony":1.0,"identity":1.0,"lowest_identity":1.0,"breadth_of_coverage":0.006590304604778533,"L90":0,"aligned_contigs":3,"NA50":12097,"NG50":0,"aligned_basepairs":18752,"Ns":0},"Escherichia_coli_plasmid":{"assembler":"MINIA","contiguity":0.0,"multiplicity":0,"validity":0,"parsimony":0,"identity":0,"lowest_identity":0,"breadth_of_coverage":0.0,"L90":0,"aligned_contigs":0,"NA50":0,"NG50":0,"aligned_basepairs":0,"Ns":0},"Escherichia_coli":{"assembler":"MINIA","contiguity":0.0,"multiplicity":0,"validity":0,"parsimony":0,"identity":0,"lowest_identity":0,"breadth_of_coverage":0.0,"L90":0,"aligned_contigs":0,"NA50":0,"NG50":0,"aligned_basepairs":0,"Ns":0},"Lactobacillus_fermentum":{"assembler":"MINIA","contiguity":0.0,"multiplicity":0,"validity":0,"parsimony":0,"identity":0,"lowest_identity":0,"breadth_of_coverage":0.0,"L90":0,"aligned_contigs":0,"NA50":0,"NG50":0,"aligned_basepairs":0,"Ns":0},"Listeria_monocytogenes":{"assembler":"MINIA","contiguity":0.009597165029933076,"multiplicity":1.0033945448708215,"validity":0.987847367423292,"parsimony":1.015738440937574,"identity":0.9983062275094697,"lowest_identity":0.00666704655535928,"breadth_of_coverage":0.9441170160362686,"L90":463,"aligned_contigs":589,"NA50":6705,"NG50":6537,"aligned_basepairs":2825121,"Ns":0},"Pseudomonas_aeruginosa":{"assembler":"MINIA","contiguity":0.024077599292142756,"multiplicity":1.000932899479619,"validity":0.9999475222014944,"parsimony":1.0009854289912685,"identity":0.9998828350266233,"lowest_identity":0.9895513214505224,"breadth_of_coverage":0.9557234409988914,"L90":324,"aligned_contigs":494,"NA50":22511,"NG50":21863,"aligned_basepairs":6491589,"Ns":0},"Salmonella_enterica":{"assembler":"MINIA","contiguity":0.0002756449608865683,"multiplicity":1.0,"validity":0.9992383853769993,"parsimony":1.0007621951219512,"identity":0.9992383853769993,"lowest_identity":0.9992383853769993,"breadth_of_coverage":0.0002756449608865683,"L90":0,"aligned_contigs":1,"NA50":1313,"NG50":0,"aligned_basepairs":1312,"Ns":0},"Staphylococcus_aureus":{"assembler":"MINIA","contiguity":0.0,"multiplicity":0,"validity":0,"parsimony":0,"identity":0,"lowest_identity":0,"breadth_of_coverage":0.0,"L90":0,"aligned_contigs":0,"NA50":0,"NG50":0,"aligned_basepairs":0,"Ns":0},"Staphylococcus_aureus_plasmid1":{"assembler":"MINIA","contiguity":0.0,"multiplicity":0,"validity":0,"parsimony":0,"identity":0,"lowest_identity":0,"breadth_of_coverage":0.0,"L90":0,"aligned_contigs":0,"NA50":0,"NG50":0,"aligned_basepairs":0,"Ns":0},"Staphylococcus_aureus_plasmid2":{"assembler":"MINIA","contiguity":0.0,"multiplicity":0,"validity":0,"parsimony":0,"identity":0,"lowest_identity":0,"breadth_of_coverage":0.0,"L90":0,"aligned_contigs":0,"NA50":0,"NG50":0,"aligned_basepairs":0,"Ns":0},"Staphylococcus_aureus_plasmid3":{"assembler":"MINIA","contiguity":0.0,"multiplicity":0,"validity":0,"parsimony":0,"identity":0,"lowest_identity":0,"breadth_of_coverage":0.0,"L90":0,"aligned_contigs":0,"NA50":0,"NG50":0,"aligned_basepairs":0,"Ns":0}}}