{"assembler":"IDBA-UD","sample_id":"ENN","global":{"contigs":1822,"basepairs":30390566,"max_contig_size":585610,"N50":63725,"mapped_reads":100.02820481475993,"Ns":0},"filtered":{"contigs":1279,"basepairs":30130413,"N50":65108,"mapped_reads":98.24583808250968,"Ns":0}}