{"assembler":"MINIA","sample_id":"ENN","global":{"contigs":16570,"basepairs":30641357,"max_contig_size":161812,"N50":17820,"mapped_reads":97.22847857674725,"Ns":0},"filtered":{"contigs":3589,"basepairs":28205939,"N50":20628,"mapped_reads":92.97313690580663,"Ns":0}}