{"assembler":"MINIA","sample_id":"ENN","global":{"contigs":16570,"basepairs":30641333,"max_contig_size":161812,"N50":17820,"mapped_reads":97.22849564987968,"Ns":0},"filtered":{"contigs":3589,"basepairs":28205937,"N50":20628,"mapped_reads":92.97324503564529,"Ns":0}}