{"assembler":"ABySS","sample_id":"ENN","global":{"contigs":4778,"basepairs":31503127,"max_contig_size":952618,"N50":86573,"mapped_reads":108.30181633088367,"Ns":3884},"filtered":{"contigs":1825,"basepairs":30734590,"N50":89282,"mapped_reads":107.09334587184178,"Ns":2328}}