{"assembler":"IDBA-UD","sample_id":"SRR11487941","global":{"contigs":16308,"basepairs":67861086,"max_contig_size":144910,"N50":14385,"mapped_reads":67.31150405859687,"Ns":0},"filtered":{"contigs":8284,"basepairs":63820994,"N50":15611,"mapped_reads":64.66096581345356,"Ns":0}}