{"assembler":"metaSPAdes","sample_id":"SRR11487941","global":{"contigs":26703,"basepairs":68370638,"max_contig_size":223850,"N50":17141,"mapped_reads":67.92669689863853,"Ns":0},"filtered":{"contigs":7018,"basepairs":64536019,"N50":18506,"mapped_reads":67.18855619514265,"Ns":0}}