{"assembler":"Unicycler","sample_id":"SRR11487941","global":{"contigs":5855,"basepairs":63771665,"max_contig_size":201559,"N50":26250,"mapped_reads":66.98818551586487,"Ns":0},"filtered":{"contigs":5597,"basepairs":63664923,"N50":26310,"mapped_reads":66.79910971320517,"Ns":0}}