{"assembler":"MEGAHIT","sample_id":"SRR11487941","global":{"contigs":89054,"basepairs":93103831,"max_contig_size":189106,"N50":9962,"mapped_reads":69.97705174781197,"Ns":0},"filtered":{"contigs":7406,"basepairs":65675635,"N50":19609,"mapped_reads":67.66317857264723,"Ns":0}}