{"assembler":"GATBMiniaPipeline","sample_id":"SRR11487941","global":{"contigs":18069,"basepairs":65244504,"max_contig_size":193169,"N50":8023,"mapped_reads":67.81264672001535,"Ns":0},"filtered":{"contigs":11230,"basepairs":61232983,"N50":8804,"mapped_reads":66.25345703130905,"Ns":0}}