{"assembler":"SKESA","sample_id":"SRR11487941","global":{"contigs":67203,"basepairs":50364450,"max_contig_size":10280,"N50":1027,"mapped_reads":42.490829121690524,"Ns":0},"filtered":{"contigs":14626,"basepairs":25807239,"N50":1806,"mapped_reads":27.719333330165874,"Ns":0}}