{"sample_id":"ERR2935805","ReferenceTables":{"Bacillus_subtilis":{"assembler":"IDBA-UD","contiguity":0.057949262879859166,"multiplicity":1.0002335570665737,"validity":0.9998842686065261,"parsimony":1.0003493288883665,"identity":0.9990482947042856,"lowest_identity":0.9441707717569786,"breadth_of_coverage":0.982118196781404,"L90":41,"aligned_contigs":74,"NA50":101732,"NG50":101732,"aligned_basepairs":3973333,"Ns":0},"Enterococcus_faecalis":{"assembler":"IDBA-UD","contiguity":0.0,"multiplicity":0,"validity":0,"parsimony":0,"identity":0,"lowest_identity":0,"breadth_of_coverage":0.0,"L90":0,"aligned_contigs":0,"NA50":0,"NG50":0,"aligned_basepairs":0,"Ns":0},"Escherichia_coli_plasmid":{"assembler":"IDBA-UD","contiguity":0.01004481532993355,"multiplicity":0.9990950226244344,"validity":0.997289972899729,"parsimony":1.0018099547511312,"identity":0.985546522131888,"lowest_identity":0.985546522131888,"breadth_of_coverage":0.01004481532993355,"L90":0,"aligned_contigs":1,"NA50":1107,"NG50":0,"aligned_basepairs":1105,"Ns":0},"Escherichia_coli":{"assembler":"IDBA-UD","contiguity":0.0003168651585563875,"multiplicity":0.9975863960504663,"validity":0.8772793053545586,"parsimony":1.1371365880416895,"identity":0.873282996921829,"lowest_identity":0.23277310924369748,"breadth_of_coverage":0.0019127323975109088,"L90":0,"aligned_contigs":10,"NA50":1146,"NG50":0,"aligned_basepairs":9115,"Ns":0},"Lactobacillus_fermentum":{"assembler":"IDBA-UD","contiguity":0.0,"multiplicity":0,"validity":0,"parsimony":0,"identity":0,"lowest_identity":0,"breadth_of_coverage":0.0,"L90":0,"aligned_contigs":0,"NA50":0,"NG50":0,"aligned_basepairs":0,"Ns":0},"Listeria_monocytogenes":{"assembler":"IDBA-UD","contiguity":0.2112769863872512,"multiplicity":0.9999350491191037,"validity":0.9999939104964772,"parsimony":0.9999411382641877,"identity":0.9990440461128653,"lowest_identity":0.9853181076672104,"breadth_of_coverage":0.9878817327698505,"L90":9,"aligned_contigs":19,"NA50":475377,"NG50":475377,"aligned_basepairs":2956080,"Ns":0},"Pseudomonas_aeruginosa":{"assembler":"IDBA-UD","contiguity":0.05677712949753619,"multiplicity":1.0003865966681311,"validity":0.9999765659330162,"parsimony":1.0004100403440277,"identity":0.9985635588932152,"lowest_identity":0.9214697406340058,"breadth_of_coverage":0.9859506237182234,"L90":48,"aligned_contigs":119,"NA50":171408,"NG50":171408,"aligned_basepairs":6696902,"Ns":0},"Salmonella_enterica":{"assembler":"IDBA-UD","contiguity":0.00036430515409855904,"multiplicity":0.9998971193415638,"validity":0.9150739101779494,"parsimony":1.0926954732510288,"identity":0.8938602495857261,"lowest_identity":0.3225806451612903,"breadth_of_coverage":0.0020421257772998812,"L90":0,"aligned_contigs":8,"NA50":1117,"NG50":0,"aligned_basepairs":9720,"Ns":0},"Staphylococcus_aureus":{"assembler":"IDBA-UD","contiguity":0.0,"multiplicity":0,"validity":0,"parsimony":0,"identity":0,"lowest_identity":0,"breadth_of_coverage":0.0,"L90":0,"aligned_contigs":0,"NA50":0,"NG50":0,"aligned_basepairs":0,"Ns":0},"Staphylococcus_aureus_plasmid1":{"assembler":"IDBA-UD","contiguity":0.0,"multiplicity":0,"validity":0,"parsimony":0,"identity":0,"lowest_identity":0,"breadth_of_coverage":0.0,"L90":0,"aligned_contigs":0,"NA50":0,"NG50":0,"aligned_basepairs":0,"Ns":0},"Staphylococcus_aureus_plasmid2":{"assembler":"IDBA-UD","contiguity":0.0,"multiplicity":0,"validity":0,"parsimony":0,"identity":0,"lowest_identity":0,"breadth_of_coverage":0.0,"L90":0,"aligned_contigs":0,"NA50":0,"NG50":0,"aligned_basepairs":0,"Ns":0},"Staphylococcus_aureus_plasmid3":{"assembler":"IDBA-UD","contiguity":0.0,"multiplicity":0,"validity":0,"parsimony":0,"identity":0,"lowest_identity":0,"breadth_of_coverage":0.0,"L90":0,"aligned_contigs":0,"NA50":0,"NG50":0,"aligned_basepairs":0,"Ns":0}}}