{"sample_id":"ERR2935805","ReferenceTables":{"Bacillus_subtilis":{"assembler":"SPAdes","contiguity":0.17512075234874164,"multiplicity":0.9997904145213299,"validity":0.9998940640648197,"parsimony":0.9998963394751356,"identity":0.999208532890164,"lowest_identity":0.9838391801340165,"breadth_of_coverage":0.9824096189587058,"L90":11,"aligned_contigs":37,"NA50":263192,"NG50":315047,"aligned_basepairs":3974512,"Ns":0},"Enterococcus_faecalis":{"assembler":"SPAdes","contiguity":0.0005338456001844385,"multiplicity":1.2171647346591514,"validity":0.7199471598414795,"parsimony":1.6906306497926193,"identity":0.7520391746408822,"lowest_identity":0.4984841922910351,"breadth_of_coverage":0.0033046413288573243,"L90":0,"aligned_contigs":10,"NA50":2309,"NG50":0,"aligned_basepairs":9403,"Ns":0},"Escherichia_coli_plasmid":{"assembler":"SPAdes","contiguity":0.013735489559755289,"multiplicity":0.99933818663137,"validity":1.0,"parsimony":0.99933818663137,"identity":0.9735099337748344,"lowest_identity":0.9735099337748344,"breadth_of_coverage":0.013735489559755289,"L90":0,"aligned_contigs":1,"NA50":1510,"NG50":0,"aligned_basepairs":1511,"Ns":0},"Escherichia_coli":{"assembler":"SPAdes","contiguity":0.00032840660472897116,"multiplicity":0.9998877539566731,"validity":0.8395589205491502,"parsimony":1.1909679350469562,"identity":0.8542781934681432,"lowest_identity":0.217828418230563,"breadth_of_coverage":0.0056085133064480595,"L90":0,"aligned_contigs":27,"NA50":1147,"NG50":0,"aligned_basepairs":26727,"Ns":0},"Lactobacillus_fermentum":{"assembler":"SPAdes","contiguity":0.0007179847302282593,"multiplicity":0.9978070175438597,"validity":0.9694602272727273,"parsimony":1.0292397660818713,"identity":0.9410511363636364,"lowest_identity":0.9410511363636364,"breadth_of_coverage":0.0007179847302282593,"L90":0,"aligned_contigs":1,"NA50":1408,"NG50":0,"aligned_basepairs":1368,"Ns":0},"Listeria_monocytogenes":{"assembler":"SPAdes","contiguity":0.0020138072452948225,"multiplicity":1.3787553958690053,"validity":0.9972326219393803,"parsimony":1.3825815216390072,"identity":0.9968396175175287,"lowest_identity":0.4963579604578564,"breadth_of_coverage":0.6348983505227678,"L90":835,"aligned_contigs":1839,"NA50":2434,"NG50":3149,"aligned_basepairs":1899833,"Ns":0},"Pseudomonas_aeruginosa":{"assembler":"SPAdes","contiguity":0.12480003180057506,"multiplicity":1.0001305503068008,"validity":1.0,"parsimony":1.0001305503068008,"identity":0.9993571350149782,"lowest_identity":0.9930939226519337,"breadth_of_coverage":0.9878873670743323,"L90":31,"aligned_contigs":74,"NA50":264371,"NG50":264371,"aligned_basepairs":6710057,"Ns":0},"Salmonella_enterica":{"assembler":"SPAdes","contiguity":0.000467461919186444,"multiplicity":0.9988801107672259,"validity":0.8650655098837927,"parsimony":1.15468724547972,"identity":0.8927106663836755,"lowest_identity":0.06445623342175066,"breadth_of_coverage":0.010318197651723432,"L90":0,"aligned_contigs":43,"NA50":1251,"NG50":0,"aligned_basepairs":49112,"Ns":0},"Staphylococcus_aureus":{"assembler":"SPAdes","contiguity":0.0,"multiplicity":0,"validity":0,"parsimony":0,"identity":0,"lowest_identity":0,"breadth_of_coverage":0.0,"L90":0,"aligned_contigs":0,"NA50":0,"NG50":0,"aligned_basepairs":0,"Ns":0},"Staphylococcus_aureus_plasmid1":{"assembler":"SPAdes","contiguity":0.0,"multiplicity":0,"validity":0,"parsimony":0,"identity":0,"lowest_identity":0,"breadth_of_coverage":0.0,"L90":0,"aligned_contigs":0,"NA50":0,"NG50":0,"aligned_basepairs":0,"Ns":0},"Staphylococcus_aureus_plasmid2":{"assembler":"SPAdes","contiguity":0.0,"multiplicity":0,"validity":0,"parsimony":0,"identity":0,"lowest_identity":0,"breadth_of_coverage":0.0,"L90":0,"aligned_contigs":0,"NA50":0,"NG50":0,"aligned_basepairs":0,"Ns":0},"Staphylococcus_aureus_plasmid3":{"assembler":"SPAdes","contiguity":0.0,"multiplicity":0,"validity":0,"parsimony":0,"identity":0,"lowest_identity":0,"breadth_of_coverage":0.0,"L90":0,"aligned_contigs":0,"NA50":0,"NG50":0,"aligned_basepairs":0,"Ns":0}}}