{"sample_id":"ERR2935805","ReferenceTables":{"Bacillus_subtilis":{"assembler":"MINIA","contiguity":0.018236255637807963,"multiplicity":1.0007862736262665,"validity":0.9998580494216147,"parsimony":1.0009283559853208,"identity":0.9996591413551544,"lowest_identity":0.9823911028730306,"breadth_of_coverage":0.9742191479942665,"L90":174,"aligned_contigs":277,"NA50":24189,"NG50":24106,"aligned_basepairs":3941376,"Ns":0},"Enterococcus_faecalis":{"assembler":"MINIA","contiguity":0.002702263870848024,"multiplicity":1.0019148528754707,"validity":1.0,"parsimony":1.0019148528754707,"identity":1.0,"lowest_identity":1.0,"breadth_of_coverage":0.005506095469446741,"L90":0,"aligned_contigs":3,"NA50":5924,"NG50":0,"aligned_basepairs":15667,"Ns":0},"Escherichia_coli_plasmid":{"assembler":"MINIA","contiguity":0.0,"multiplicity":0,"validity":0,"parsimony":0,"identity":0,"lowest_identity":0,"breadth_of_coverage":0.0,"L90":0,"aligned_contigs":0,"NA50":0,"NG50":0,"aligned_basepairs":0,"Ns":0},"Escherichia_coli":{"assembler":"MINIA","contiguity":0.0,"multiplicity":0,"validity":0,"parsimony":0,"identity":0,"lowest_identity":0,"breadth_of_coverage":0.0,"L90":0,"aligned_contigs":0,"NA50":0,"NG50":0,"aligned_basepairs":0,"Ns":0},"Lactobacillus_fermentum":{"assembler":"MINIA","contiguity":0.0,"multiplicity":0,"validity":0,"parsimony":0,"identity":0,"lowest_identity":0,"breadth_of_coverage":0.0,"L90":0,"aligned_contigs":0,"NA50":0,"NG50":0,"aligned_basepairs":0,"Ns":0},"Listeria_monocytogenes":{"assembler":"MINIA","contiguity":0.009597165029933076,"multiplicity":1.0033979978332017,"validity":0.9878602070097009,"parsimony":1.0157287344031545,"identity":0.9983062275094697,"lowest_identity":0.00666704655535928,"breadth_of_coverage":0.9451245880317156,"L90":461,"aligned_contigs":589,"NA50":6705,"NG50":6541,"aligned_basepairs":2828136,"Ns":0},"Pseudomonas_aeruginosa":{"assembler":"MINIA","contiguity":0.024077599292142756,"multiplicity":1.0009321751343476,"validity":0.9999438447110872,"parsimony":1.0009883859263577,"identity":0.9998778186845153,"lowest_identity":0.9895513214505224,"breadth_of_coverage":0.9559922736380594,"L90":325,"aligned_contigs":496,"NA50":22511,"NG50":21734,"aligned_basepairs":6493415,"Ns":0},"Salmonella_enterica":{"assembler":"MINIA","contiguity":0.0002756449608865683,"multiplicity":1.0007621951219512,"validity":1.0,"parsimony":1.0007621951219512,"identity":0.9992383853769993,"lowest_identity":0.9992383853769993,"breadth_of_coverage":0.0002756449608865683,"L90":0,"aligned_contigs":1,"NA50":1313,"NG50":0,"aligned_basepairs":1312,"Ns":0},"Staphylococcus_aureus":{"assembler":"MINIA","contiguity":0.0,"multiplicity":0,"validity":0,"parsimony":0,"identity":0,"lowest_identity":0,"breadth_of_coverage":0.0,"L90":0,"aligned_contigs":0,"NA50":0,"NG50":0,"aligned_basepairs":0,"Ns":0},"Staphylococcus_aureus_plasmid1":{"assembler":"MINIA","contiguity":0.0,"multiplicity":0,"validity":0,"parsimony":0,"identity":0,"lowest_identity":0,"breadth_of_coverage":0.0,"L90":0,"aligned_contigs":0,"NA50":0,"NG50":0,"aligned_basepairs":0,"Ns":0},"Staphylococcus_aureus_plasmid2":{"assembler":"MINIA","contiguity":0.0,"multiplicity":0,"validity":0,"parsimony":0,"identity":0,"lowest_identity":0,"breadth_of_coverage":0.0,"L90":0,"aligned_contigs":0,"NA50":0,"NG50":0,"aligned_basepairs":0,"Ns":0},"Staphylococcus_aureus_plasmid3":{"assembler":"MINIA","contiguity":0.0,"multiplicity":0,"validity":0,"parsimony":0,"identity":0,"lowest_identity":0,"breadth_of_coverage":0.0,"L90":0,"aligned_contigs":0,"NA50":0,"NG50":0,"aligned_basepairs":0,"Ns":0}}}