{"sample_id":"ERR2935805","ReferenceTables":{"Bacillus_subtilis":{"assembler":"MetaHipMer2","contiguity":0.003645619756594508,"multiplicity":1.0163109995002542,"validity":0.9969306393120346,"parsimony":1.0194400286479244,"identity":0.9959286655744878,"lowest_identity":0.9464831804281345,"breadth_of_coverage":0.8690231573108778,"L90":0,"aligned_contigs":1415,"NA50":2986,"NG50":2696,"aligned_basepairs":3515787,"Ns":0},"Enterococcus_faecalis":{"assembler":"MetaHipMer2","contiguity":0.0013049168620703228,"multiplicity":1.0067216409119257,"validity":1.0,"parsimony":1.0067216409119257,"identity":1.0,"lowest_identity":1.0,"breadth_of_coverage":0.005071708924464537,"L90":0,"aligned_contigs":7,"NA50":2110,"NG50":0,"aligned_basepairs":14431,"Ns":0},"Escherichia_coli_plasmid":{"assembler":"MetaHipMer2","contiguity":0.0,"multiplicity":0,"validity":0,"parsimony":0,"identity":0,"lowest_identity":0,"breadth_of_coverage":0.0,"L90":0,"aligned_contigs":0,"NA50":0,"NG50":0,"aligned_basepairs":0,"Ns":0},"Escherichia_coli":{"assembler":"MetaHipMer2","contiguity":0.00028370973136969266,"multiplicity":1.0,"validity":1.0,"parsimony":1.0,"identity":1.0,"lowest_identity":1.0,"breadth_of_coverage":0.00028370973136969266,"L90":0,"aligned_contigs":1,"NA50":1352,"NG50":0,"aligned_basepairs":1352,"Ns":0},"Lactobacillus_fermentum":{"assembler":"MetaHipMer2","contiguity":0.0,"multiplicity":0,"validity":0,"parsimony":0,"identity":0,"lowest_identity":0,"breadth_of_coverage":0.0,"L90":0,"aligned_contigs":0,"NA50":0,"NG50":0,"aligned_basepairs":0,"Ns":0},"Listeria_monocytogenes":{"assembler":"MetaHipMer2","contiguity":0.004710691491814772,"multiplicity":1.015391229908752,"validity":0.9964464345114384,"parsimony":1.0190123570531942,"identity":0.9954818819908666,"lowest_identity":0.8630952380952381,"breadth_of_coverage":0.870552229658241,"L90":0,"aligned_contigs":1070,"NA50":2789,"NG50":2551,"aligned_basepairs":2604990,"Ns":0},"Pseudomonas_aeruginosa":{"assembler":"MetaHipMer2","contiguity":0.0008709824169320395,"multiplicity":1.0133115412533527,"validity":0.9994901260700609,"parsimony":1.0138284659575745,"identity":0.9993768043090593,"lowest_identity":0.9367396593673966,"breadth_of_coverage":0.5545234109650149,"L90":0,"aligned_contigs":2404,"NA50":1603,"NG50":1106,"aligned_basepairs":3766506,"Ns":0},"Salmonella_enterica":{"assembler":"MetaHipMer2","contiguity":0.0,"multiplicity":0,"validity":0,"parsimony":0,"identity":0,"lowest_identity":0,"breadth_of_coverage":0.0,"L90":0,"aligned_contigs":0,"NA50":0,"NG50":0,"aligned_basepairs":0,"Ns":0},"Staphylococcus_aureus":{"assembler":"MetaHipMer2","contiguity":0.0,"multiplicity":0,"validity":0,"parsimony":0,"identity":0,"lowest_identity":0,"breadth_of_coverage":0.0,"L90":0,"aligned_contigs":0,"NA50":0,"NG50":0,"aligned_basepairs":0,"Ns":0},"Staphylococcus_aureus_plasmid1":{"assembler":"MetaHipMer2","contiguity":0.0,"multiplicity":0,"validity":0,"parsimony":0,"identity":0,"lowest_identity":0,"breadth_of_coverage":0.0,"L90":0,"aligned_contigs":0,"NA50":0,"NG50":0,"aligned_basepairs":0,"Ns":0},"Staphylococcus_aureus_plasmid2":{"assembler":"MetaHipMer2","contiguity":0.0,"multiplicity":0,"validity":0,"parsimony":0,"identity":0,"lowest_identity":0,"breadth_of_coverage":0.0,"L90":0,"aligned_contigs":0,"NA50":0,"NG50":0,"aligned_basepairs":0,"Ns":0},"Staphylococcus_aureus_plasmid3":{"assembler":"MetaHipMer2","contiguity":0.0,"multiplicity":0,"validity":0,"parsimony":0,"identity":0,"lowest_identity":0,"breadth_of_coverage":0.0,"L90":0,"aligned_contigs":0,"NA50":0,"NG50":0,"aligned_basepairs":0,"Ns":0}}}