{"sample_id":"ENN","ReferenceTables":{"Bacillus_subtilis":{"assembler":"MINIA","contiguity":0.032648182244899925,"multiplicity":1.0002838219227392,"validity":0.9999997471111239,"parsimony":1.0002840748834547,"identity":0.9999929305140223,"lowest_identity":0.9991728701406121,"breadth_of_coverage":0.9771375717834123,"L90":66,"aligned_contigs":117,"NA50":65138,"NG50":64960,"aligned_basepairs":3953183,"Ns":0},"Enterococcus_faecalis":{"assembler":"MINIA","contiguity":0.045908612943313255,"multiplicity":1.00073099121165,"validity":1.0,"parsimony":1.00073099121165,"identity":0.9999868325762065,"lowest_identity":0.9978142076502732,"breadth_of_coverage":0.9610777706551505,"L90":107,"aligned_contigs":166,"NA50":30453,"NG50":30356,"aligned_basepairs":2734643,"Ns":0},"Escherichia_coli_plasmid":{"assembler":"MINIA","contiguity":0.3306244148099666,"multiplicity":1.0002854424357754,"validity":1.0,"parsimony":1.0002854424357754,"identity":1.0,"lowest_identity":1.0,"breadth_of_coverage":0.9553937476706028,"L90":3,"aligned_contigs":5,"NA50":26838,"NG50":26838,"aligned_basepairs":105100,"Ns":0},"Escherichia_coli":{"assembler":"MINIA","contiguity":0.011346290810029054,"multiplicity":1.0023104177148283,"validity":1.000029092186262,"parsimony":1.0022812591617498,"identity":0.9999851638333225,"lowest_identity":0.9906747120131651,"breadth_of_coverage":0.7916336686228369,"L90":0,"aligned_contigs":1123,"NA50":4469,"NG50":3200,"aligned_basepairs":3772478,"Ns":0},"Lactobacillus_fermentum":{"assembler":"MINIA","contiguity":0.03464433776143068,"multiplicity":1.0007337158689573,"validity":1.0004057766176924,"parsimony":1.0003278062351595,"identity":0.9999946541420852,"lowest_identity":0.9987330316742081,"breadth_of_coverage":0.9206186005280966,"L90":206,"aligned_contigs":237,"NA50":11209,"NG50":10836,"aligned_basepairs":1754085,"Ns":0},"Listeria_monocytogenes":{"assembler":"MINIA","contiguity":0.054075369727123436,"multiplicity":1.0006075244628823,"validity":1.0000003424454647,"parsimony":1.000607181809491,"identity":0.9999394379844961,"lowest_identity":0.9922480620155039,"breadth_of_coverage":0.9752899234111609,"L90":72,"aligned_contigs":128,"NA50":46368,"NG50":44353,"aligned_basepairs":2918401,"Ns":0},"Pseudomonas_aeruginosa":{"assembler":"MINIA","contiguity":0.015603629387853653,"multiplicity":1.0010374438831244,"validity":1.0,"parsimony":1.0010374438831244,"identity":0.9999788645938824,"lowest_identity":0.9929615592853276,"breadth_of_coverage":0.9594614808173336,"L90":335,"aligned_contigs":521,"NA50":22207,"NG50":21734,"aligned_basepairs":6516979,"Ns":0},"Salmonella_enterica":{"assembler":"MINIA","contiguity":0.011955679987965744,"multiplicity":1.0023376768607877,"validity":0.9999997393289075,"parsimony":1.0023379381413131,"identity":0.9999685606768409,"lowest_identity":0.9892884468247896,"breadth_of_coverage":0.8040983699550354,"L90":0,"aligned_contigs":1084,"NA50":4996,"NG50":3551,"aligned_basepairs":3827304,"Ns":0},"Staphylococcus_aureus":{"assembler":"MINIA","contiguity":0.033342896446200136,"multiplicity":1.0005887082602576,"validity":0.9999996157010708,"parsimony":1.0005890927855745,"identity":0.9999993787469326,"lowest_identity":0.9998912807131985,"breadth_of_coverage":0.9565352842083582,"L90":112,"aligned_contigs":175,"NA50":29647,"NG50":29165,"aligned_basepairs":2600609,"Ns":0},"Staphylococcus_aureus_plasmid1":{"assembler":"MINIA","contiguity":0.9998421966230078,"multiplicity":1.0,"validity":1.0,"parsimony":1.0,"identity":1.0,"lowest_identity":1.0,"breadth_of_coverage":0.9998421966230078,"L90":0,"aligned_contigs":1,"NA50":6336,"NG50":6336,"aligned_basepairs":6336,"Ns":0},"Staphylococcus_aureus_plasmid2":{"assembler":"MINIA","contiguity":0.0,"multiplicity":0,"validity":0,"parsimony":0,"identity":0,"lowest_identity":0,"breadth_of_coverage":0.0,"L90":0,"aligned_contigs":0,"NA50":0,"NG50":0,"aligned_basepairs":0,"Ns":0},"Staphylococcus_aureus_plasmid3":{"assembler":"MINIA","contiguity":0.0,"multiplicity":0,"validity":0,"parsimony":0,"identity":0,"lowest_identity":0,"breadth_of_coverage":0.0,"L90":0,"aligned_contigs":0,"NA50":0,"NG50":0,"aligned_basepairs":0,"Ns":0}}}