{"sample_id":"ENN","ReferenceTables":{"Bacillus_subtilis":{"assembler":"metaSPAdes","contiguity":0.2552934898164139,"multiplicity":1.0,"validity":1.0,"parsimony":1.0,"identity":0.9984641491678653,"lowest_identity":0.9701492537313433,"breadth_of_coverage":0.9854036790381436,"L90":10,"aligned_contigs":20,"NA50":325068,"NG50":325068,"aligned_basepairs":3986625,"Ns":0},"Enterococcus_faecalis":{"assembler":"metaSPAdes","contiguity":0.23480420272496724,"multiplicity":1.000118626094146,"validity":1.0000007188612663,"parsimony":1.0001179071481208,"identity":0.9997762453666668,"lowest_identity":0.9971198156682027,"breadth_of_coverage":0.9776684548209877,"L90":9,"aligned_contigs":19,"NA50":238611,"NG50":238611,"aligned_basepairs":2781850,"Ns":0},"Escherichia_coli_plasmid":{"assembler":"metaSPAdes","contiguity":0.6258329015426292,"multiplicity":1.000499968183843,"validity":1.0,"parsimony":1.000499968183843,"identity":1.0,"lowest_identity":1.0,"breadth_of_coverage":1.0,"L90":1,"aligned_contigs":2,"NA50":68846,"NG50":68846,"aligned_basepairs":110007,"Ns":0},"Escherichia_coli":{"assembler":"metaSPAdes","contiguity":0.10441168632279872,"multiplicity":1.0001258861709745,"validity":1.0005574908698514,"parsimony":0.9995686357827359,"identity":0.9996616599241755,"lowest_identity":0.9874723655121592,"breadth_of_coverage":0.9768258253078314,"L90":35,"aligned_contigs":86,"NA50":133707,"NG50":133707,"aligned_basepairs":4654999,"Ns":0},"Lactobacillus_fermentum":{"assembler":"metaSPAdes","contiguity":0.06391901048268203,"multiplicity":1.0004474529728598,"validity":1.000007240758564,"parsimony":1.0004402090268485,"identity":0.9998406659503981,"lowest_identity":0.9909245604083948,"breadth_of_coverage":0.9418836497347183,"L90":48,"aligned_contigs":80,"NA50":46069,"NG50":40650,"aligned_basepairs":1794602,"Ns":0},"Listeria_monocytogenes":{"assembler":"metaSPAdes","contiguity":0.21125058566166569,"multiplicity":1.000074385944032,"validity":1.0000013523729412,"parsimony":1.0000730334723222,"identity":0.9994476338414833,"lowest_identity":0.9969183359013868,"breadth_of_coverage":0.9883723184047812,"L90":9,"aligned_contigs":17,"NA50":351104,"NG50":351104,"aligned_basepairs":2957548,"Ns":0},"Pseudomonas_aeruginosa":{"assembler":"metaSPAdes","contiguity":0.12479429003007804,"multiplicity":1.000213486298149,"validity":1.0000136746628268,"parsimony":1.0001998089030029,"identity":0.9995466370381559,"lowest_identity":0.9829931972789115,"breadth_of_coverage":0.9902974384342339,"L90":24,"aligned_contigs":55,"NA50":257869,"NG50":257869,"aligned_basepairs":6726427,"Ns":0},"Salmonella_enterica":{"assembler":"metaSPAdes","contiguity":0.11137253962711456,"multiplicity":1.0001689700420393,"validity":0.9999985030522764,"parsimony":1.0001704672449434,"identity":0.9991905490718265,"lowest_identity":0.9894878103332588,"breadth_of_coverage":0.9822761550721404,"L90":23,"aligned_contigs":54,"NA50":198783,"NG50":198783,"aligned_basepairs":4675385,"Ns":0},"Staphylococcus_aureus":{"assembler":"metaSPAdes","contiguity":0.3813993776620396,"multiplicity":1.0000615431669369,"validity":1.0000343140436192,"parsimony":1.0000272281890084,"identity":0.9999246752349845,"lowest_identity":0.9996934474390088,"breadth_of_coverage":0.9861206129219724,"L90":8,"aligned_contigs":17,"NA50":395094,"NG50":395094,"aligned_basepairs":2681045,"Ns":0},"Staphylococcus_aureus_plasmid1":{"assembler":"metaSPAdes","contiguity":0.9998421966230078,"multiplicity":1.0,"validity":1.0,"parsimony":1.0,"identity":1.0,"lowest_identity":1.0,"breadth_of_coverage":0.9998421966230078,"L90":0,"aligned_contigs":1,"NA50":6336,"NG50":6336,"aligned_basepairs":6336,"Ns":0},"Staphylococcus_aureus_plasmid2":{"assembler":"metaSPAdes","contiguity":0.0,"multiplicity":0,"validity":0,"parsimony":0,"identity":0,"lowest_identity":0,"breadth_of_coverage":0.0,"L90":0,"aligned_contigs":0,"NA50":0,"NG50":0,"aligned_basepairs":0,"Ns":0},"Staphylococcus_aureus_plasmid3":{"assembler":"metaSPAdes","contiguity":0.0,"multiplicity":0,"validity":0,"parsimony":0,"identity":0,"lowest_identity":0,"breadth_of_coverage":0.0,"L90":0,"aligned_contigs":0,"NA50":0,"NG50":0,"aligned_basepairs":0,"Ns":0}}}