{"sample_id":"ENN","ReferenceTables":{"Bacillus_subtilis":{"assembler":"metaSPAdes","contiguity":0.2552934898164139,"multiplicity":1.0,"validity":1.0006703368298262,"parsimony":0.9993301122206242,"identity":0.998299054455113,"lowest_identity":0.9701492537313433,"breadth_of_coverage":0.9855544572638893,"L90":8,"aligned_contigs":18,"NA50":552896,"NG50":552896,"aligned_basepairs":3987235,"Ns":0},"Enterococcus_faecalis":{"assembler":"metaSPAdes","contiguity":0.3102321226741342,"multiplicity":1.0001185738796117,"validity":1.0000007185448891,"parsimony":1.0001178552500383,"identity":0.9980803097000597,"lowest_identity":0.9654591406908172,"breadth_of_coverage":0.9780989754662978,"L90":8,"aligned_contigs":19,"NA50":336380,"NG50":336380,"aligned_basepairs":2783075,"Ns":0},"Escherichia_coli_plasmid":{"assembler":"metaSPAdes","contiguity":1.000499968183843,"multiplicity":1.000499968183843,"validity":0.9999909142945403,"parsimony":1.0005090585144583,"identity":0.9999909142945403,"lowest_identity":0.9999909142945403,"breadth_of_coverage":1.0,"L90":0,"aligned_contigs":1,"NA50":110063,"NG50":110063,"aligned_basepairs":110007,"Ns":0},"Escherichia_coli":{"assembler":"metaSPAdes","contiguity":0.10724563596935767,"multiplicity":1.0001699129030315,"validity":1.0005575217312368,"parsimony":0.9996126071517261,"identity":0.9994922606485532,"lowest_identity":0.9892641467233281,"breadth_of_coverage":0.979364523776848,"L90":33,"aligned_contigs":85,"NA50":138182,"NG50":138182,"aligned_basepairs":4667097,"Ns":0},"Lactobacillus_fermentum":{"assembler":"metaSPAdes","contiguity":0.06391901048268203,"multiplicity":1.000415811294036,"validity":1.0000005564105732,"parsimony":1.0004152546524108,"identity":0.9998301691127518,"lowest_identity":0.9909245604083948,"breadth_of_coverage":0.9428735029519775,"L90":48,"aligned_contigs":78,"NA50":46069,"NG50":45077,"aligned_basepairs":1796488,"Ns":0},"Listeria_monocytogenes":{"assembler":"metaSPAdes","contiguity":0.21125058566166569,"multiplicity":1.0000929408862167,"validity":1.0000006758713587,"parsimony":1.0000922649524988,"identity":0.9989672215359963,"lowest_identity":0.9938366718027735,"breadth_of_coverage":0.9888141128253388,"L90":8,"aligned_contigs":17,"NA50":476694,"NG50":476694,"aligned_basepairs":2958870,"Ns":0},"Pseudomonas_aeruginosa":{"assembler":"metaSPAdes","contiguity":0.12479429003007804,"multiplicity":1.0002027559347733,"validity":1.0000150106345145,"parsimony":1.000187742482125,"identity":0.9992327560218357,"lowest_identity":0.9693441064638784,"breadth_of_coverage":0.9904259657584363,"L90":25,"aligned_contigs":57,"NA50":257869,"NG50":257869,"aligned_basepairs":6727300,"Ns":0},"Salmonella_enterica":{"assembler":"metaSPAdes","contiguity":0.11137253962711456,"multiplicity":1.0001535936413517,"validity":1.000001927661297,"parsimony":1.0001516656876945,"identity":0.9996489628972999,"lowest_identity":0.9933422103861518,"breadth_of_coverage":0.9807586371205522,"L90":22,"aligned_contigs":48,"NA50":198784,"NG50":198784,"aligned_basepairs":4668162,"Ns":0},"Staphylococcus_aureus":{"assembler":"metaSPAdes","contiguity":0.3813993776620396,"multiplicity":1.0000615500312227,"validity":1.0000007460156237,"parsimony":1.0000608039702383,"identity":0.9994468590830559,"lowest_identity":0.9912663755458515,"breadth_of_coverage":0.9860106371240042,"L90":8,"aligned_contigs":18,"NA50":395094,"NG50":395094,"aligned_basepairs":2680746,"Ns":0},"Staphylococcus_aureus_plasmid1":{"assembler":"metaSPAdes","contiguity":1.0086791857345747,"multiplicity":1.0086791857345747,"validity":1.0,"parsimony":1.0086791857345747,"identity":1.0,"lowest_identity":1.0,"breadth_of_coverage":1.0,"L90":0,"aligned_contigs":1,"NA50":6392,"NG50":6392,"aligned_basepairs":6337,"Ns":0},"Staphylococcus_aureus_plasmid2":{"assembler":"metaSPAdes","contiguity":0.944043321299639,"multiplicity":1.0,"validity":1.0,"parsimony":1.0,"identity":1.0,"lowest_identity":1.0,"breadth_of_coverage":0.944043321299639,"L90":0,"aligned_contigs":1,"NA50":2092,"NG50":2092,"aligned_basepairs":2092,"Ns":0},"Staphylococcus_aureus_plasmid3":{"assembler":"metaSPAdes","contiguity":0.983962579351821,"multiplicity":1.0,"validity":1.0,"parsimony":1.0,"identity":0.998981324278438,"lowest_identity":0.998981324278438,"breadth_of_coverage":0.983962579351821,"L90":0,"aligned_contigs":1,"NA50":2945,"NG50":2945,"aligned_basepairs":2945,"Ns":0}}}