{"sample_id":"ENN","ReferenceTables":{"Bacillus_subtilis":{"assembler":"MEGAHIT","contiguity":0.09784765318635175,"multiplicity":1.0002333176617455,"validity":0.9998613153971257,"parsimony":1.000372053862762,"identity":0.9987115559651495,"lowest_identity":0.9739819875298283,"breadth_of_coverage":0.9852447439575626,"L90":14,"aligned_contigs":28,"NA50":263587,"NG50":263587,"aligned_basepairs":3985982,"Ns":0},"Enterococcus_faecalis":{"assembler":"MEGAHIT","contiguity":0.1895021845847602,"multiplicity":1.0006003524146643,"validity":1.0005340443529682,"parsimony":1.0000662726691514,"identity":0.9995577834955469,"lowest_identity":0.9932287102684617,"breadth_of_coverage":0.9916651203067978,"L90":13,"aligned_contigs":31,"NA50":235316,"NG50":235316,"aligned_basepairs":2821676,"Ns":0},"Escherichia_coli_plasmid":{"assembler":"MEGAHIT","contiguity":1.0002545292572291,"multiplicity":1.0002545292572291,"validity":1.0,"parsimony":1.0002545292572291,"identity":0.999972735947653,"lowest_identity":0.999972735947653,"breadth_of_coverage":1.0,"L90":0,"aligned_contigs":1,"NA50":110035,"NG50":110035,"aligned_basepairs":110007,"Ns":0},"Escherichia_coli":{"assembler":"MEGAHIT","contiguity":0.07228365768993968,"multiplicity":1.0012514332838642,"validity":1.0008604950384932,"parsimony":1.0003906021341726,"identity":0.9999374340789642,"lowest_identity":0.9903508771929824,"breadth_of_coverage":0.9750784503573022,"L90":56,"aligned_contigs":134,"NA50":74550,"NG50":74550,"aligned_basepairs":4646672,"Ns":0},"Lactobacillus_fermentum":{"assembler":"MEGAHIT","contiguity":0.06400928341659962,"multiplicity":1.0017937051228352,"validity":1.0025122140718272,"parsimony":0.9992832915759962,"identity":1.0001078558387386,"lowest_identity":0.9752321981424149,"breadth_of_coverage":0.9497877798788978,"L90":39,"aligned_contigs":82,"NA50":46241,"NG50":46241,"aligned_basepairs":1809662,"Ns":0},"Listeria_monocytogenes":{"assembler":"MEGAHIT","contiguity":0.21129737175764,"multiplicity":1.0001624205934267,"validity":1.0005408086474652,"parsimony":0.9996218164708844,"identity":0.9995412343700196,"lowest_identity":0.9925198690977092,"breadth_of_coverage":0.9773301313820413,"L90":8,"aligned_contigs":18,"NA50":447852,"NG50":447852,"aligned_basepairs":2924506,"Ns":0},"Pseudomonas_aeruginosa":{"assembler":"MEGAHIT","contiguity":0.06899944496218528,"multiplicity":1.0007746133618576,"validity":1.0003809170790299,"parsimony":1.0003935463742923,"identity":0.9999366759285012,"lowest_identity":0.9977578475336323,"breadth_of_coverage":0.9909854203196841,"L90":28,"aligned_contigs":79,"NA50":250860,"NG50":250860,"aligned_basepairs":6731100,"Ns":0},"Salmonella_enterica":{"assembler":"MEGAHIT","contiguity":0.08749878669996256,"multiplicity":1.0014914881248607,"validity":1.0002005553315323,"parsimony":1.0012906739417882,"identity":0.9996633678463961,"lowest_identity":0.9865443425076452,"breadth_of_coverage":0.9844903488547498,"L90":47,"aligned_contigs":103,"NA50":116581,"NG50":112507,"aligned_basepairs":4685924,"Ns":0},"Staphylococcus_aureus":{"assembler":"MEGAHIT","contiguity":0.08609560170370534,"multiplicity":1.0013770884256332,"validity":1.0006725956939715,"parsimony":1.0007040192113716,"identity":0.9985629120268598,"lowest_identity":0.9623836126629423,"breadth_of_coverage":0.9863780813453092,"L90":19,"aligned_contigs":49,"NA50":105123,"NG50":129962,"aligned_basepairs":2681745,"Ns":0},"Staphylococcus_aureus_plasmid1":{"assembler":"MEGAHIT","contiguity":0.9998421966230078,"multiplicity":1.0,"validity":1.0,"parsimony":1.0,"identity":1.0,"lowest_identity":1.0,"breadth_of_coverage":0.9998421966230078,"L90":0,"aligned_contigs":1,"NA50":6336,"NG50":6336,"aligned_basepairs":6336,"Ns":0},"Staphylococcus_aureus_plasmid2":{"assembler":"MEGAHIT","contiguity":0.0,"multiplicity":0,"validity":0,"parsimony":0,"identity":0,"lowest_identity":0,"breadth_of_coverage":0.0,"L90":0,"aligned_contigs":0,"NA50":0,"NG50":0,"aligned_basepairs":0,"Ns":0},"Staphylococcus_aureus_plasmid3":{"assembler":"MEGAHIT","contiguity":0.0,"multiplicity":0,"validity":0,"parsimony":0,"identity":0,"lowest_identity":0,"breadth_of_coverage":0.0,"L90":0,"aligned_contigs":0,"NA50":0,"NG50":0,"aligned_basepairs":0,"Ns":0}}}