{"sample_id":"ENN","ReferenceTables":{"Bacillus_subtilis":{"assembler":"GATBMiniaPipeline","contiguity":0.09783282254119645,"multiplicity":1.0,"validity":0.9999984924032198,"parsimony":1.0000015075990532,"identity":0.9997541789577188,"lowest_identity":0.9931170108161259,"breadth_of_coverage":0.9837260858936588,"L90":14,"aligned_contigs":28,"NA50":269695,"NG50":269695,"aligned_basepairs":3979838,"Ns":0},"Enterococcus_faecalis":{"assembler":"GATBMiniaPipeline","contiguity":0.1558070030421116,"multiplicity":1.000613084850446,"validity":1.0,"parsimony":1.000613084850446,"identity":0.9999628884869615,"lowest_identity":0.9990458015267175,"breadth_of_coverage":0.9894141123613196,"L90":23,"aligned_contigs":45,"NA50":128464,"NG50":128464,"aligned_basepairs":2815271,"Ns":0},"Escherichia_coli_plasmid":{"assembler":"GATBMiniaPipeline","contiguity":0.48301471724526623,"multiplicity":1.0,"validity":1.0,"parsimony":1.0,"identity":1.0,"lowest_identity":1.0,"breadth_of_coverage":0.9811557446344323,"L90":2,"aligned_contigs":3,"NA50":28271,"NG50":28271,"aligned_basepairs":107934,"Ns":0},"Escherichia_coli":{"assembler":"GATBMiniaPipeline","contiguity":0.024233679450811826,"multiplicity":1.001589160163636,"validity":1.0000491183260474,"parsimony":1.0015399661970268,"identity":0.9999683401383617,"lowest_identity":0.9940577249575552,"breadth_of_coverage":0.9683036214539956,"L90":123,"aligned_contigs":213,"NA50":42265,"NG50":40801,"aligned_basepairs":4614387,"Ns":0},"Lactobacillus_fermentum":{"assembler":"GATBMiniaPipeline","contiguity":0.06396624632019705,"multiplicity":1.0007711012240534,"validity":1.0,"parsimony":1.0007711012240534,"identity":1.0,"lowest_identity":1.0,"breadth_of_coverage":0.9406450211065467,"L90":54,"aligned_contigs":88,"NA50":40366,"NG50":40071,"aligned_basepairs":1792242,"Ns":0},"Listeria_monocytogenes":{"assembler":"GATBMiniaPipeline","contiguity":0.2112776547600508,"multiplicity":1.0000102890150018,"validity":1.0,"parsimony":1.0000102890150018,"identity":1.0,"lowest_identity":1.0,"breadth_of_coverage":0.9743976457236506,"L90":10,"aligned_contigs":18,"NA50":475379,"NG50":475379,"aligned_basepairs":2915731,"Ns":0},"Pseudomonas_aeruginosa":{"assembler":"GATBMiniaPipeline","contiguity":0.06803350249472567,"multiplicity":1.00120326097579,"validity":1.0009305344422104,"parsimony":1.0002724729880796,"identity":0.9998112465582322,"lowest_identity":0.9608915403098849,"breadth_of_coverage":0.9882605821566385,"L90":44,"aligned_contigs":117,"NA50":171244,"NG50":171244,"aligned_basepairs":6712592,"Ns":0},"Salmonella_enterica":{"assembler":"GATBMiniaPipeline","contiguity":0.04461057375750723,"multiplicity":1.0017735587360037,"validity":0.9999997851433964,"parsimony":1.0017737739737145,"identity":0.9999840100366821,"lowest_identity":0.9982949701619779,"breadth_of_coverage":0.9761079687865697,"L90":102,"aligned_contigs":189,"NA50":51487,"NG50":50012,"aligned_basepairs":4646026,"Ns":0},"Staphylococcus_aureus":{"assembler":"GATBMiniaPipeline","contiguity":0.06690316980410331,"multiplicity":1.0006885899632116,"validity":1.0000336772907292,"parsimony":1.0006548906175408,"identity":1.0,"lowest_identity":1.0,"breadth_of_coverage":0.9823064021362523,"L90":39,"aligned_contigs":65,"NA50":63844,"NG50":53404,"aligned_basepairs":2670675,"Ns":0},"Staphylococcus_aureus_plasmid1":{"assembler":"GATBMiniaPipeline","contiguity":1.015938141076219,"multiplicity":1.015938141076219,"validity":1.0,"parsimony":1.015938141076219,"identity":1.0,"lowest_identity":1.0,"breadth_of_coverage":1.0,"L90":0,"aligned_contigs":1,"NA50":6438,"NG50":6438,"aligned_basepairs":6337,"Ns":0},"Staphylococcus_aureus_plasmid2":{"assembler":"GATBMiniaPipeline","contiguity":1.0455776173285198,"multiplicity":1.0455776173285198,"validity":1.0,"parsimony":1.0455776173285198,"identity":1.0,"lowest_identity":1.0,"breadth_of_coverage":1.0,"L90":0,"aligned_contigs":1,"NA50":2317,"NG50":2317,"aligned_basepairs":2216,"Ns":0},"Staphylococcus_aureus_plasmid3":{"assembler":"GATBMiniaPipeline","contiguity":1.0337454059472102,"multiplicity":1.0337454059472102,"validity":1.0,"parsimony":1.0337454059472102,"identity":1.0,"lowest_identity":1.0,"breadth_of_coverage":1.0,"L90":0,"aligned_contigs":1,"NA50":3094,"NG50":3094,"aligned_basepairs":2993,"Ns":0}}}