{"sample_id":"ENN","ReferenceTables":{"Bacillus_subtilis":{"assembler":"BCALM2","contiguity":0.032648182244899925,"multiplicity":1.00027910215645,"validity":1.0,"parsimony":1.00027910215645,"identity":1.0,"lowest_identity":1.0,"breadth_of_coverage":0.9768347794448247,"L90":66,"aligned_contigs":116,"NA50":65138,"NG50":64934,"aligned_basepairs":3951958,"Ns":0},"Enterococcus_faecalis":{"assembler":"BCALM2","contiguity":0.045908612943313255,"multiplicity":1.0007220323531176,"validity":1.0,"parsimony":1.0007220323531176,"identity":1.0,"lowest_identity":1.0,"breadth_of_coverage":0.9730026653621012,"L90":103,"aligned_contigs":166,"NA50":30453,"NG50":30443,"aligned_basepairs":2768574,"Ns":0},"Escherichia_coli_plasmid":{"assembler":"BCALM2","contiguity":0.3306244148099666,"multiplicity":1.0002854424357754,"validity":1.0,"parsimony":1.0002854424357754,"identity":1.0,"lowest_identity":1.0,"breadth_of_coverage":0.9553937476706028,"L90":3,"aligned_contigs":5,"NA50":26838,"NG50":26838,"aligned_basepairs":105100,"Ns":0},"Escherichia_coli":{"assembler":"BCALM2","contiguity":0.011346290810029054,"multiplicity":1.0022833626198062,"validity":1.0,"parsimony":1.0022833626198062,"identity":1.0,"lowest_identity":1.0,"breadth_of_coverage":0.7904448996670608,"L90":0,"aligned_contigs":1120,"NA50":4465,"NG50":3200,"aligned_basepairs":3766813,"Ns":0},"Lactobacillus_fermentum":{"assembler":"BCALM2","contiguity":0.03464433776143068,"multiplicity":1.0006971147797483,"validity":1.0,"parsimony":1.0006971147797483,"identity":1.0,"lowest_identity":1.0,"breadth_of_coverage":0.9177587329878819,"L90":208,"aligned_contigs":236,"NA50":11209,"NG50":10234,"aligned_basepairs":1748636,"Ns":0},"Listeria_monocytogenes":{"assembler":"BCALM2","contiguity":0.054075369727123436,"multiplicity":1.0005841470203989,"validity":1.0,"parsimony":1.0005841470203989,"identity":1.0,"lowest_identity":1.0,"breadth_of_coverage":0.9628324569851976,"L90":75,"aligned_contigs":126,"NA50":46368,"NG50":44353,"aligned_basepairs":2881124,"Ns":0},"Pseudomonas_aeruginosa":{"assembler":"BCALM2","contiguity":0.015603629387853653,"multiplicity":1.0010132515236787,"validity":1.0,"parsimony":1.0010132515236787,"identity":1.0,"lowest_identity":1.0,"breadth_of_coverage":0.9585404419396584,"L90":335,"aligned_contigs":518,"NA50":22207,"NG50":21734,"aligned_basepairs":6510723,"Ns":0},"Salmonella_enterica":{"assembler":"BCALM2","contiguity":0.011955679987965744,"multiplicity":1.0023265415400704,"validity":1.0,"parsimony":1.0023265415400704,"identity":1.0,"lowest_identity":1.0,"breadth_of_coverage":0.8019869127470247,"L90":0,"aligned_contigs":1079,"NA50":5009,"NG50":3551,"aligned_basepairs":3817254,"Ns":0},"Staphylococcus_aureus":{"assembler":"BCALM2","contiguity":0.033342896446200136,"multiplicity":1.0005768292312442,"validity":1.0,"parsimony":1.0005768292312442,"identity":1.0,"lowest_identity":1.0,"breadth_of_coverage":0.9564668711701572,"L90":112,"aligned_contigs":175,"NA50":29647,"NG50":29165,"aligned_basepairs":2600423,"Ns":0},"Staphylococcus_aureus_plasmid1":{"assembler":"BCALM2","contiguity":0.9998421966230078,"multiplicity":1.0,"validity":1.0,"parsimony":1.0,"identity":1.0,"lowest_identity":1.0,"breadth_of_coverage":0.9998421966230078,"L90":0,"aligned_contigs":1,"NA50":6336,"NG50":6336,"aligned_basepairs":6336,"Ns":0},"Staphylococcus_aureus_plasmid2":{"assembler":"BCALM2","contiguity":0.0,"multiplicity":0,"validity":0,"parsimony":0,"identity":0,"lowest_identity":0,"breadth_of_coverage":0.0,"L90":0,"aligned_contigs":0,"NA50":0,"NG50":0,"aligned_basepairs":0,"Ns":0},"Staphylococcus_aureus_plasmid3":{"assembler":"BCALM2","contiguity":0.0,"multiplicity":0,"validity":0,"parsimony":0,"identity":0,"lowest_identity":0,"breadth_of_coverage":0.0,"L90":0,"aligned_contigs":0,"NA50":0,"NG50":0,"aligned_basepairs":0,"Ns":0}}}