{"ERR2984773":{"assembler":"GATBMiniaPipeline","mapped_reads_original":84.06828640667464,"mapped_reads_filtered":82.84003914984422}}