{"ERR2984773":{"assembler":"metaSPAdes","mapped_reads_original":85.33528968733506,"mapped_reads_filtered":83.0027916857459}}