{"ERR2984773":{"assembler":"MetaHipMer2","mapped_reads_original":25.542410756714496,"mapped_reads_filtered":3.950746955489532}}