{"ERR2984773":{"assembler":"MINIA","mapped_reads_original":80.67397579097289,"mapped_reads_filtered":74.3962796038258}}