{"ERR2984773":{"assembler":"VelvetOptimiser","mapped_reads_original":2.6385795331088557,"mapped_reads_filtered":0.0025951170141676316}}