{"EMS":{"assembler":"MEGAHIT","mapped_reads_original":100.89768812740199,"mapped_reads_filtered":99.72673885565636}}