{"EMS":{"assembler":"MINIA","mapped_reads_original":95.96484528613713,"mapped_reads_filtered":92.1957411645127}}