{"EMS":{"assembler":"MetaHipMer2","mapped_reads_original":98.48569300121163,"mapped_reads_filtered":97.5712902790717}}