{"EMS":{"assembler":"GATBMiniaPipeline","mapped_reads_original":100.11657533490367,"mapped_reads_filtered":98.94617809437685}}