{"EMS":{"assembler":"BCALM2","mapped_reads_original":65.26539896775854,"mapped_reads_filtered":27.013209481050815}}