{"EMS":{"assembler":"ABySS","mapped_reads_original":105.69164105222842,"mapped_reads_filtered":105.49852118234844}}