{"EMS":{"assembler":"IDBA-UD","mapped_reads_original":99.2422375589521,"mapped_reads_filtered":97.57868863561217}}