{"EMS":{"assembler":"Unicycler","mapped_reads_original":99.07119324678015,"mapped_reads_filtered":98.04842736549647}}