{"assembler":"IDBA-UD","sample_id":"LHS","global":{"contigs":1025,"basepairs":13791670,"max_contig_size":632213,"N50":106347,"mapped_reads":97.62862955754483,"Ns":0},"filtered":{"contigs":568,"basepairs":13601100,"N50":108024,"mapped_reads":97.20216057048347,"Ns":0}}