{"assembler":"SKESA","sample_id":"LHS","global":{"contigs":36,"basepairs":2957060,"max_contig_size":632013,"N50":351027,"mapped_reads":92.34717185903023,"Ns":0},"filtered":{"contigs":21,"basepairs":2950393,"N50":351027,"mapped_reads":92.09406180126037,"Ns":0}}