{"assembler":"GATBMiniaPipeline","sample_id":"LHS","global":{"contigs":988,"basepairs":13638386,"max_contig_size":632215,"N50":90987,"mapped_reads":97.4807846338619,"Ns":0},"filtered":{"contigs":762,"basepairs":13507796,"N50":91722,"mapped_reads":97.03376060721159,"Ns":0}}