{"assembler":"VelvetOptimiser","sample_id":"LHS","global":{"contigs":240521,"basepairs":22177532,"max_contig_size":4146,"N50":124,"mapped_reads":4.0852367651217945,"Ns":0},"filtered":{"contigs":817,"basepairs":1087944,"N50":1295,"mapped_reads":0.2555226407321943,"Ns":0}}