{"assembler":"BCALM2","sample_id":"LHS","global":{"contigs":8175890,"basepairs":364761201,"max_contig_size":1212,"N50":49,"mapped_reads":8.656784609777876,"Ns":0},"filtered":{"contigs":11,"basepairs":11967,"N50":1062,"mapped_reads":0.0018752919559884658,"Ns":0}}