{"assembler":"MINIA","sample_id":"LHS","global":{"contigs":24664,"basepairs":15335108,"max_contig_size":163543,"N50":7727,"mapped_reads":91.15269241749844,"Ns":0},"filtered":{"contigs":2172,"basepairs":12922301,"N50":10582,"mapped_reads":81.99477627704246,"Ns":0}}