{"EMS":{"assembler":"IDBA-UD","mapped_reads_original":99.24210097390828,"mapped_reads_filtered":97.57874554604709}}