{"EMS":{"assembler":"ABySS","mapped_reads_original":105.69141910153219,"mapped_reads_filtered":105.49841305252208}}