{"EMS":{"assembler":"GATBMiniaPipeline","mapped_reads_original":100.11668915577354,"mapped_reads_filtered":98.9463602077686}}