{"EMS":{"assembler":"MetaHipMer2","mapped_reads_original":98.49511167819199,"mapped_reads_filtered":97.5715122297679}}