{"EMS":{"assembler":"MEGAHIT","mapped_reads_original":100.89785316766327,"mapped_reads_filtered":99.72628926322044}}