{"EMS":{"assembler":"IDBA-UD","mapped_reads_original":99.24226601416956,"mapped_reads_filtered":97.57872278187311}}