{"EMS":{"assembler":"BCALM2","mapped_reads_original":65.26541604088901,"mapped_reads_filtered":27.013203790007324}}