{"EMS":{"assembler":"MINIA","mapped_reads_original":95.97088917432633,"mapped_reads_filtered":92.195120840772}}