{"EMS":{"assembler":"MEGAHIT","mapped_reads_original":100.89754585131465,"mapped_reads_filtered":99.72676731087383}}