{"EMS":{"assembler":"ABySS","mapped_reads_original":105.6916581253589,"mapped_reads_filtered":105.49846427191349}}