{"EMS":{"assembler":"VelvetOptimiser","mapped_reads_original":95.89394057526206,"mapped_reads_filtered":92.2742206542765}}