{"EMS":{"assembler":"BCALM2","mapped_reads_original":65.26525100062773,"mapped_reads_filtered":27.01315257061589}}