{"sample_id":"EMS","ReferenceTables":{"Bacillus_subtilis":{"assembler":"BCALM2","contiguity":0.002419372579669608,"multiplicity":1.004272509688996,"validity":1.0,"parsimony":1.004272509688996,"identity":1.0,"lowest_identity":1.0,"breadth_of_coverage":0.703087270684239,"L90":0,"aligned_contigs":1467,"NA50":2062,"NG50":1589,"aligned_basepairs":2844464,"Ns":0},"Enterococcus_faecalis":{"assembler":"BCALM2","contiguity":0.0009439824108593824,"multiplicity":1.0002671070965903,"validity":1.0,"parsimony":1.0002671070965903,"identity":1.0,"lowest_identity":1.0,"breadth_of_coverage":0.07894483431456896,"L90":0,"aligned_contigs":180,"NA50":1208,"NG50":0,"aligned_basepairs":224629,"Ns":0},"Escherichia_coli_plasmid":{"assembler":"BCALM2","contiguity":0.12970083721944967,"multiplicity":1.002670929756497,"validity":1.0,"parsimony":1.002670929756497,"identity":1.0,"lowest_identity":1.0,"breadth_of_coverage":0.932540656503677,"L90":18,"aligned_contigs":21,"NA50":7117,"NG50":6638,"aligned_basepairs":102586,"Ns":0},"Escherichia_coli":{"assembler":"BCALM2","contiguity":0.0020934084912308092,"multiplicity":1.00365545109767,"validity":1.0,"parsimony":1.00365545109767,"identity":1.0,"lowest_identity":1.0,"breadth_of_coverage":0.6489163421421847,"L90":0,"aligned_contigs":1495,"NA50":2244,"NG50":1489,"aligned_basepairs":3092368,"Ns":0},"Lactobacillus_fermentum":{"assembler":"BCALM2","contiguity":0.0,"multiplicity":0,"validity":0,"parsimony":0,"identity":0,"lowest_identity":0,"breadth_of_coverage":0.0,"L90":0,"aligned_contigs":0,"NA50":0,"NG50":0,"aligned_basepairs":0,"Ns":0},"Listeria_monocytogenes":{"assembler":"BCALM2","contiguity":0.000929706564289777,"multiplicity":1.0007146027999436,"validity":1.0,"parsimony":1.0007146027999436,"identity":1.0,"lowest_identity":1.0,"breadth_of_coverage":0.1543256085033061,"L90":0,"aligned_contigs":359,"NA50":1240,"NG50":0,"aligned_basepairs":461795,"Ns":0},"Pseudomonas_aeruginosa":{"assembler":"BCALM2","contiguity":0.00559763733505292,"multiplicity":1.0027754194454974,"validity":1.0,"parsimony":1.0027754194454974,"identity":1.0,"lowest_identity":1.0,"breadth_of_coverage":0.942309045644131,"L90":921,"aligned_contigs":1142,"NA50":8425,"NG50":7782,"aligned_basepairs":6400474,"Ns":0},"Salmonella_enterica":{"assembler":"BCALM2","contiguity":0.0021017928267600835,"multiplicity":1.0038240232714426,"validity":1.0,"parsimony":1.0038240232714426,"identity":1.0,"lowest_identity":1.0,"breadth_of_coverage":0.6508847320844432,"L90":0,"aligned_contigs":1479,"NA50":2317,"NG50":1499,"aligned_basepairs":3098046,"Ns":0},"Staphylococcus_aureus":{"assembler":"BCALM2","contiguity":0.0007415090592103812,"multiplicity":1.0006330175872116,"validity":1.0,"parsimony":1.0006330175872116,"identity":1.0,"lowest_identity":1.0,"breadth_of_coverage":0.04822677818727517,"L90":0,"aligned_contigs":109,"NA50":1164,"NG50":0,"aligned_basepairs":131118,"Ns":0},"Staphylococcus_aureus_plasmid1":{"assembler":"BCALM2","contiguity":0.0,"multiplicity":0,"validity":0,"parsimony":0,"identity":0,"lowest_identity":0,"breadth_of_coverage":0.0,"L90":0,"aligned_contigs":0,"NA50":0,"NG50":0,"aligned_basepairs":0,"Ns":0},"Staphylococcus_aureus_plasmid2":{"assembler":"BCALM2","contiguity":0.0,"multiplicity":0,"validity":0,"parsimony":0,"identity":0,"lowest_identity":0,"breadth_of_coverage":0.0,"L90":0,"aligned_contigs":0,"NA50":0,"NG50":0,"aligned_basepairs":0,"Ns":0},"Staphylococcus_aureus_plasmid3":{"assembler":"BCALM2","contiguity":0.0,"multiplicity":0,"validity":0,"parsimony":0,"identity":0,"lowest_identity":0,"breadth_of_coverage":0.0,"L90":0,"aligned_contigs":0,"NA50":0,"NG50":0,"aligned_basepairs":0,"Ns":0}}}