{"sample_id":"EMS","ReferenceTables":{"Bacillus_subtilis":{"assembler":"MEGAHIT","contiguity":0.18999045153629418,"multiplicity":0.9999515862526028,"validity":0.9996827620416884,"parsimony":1.0002689095192214,"identity":0.9994211970638159,"lowest_identity":0.9956361724500525,"breadth_of_coverage":0.9853656137155784,"L90":13,"aligned_contigs":27,"NA50":263586,"NG50":263586,"aligned_basepairs":3986471,"Ns":0},"Enterococcus_faecalis":{"assembler":"MEGAHIT","contiguity":0.23483583281319412,"multiplicity":1.0001643615379647,"validity":0.999955509661938,"parsimony":1.0002088611683306,"identity":0.9980126653404956,"lowest_identity":0.9507002801120448,"breadth_of_coverage":0.9793167338630319,"L90":13,"aligned_contigs":31,"NA50":235316,"NG50":238546,"aligned_basepairs":2786540,"Ns":0},"Escherichia_coli_plasmid":{"assembler":"MEGAHIT","contiguity":0.3661312461934241,"multiplicity":1.0,"validity":1.0,"parsimony":1.0,"identity":1.0,"lowest_identity":1.0,"breadth_of_coverage":0.9791922332215223,"L90":3,"aligned_contigs":4,"NA50":28353,"NG50":28353,"aligned_basepairs":107718,"Ns":0},"Escherichia_coli":{"assembler":"MEGAHIT","contiguity":0.059565403696704225,"multiplicity":1.0005481624868562,"validity":0.9998763390530272,"parsimony":1.0006719065224259,"identity":0.9979794559669983,"lowest_identity":0.8633633633633634,"breadth_of_coverage":0.9784735241323246,"L90":55,"aligned_contigs":141,"NA50":74104,"NG50":74550,"aligned_basepairs":4662851,"Ns":0},"Lactobacillus_fermentum":{"assembler":"MEGAHIT","contiguity":0.06400928341659962,"multiplicity":0.9990387887742481,"validity":0.9997474822988414,"parsimony":0.9992911274725457,"identity":0.9992919861089404,"lowest_identity":0.9753129959442779,"breadth_of_coverage":0.9484405088244418,"L90":35,"aligned_contigs":81,"NA50":46932,"NG50":52972,"aligned_basepairs":1807095,"Ns":0},"Listeria_monocytogenes":{"assembler":"MEGAHIT","contiguity":0.2113033871128367,"multiplicity":0.9997875533987404,"validity":0.9999344663006463,"parsimony":0.9998530774697171,"identity":0.992978034514649,"lowest_identity":0.8721568627450981,"breadth_of_coverage":0.9894403781385951,"L90":8,"aligned_contigs":20,"NA50":447852,"NG50":447852,"aligned_basepairs":2960744,"Ns":0},"Pseudomonas_aeruginosa":{"assembler":"MEGAHIT","contiguity":0.06899944496218528,"multiplicity":1.0005609343121558,"validity":1.0,"parsimony":1.0005609343121558,"identity":0.9999010209124327,"lowest_identity":0.9954716981132076,"breadth_of_coverage":0.9910628606089515,"L90":30,"aligned_contigs":82,"NA50":250917,"NG50":250917,"aligned_basepairs":6731626,"Ns":0},"Salmonella_enterica":{"assembler":"MEGAHIT","contiguity":0.08749878669996256,"multiplicity":1.0009277295670453,"validity":0.9999982891221101,"parsimony":1.000929442035097,"identity":0.9995155461576645,"lowest_identity":0.9725730688935282,"breadth_of_coverage":0.9814851464763036,"L90":42,"aligned_contigs":102,"NA50":120785,"NG50":120785,"aligned_basepairs":4671620,"Ns":0},"Staphylococcus_aureus":{"assembler":"MEGAHIT","contiguity":0.15285054325837324,"multiplicity":0.9999048909192088,"validity":0.9998590212419184,"parsimony":1.0000458761448523,"identity":0.9988218969794183,"lowest_identity":0.9733218588640276,"breadth_of_coverage":0.9861526125688728,"L90":19,"aligned_contigs":37,"NA50":126941,"NG50":126941,"aligned_basepairs":2681132,"Ns":0},"Staphylococcus_aureus_plasmid1":{"assembler":"MEGAHIT","contiguity":0.9954237020672242,"multiplicity":1.0,"validity":1.0,"parsimony":1.0,"identity":1.0,"lowest_identity":1.0,"breadth_of_coverage":0.9954237020672242,"L90":0,"aligned_contigs":1,"NA50":6308,"NG50":6308,"aligned_basepairs":6308,"Ns":0},"Staphylococcus_aureus_plasmid2":{"assembler":"MEGAHIT","contiguity":0.9995487364620939,"multiplicity":1.0,"validity":1.0,"parsimony":1.0,"identity":1.0,"lowest_identity":1.0,"breadth_of_coverage":0.9995487364620939,"L90":0,"aligned_contigs":1,"NA50":2215,"NG50":2215,"aligned_basepairs":2215,"Ns":0},"Staphylococcus_aureus_plasmid3":{"assembler":"MEGAHIT","contiguity":0.9996658870698296,"multiplicity":1.0,"validity":1.0,"parsimony":1.0,"identity":1.0,"lowest_identity":1.0,"breadth_of_coverage":0.9996658870698296,"L90":0,"aligned_contigs":1,"NA50":2992,"NG50":2992,"aligned_basepairs":2992,"Ns":0}}}