{"sample_id":"ENN","ReferenceTables":{"Bacillus_subtilis":{"assembler":"GATBMiniaPipeline","contiguity":0.09783282254119645,"multiplicity":1.0,"validity":1.0,"parsimony":1.0,"identity":1.0,"lowest_identity":1.0,"breadth_of_coverage":0.9836615725872332,"L90":14,"aligned_contigs":28,"NA50":269695,"NG50":263366,"aligned_basepairs":3979577,"Ns":0},"Enterococcus_faecalis":{"assembler":"GATBMiniaPipeline","contiguity":0.13575633866968068,"multiplicity":1.0006269265114256,"validity":1.0,"parsimony":1.0006269265114256,"identity":1.0,"lowest_identity":1.0,"breadth_of_coverage":0.9894320360779815,"L90":24,"aligned_contigs":46,"NA50":127741,"NG50":127741,"aligned_basepairs":2815322,"Ns":0},"Escherichia_coli_plasmid":{"assembler":"GATBMiniaPipeline","contiguity":0.14012744643522684,"multiplicity":1.0014012908241021,"validity":1.0,"parsimony":1.0014012908241021,"identity":1.0,"lowest_identity":1.0,"breadth_of_coverage":0.8887343532684284,"L90":0,"aligned_contigs":24,"NA50":5269,"NG50":4651,"aligned_basepairs":97767,"Ns":0},"Escherichia_coli":{"assembler":"GATBMiniaPipeline","contiguity":0.027645121094951687,"multiplicity":1.0012735370357049,"validity":1.0,"parsimony":1.0012735370357049,"identity":0.9999375567120629,"lowest_identity":0.9893858984078847,"breadth_of_coverage":0.9685354995998265,"L90":112,"aligned_contigs":199,"NA50":55370,"NG50":54964,"aligned_basepairs":4615492,"Ns":0},"Lactobacillus_fermentum":{"assembler":"GATBMiniaPipeline","contiguity":0.06396624632019705,"multiplicity":1.0008787272681625,"validity":1.0,"parsimony":1.0008787272681625,"identity":1.0,"lowest_identity":1.0,"breadth_of_coverage":0.9407095767511506,"L90":54,"aligned_contigs":89,"NA50":40366,"NG50":40071,"aligned_basepairs":1792365,"Ns":0},"Listeria_monocytogenes":{"assembler":"GATBMiniaPipeline","contiguity":0.2112776547600508,"multiplicity":1.0000102894384744,"validity":1.0,"parsimony":1.0000102894384744,"identity":0.9999775558298731,"lowest_identity":0.9995735607675906,"breadth_of_coverage":0.9743575433556726,"L90":11,"aligned_contigs":19,"NA50":351140,"NG50":351140,"aligned_basepairs":2915611,"Ns":0},"Pseudomonas_aeruginosa":{"assembler":"GATBMiniaPipeline","contiguity":0.04160001060019169,"multiplicity":1.0008417192014005,"validity":0.99953418087487,"parsimony":1.0013081476867414,"identity":0.999482022924957,"lowest_identity":0.9573396311413866,"breadth_of_coverage":0.9870156485329776,"L90":78,"aligned_contigs":166,"NA50":88774,"NG50":88774,"aligned_basepairs":6704136,"Ns":0},"Salmonella_enterica":{"assembler":"GATBMiniaPipeline","contiguity":0.05798124521770699,"multiplicity":1.0015556697853998,"validity":0.9999989249364852,"parsimony":1.001556746522516,"identity":0.9999491961931378,"lowest_identity":0.9917218543046358,"breadth_of_coverage":0.9756106733426532,"L90":96,"aligned_contigs":178,"NA50":52959,"NG50":51487,"aligned_basepairs":4643659,"Ns":0},"Staphylococcus_aureus":{"assembler":"GATBMiniaPipeline","contiguity":0.06690316980410331,"multiplicity":1.0006698681045054,"validity":1.0,"parsimony":1.0006698681045054,"identity":1.0,"lowest_identity":1.0,"breadth_of_coverage":0.9823064021362523,"L90":39,"aligned_contigs":65,"NA50":63844,"NG50":53404,"aligned_basepairs":2670675,"Ns":0},"Staphylococcus_aureus_plasmid1":{"assembler":"GATBMiniaPipeline","contiguity":0.9998421966230078,"multiplicity":1.0,"validity":1.0,"parsimony":1.0,"identity":1.0,"lowest_identity":1.0,"breadth_of_coverage":0.9998421966230078,"L90":0,"aligned_contigs":1,"NA50":6336,"NG50":6336,"aligned_basepairs":6336,"Ns":0},"Staphylococcus_aureus_plasmid2":{"assembler":"GATBMiniaPipeline","contiguity":0.9995487364620939,"multiplicity":1.0,"validity":1.0,"parsimony":1.0,"identity":1.0,"lowest_identity":1.0,"breadth_of_coverage":0.9995487364620939,"L90":0,"aligned_contigs":1,"NA50":2215,"NG50":2215,"aligned_basepairs":2215,"Ns":0},"Staphylococcus_aureus_plasmid3":{"assembler":"GATBMiniaPipeline","contiguity":0.9996658870698296,"multiplicity":1.0,"validity":1.0,"parsimony":1.0,"identity":1.0,"lowest_identity":1.0,"breadth_of_coverage":0.9996658870698296,"L90":0,"aligned_contigs":1,"NA50":2992,"NG50":2992,"aligned_basepairs":2992,"Ns":0}}}