{"sample_id":"ENN","ReferenceTables":{"Bacillus_subtilis":{"assembler":"MetaHipMer2","contiguity":0.09783183383151942,"multiplicity":1.0000243998946527,"validity":1.0,"parsimony":1.0000243998946527,"identity":1.0,"lowest_identity":1.0,"breadth_of_coverage":0.9826357862973243,"L90":15,"aligned_contigs":27,"NA50":257264,"NG50":257264,"aligned_basepairs":3975427,"Ns":0},"Enterococcus_faecalis":{"assembler":"MetaHipMer2","contiguity":0.13575563577883118,"multiplicity":1.000513424889902,"validity":1.0,"parsimony":1.000513424889902,"identity":0.9999993071253498,"lowest_identity":0.9999688206407358,"breadth_of_coverage":0.9754293960199508,"L90":27,"aligned_contigs":45,"NA50":118895,"NG50":118895,"aligned_basepairs":2775479,"Ns":0},"Escherichia_coli_plasmid":{"assembler":"MetaHipMer2","contiguity":0.1863790486059978,"multiplicity":1.0002064506442199,"validity":1.0,"parsimony":1.0002064506442199,"identity":1.0,"lowest_identity":1.0,"breadth_of_coverage":0.9686929013608225,"L90":7,"aligned_contigs":10,"NA50":12578,"NG50":12578,"aligned_basepairs":106563,"Ns":0},"Escherichia_coli":{"assembler":"MetaHipMer2","contiguity":0.027640924205434386,"multiplicity":1.0010415950863591,"validity":0.9999809441729229,"parsimony":1.0010606711254018,"identity":0.9999872671995442,"lowest_identity":0.9983566146261298,"breadth_of_coverage":0.9680371189696468,"L90":107,"aligned_contigs":191,"NA50":59122,"NG50":56794,"aligned_basepairs":4613117,"Ns":0},"Lactobacillus_fermentum":{"assembler":"MetaHipMer2","contiguity":0.06396414694964082,"multiplicity":1.0004581577248526,"validity":1.0,"parsimony":1.0004581577248526,"identity":1.0,"lowest_identity":1.0,"breadth_of_coverage":0.9382055525202156,"L90":55,"aligned_contigs":87,"NA50":40362,"NG50":40067,"aligned_basepairs":1787594,"Ns":0},"Listeria_monocytogenes":{"assembler":"MetaHipMer2","contiguity":0.15651920803170224,"multiplicity":1.00014373319864,"validity":1.0,"parsimony":1.00014373319864,"identity":1.0,"lowest_identity":1.0,"breadth_of_coverage":0.9858198026829821,"L90":13,"aligned_contigs":25,"NA50":193935,"NG50":193935,"aligned_basepairs":2949910,"Ns":0},"Pseudomonas_aeruginosa":{"assembler":"MetaHipMer2","contiguity":0.06803291359518751,"multiplicity":1.000597073402516,"validity":0.9999281491748089,"parsimony":1.0006689722939186,"identity":0.9999545316512968,"lowest_identity":0.9961472709836134,"breadth_of_coverage":0.9890224709341272,"L90":42,"aligned_contigs":101,"NA50":187706,"NG50":187706,"aligned_basepairs":6717767,"Ns":0},"Salmonella_enterica":{"assembler":"MetaHipMer2","contiguity":0.05948510697839759,"multiplicity":1.0010785655035712,"validity":0.9999928977104586,"parsimony":1.0010856755038944,"identity":0.9999849312495144,"lowest_identity":0.9978815803410656,"breadth_of_coverage":0.9751255634229221,"L90":86,"aligned_contigs":161,"NA50":60329,"NG50":58958,"aligned_basepairs":4641350,"Ns":0},"Staphylococcus_aureus":{"assembler":"MetaHipMer2","contiguity":0.06690169855596996,"multiplicity":1.0006880031374443,"validity":1.0,"parsimony":1.0006880031374443,"identity":0.9999631930066711,"lowest_identity":0.9974603174603175,"breadth_of_coverage":0.9810058187863674,"L90":42,"aligned_contigs":69,"NA50":53350,"NG50":53246,"aligned_basepairs":2667139,"Ns":0},"Staphylococcus_aureus_plasmid1":{"assembler":"MetaHipMer2","contiguity":0.9995265898690232,"multiplicity":1.0,"validity":1.0,"parsimony":1.0,"identity":1.0,"lowest_identity":1.0,"breadth_of_coverage":0.9995265898690232,"L90":0,"aligned_contigs":1,"NA50":6334,"NG50":6334,"aligned_basepairs":6334,"Ns":0},"Staphylococcus_aureus_plasmid2":{"assembler":"MetaHipMer2","contiguity":0.9986462093862816,"multiplicity":1.0,"validity":1.0,"parsimony":1.0,"identity":1.0,"lowest_identity":1.0,"breadth_of_coverage":0.9986462093862816,"L90":0,"aligned_contigs":1,"NA50":2213,"NG50":2213,"aligned_basepairs":2213,"Ns":0},"Staphylococcus_aureus_plasmid3":{"assembler":"MetaHipMer2","contiguity":0.9989976612094889,"multiplicity":1.0,"validity":1.0,"parsimony":1.0,"identity":1.0,"lowest_identity":1.0,"breadth_of_coverage":0.9989976612094889,"L90":0,"aligned_contigs":1,"NA50":2990,"NG50":2990,"aligned_basepairs":2990,"Ns":0}}}