{"sample_id":"ENN","ReferenceTables":{"Bacillus_subtilis":{"assembler":"MINIA","contiguity":0.032648182244899925,"multiplicity":1.0002818826624198,"validity":1.0,"parsimony":1.0002818826624198,"identity":1.0,"lowest_identity":1.0,"breadth_of_coverage":0.9768449137190142,"L90":66,"aligned_contigs":116,"NA50":65138,"NG50":64960,"aligned_basepairs":3951999,"Ns":0},"Enterococcus_faecalis":{"assembler":"MINIA","contiguity":0.045908612943313255,"multiplicity":1.0007457503779287,"validity":1.0,"parsimony":1.0007457503779287,"identity":0.9999836392788194,"lowest_identity":0.9972677595628415,"breadth_of_coverage":0.973631752672391,"L90":103,"aligned_contigs":167,"NA50":30453,"NG50":30452,"aligned_basepairs":2770364,"Ns":0},"Escherichia_coli_plasmid":{"assembler":"MINIA","contiguity":0.06264146827020099,"multiplicity":1.0024820163637362,"validity":1.0,"parsimony":1.0024820163637362,"identity":1.0,"lowest_identity":1.0,"breadth_of_coverage":0.8277200541783705,"L90":0,"aligned_contigs":33,"NA50":3190,"NG50":3109,"aligned_basepairs":91055,"Ns":0},"Escherichia_coli":{"assembler":"MINIA","contiguity":0.011346290810029054,"multiplicity":1.0022753312482093,"validity":1.0,"parsimony":1.0022753312482093,"identity":0.9999718662869602,"lowest_identity":0.9912232583653319,"breadth_of_coverage":0.7917593654638801,"L90":0,"aligned_contigs":1123,"NA50":4465,"NG50":3211,"aligned_basepairs":3773077,"Ns":0},"Lactobacillus_fermentum":{"assembler":"MINIA","contiguity":0.03464433776143068,"multiplicity":1.000368858954493,"validity":1.0,"parsimony":1.000368858954493,"identity":1.0,"lowest_identity":1.0,"breadth_of_coverage":0.9206044297768422,"L90":206,"aligned_contigs":237,"NA50":11209,"NG50":10836,"aligned_basepairs":1754058,"Ns":0},"Listeria_monocytogenes":{"assembler":"MINIA","contiguity":0.054075369727123436,"multiplicity":1.0006053302362627,"validity":1.0,"parsimony":1.0006053302362627,"identity":0.999928925712139,"lowest_identity":0.9909735654416505,"breadth_of_coverage":0.9633671552249041,"L90":75,"aligned_contigs":127,"NA50":46368,"NG50":44353,"aligned_basepairs":2882724,"Ns":0},"Pseudomonas_aeruginosa":{"assembler":"MINIA","contiguity":0.015603629387853653,"multiplicity":1.0010571886758846,"validity":1.0,"parsimony":1.0010571886758846,"identity":0.9999790838070618,"lowest_identity":0.9924160346695557,"breadth_of_coverage":0.9596458063727763,"L90":340,"aligned_contigs":527,"NA50":21921,"NG50":21139,"aligned_basepairs":6518231,"Ns":0},"Salmonella_enterica":{"assembler":"MINIA","contiguity":0.011955679987965744,"multiplicity":1.0023642973070537,"validity":1.0,"parsimony":1.0023642973070537,"identity":0.9999827989684865,"lowest_identity":0.9921225382932166,"breadth_of_coverage":0.8037531834681935,"L90":0,"aligned_contigs":1083,"NA50":4996,"NG50":3551,"aligned_basepairs":3825661,"Ns":0},"Staphylococcus_aureus":{"assembler":"MINIA","contiguity":0.033342896446200136,"multiplicity":1.0005914074420437,"validity":0.999999615697231,"parsimony":1.00059179197224,"identity":0.9999993787469326,"lowest_identity":0.9998912807131985,"breadth_of_coverage":0.956523146411258,"L90":112,"aligned_contigs":175,"NA50":29647,"NG50":29165,"aligned_basepairs":2600576,"Ns":0},"Staphylococcus_aureus_plasmid1":{"assembler":"MINIA","contiguity":0.9998421966230078,"multiplicity":1.0,"validity":1.0,"parsimony":1.0,"identity":1.0,"lowest_identity":1.0,"breadth_of_coverage":0.9998421966230078,"L90":0,"aligned_contigs":1,"NA50":6336,"NG50":6336,"aligned_basepairs":6336,"Ns":0},"Staphylococcus_aureus_plasmid2":{"assembler":"MINIA","contiguity":0.0,"multiplicity":0,"validity":0,"parsimony":0,"identity":0,"lowest_identity":0,"breadth_of_coverage":0.0,"L90":0,"aligned_contigs":0,"NA50":0,"NG50":0,"aligned_basepairs":0,"Ns":0},"Staphylococcus_aureus_plasmid3":{"assembler":"MINIA","contiguity":0.0,"multiplicity":0,"validity":0,"parsimony":0,"identity":0,"lowest_identity":0,"breadth_of_coverage":0.0,"L90":0,"aligned_contigs":0,"NA50":0,"NG50":0,"aligned_basepairs":0,"Ns":0}}}