{"sample_id":"ENN","ReferenceTables":{"Bacillus_subtilis":{"assembler":"SPAdes","contiguity":0.19004779669756136,"multiplicity":0.9993373788626116,"validity":1.0,"parsimony":0.9993373788626116,"identity":0.9994617464656081,"lowest_identity":0.9896401308615049,"breadth_of_coverage":0.984425597990151,"L90":11,"aligned_contigs":22,"NA50":315046,"NG50":315046,"aligned_basepairs":3982668,"Ns":0},"Enterococcus_faecalis":{"assembler":"SPAdes","contiguity":0.1894529822252962,"multiplicity":1.0001173325824049,"validity":1.0,"parsimony":1.0001173325824049,"identity":0.9998885136387875,"lowest_identity":0.9982718894009217,"breadth_of_coverage":0.9884465831070025,"L90":10,"aligned_contigs":21,"NA50":239100,"NG50":239100,"aligned_basepairs":2812518,"Ns":0},"Escherichia_coli_plasmid":{"assembler":"SPAdes","contiguity":0.18599725472015416,"multiplicity":1.0001299472785328,"validity":1.0,"parsimony":1.0001299472785328,"identity":1.0,"lowest_identity":1.0,"breadth_of_coverage":0.9793558591725982,"L90":6,"aligned_contigs":9,"NA50":15438,"NG50":12657,"aligned_basepairs":107736,"Ns":0},"Escherichia_coli":{"assembler":"SPAdes","contiguity":0.06828045462386008,"multiplicity":1.0052730138675499,"validity":0.9972909374173231,"parsimony":1.0080037591346191,"identity":0.9977602844840228,"lowest_identity":0.8082713524930903,"breadth_of_coverage":0.968632867436628,"L90":49,"aligned_contigs":120,"NA50":85988,"NG50":89006,"aligned_basepairs":4615956,"Ns":0},"Lactobacillus_fermentum":{"assembler":"SPAdes","contiguity":0.06392006016796015,"multiplicity":1.000465215647534,"validity":0.9999977697923955,"parsimony":1.000467446897642,"identity":0.999915296544554,"lowest_identity":0.9964881474978051,"breadth_of_coverage":0.9408943213600982,"L90":47,"aligned_contigs":78,"NA50":46123,"NG50":45008,"aligned_basepairs":1792717,"Ns":0},"Listeria_monocytogenes":{"assembler":"SPAdes","contiguity":0.18146488603241206,"multiplicity":0.9997531568496232,"validity":1.0,"parsimony":0.9997531568496232,"identity":0.99957976274365,"lowest_identity":0.9975409836065574,"breadth_of_coverage":0.9747655849498487,"L90":10,"aligned_contigs":16,"NA50":300425,"NG50":300425,"aligned_basepairs":2916832,"Ns":0},"Pseudomonas_aeruginosa":{"assembler":"SPAdes","contiguity":0.12516146889211802,"multiplicity":0.9999730522308807,"validity":0.9999994044534968,"parsimony":0.99997364776169,"identity":0.9995292857912178,"lowest_identity":0.9902985074626866,"breadth_of_coverage":0.9888649403076706,"L90":26,"aligned_contigs":67,"NA50":227620,"NG50":227620,"aligned_basepairs":6716697,"Ns":0},"Salmonella_enterica":{"assembler":"SPAdes","contiguity":0.11135342095985794,"multiplicity":1.000159297547663,"validity":0.9999982664283006,"parsimony":1.0001610313985219,"identity":0.9992928194902245,"lowest_identity":0.9871677360219981,"breadth_of_coverage":0.9693809291504211,"L90":46,"aligned_contigs":91,"NA50":103636,"NG50":103102,"aligned_basepairs":4614007,"Ns":0},"Staphylococcus_aureus":{"assembler":"SPAdes","contiguity":0.2113058062807583,"multiplicity":0.999986893673239,"validity":0.999973038787075,"parsimony":1.0000138552597186,"identity":0.9969268597535255,"lowest_identity":0.9349904397705545,"breadth_of_coverage":0.9822295294212845,"L90":14,"aligned_contigs":24,"NA50":214432,"NG50":214432,"aligned_basepairs":2670466,"Ns":0},"Staphylococcus_aureus_plasmid1":{"assembler":"SPAdes","contiguity":0.9998421966230078,"multiplicity":1.0,"validity":1.0,"parsimony":1.0,"identity":1.0,"lowest_identity":1.0,"breadth_of_coverage":0.9998421966230078,"L90":0,"aligned_contigs":1,"NA50":6336,"NG50":6336,"aligned_basepairs":6336,"Ns":0},"Staphylococcus_aureus_plasmid2":{"assembler":"SPAdes","contiguity":1.0,"multiplicity":1.0,"validity":0.6826863832409119,"parsimony":1.4648014440433212,"identity":0.6814540973505854,"lowest_identity":0.6814540973505854,"breadth_of_coverage":1.0,"L90":0,"aligned_contigs":1,"NA50":3246,"NG50":3246,"aligned_basepairs":2216,"Ns":0},"Staphylococcus_aureus_plasmid3":{"assembler":"SPAdes","contiguity":0.5603073838957567,"multiplicity":1.0,"validity":1.0,"parsimony":1.0,"identity":1.0,"lowest_identity":1.0,"breadth_of_coverage":0.5603073838957567,"L90":0,"aligned_contigs":1,"NA50":1677,"NG50":1677,"aligned_basepairs":1677,"Ns":0}}}