,Reference,Breadth of Coverage,Contigs
0,Bacillus_subtilis,0.9860458459733686,27
1,Enterococcus_faecalis,0.9791673695575162,31
2,Escherichia_coli_plasmid,0.9782559291681439,9
3,Escherichia_coli,0.9784025966994822,137
4,Lactobacillus_fermentum,0.949177387889676,82
5,Listeria_monocytogenes,0.9895640271065272,20
6,Pseudomonas_aeruginosa,0.9908624875410942,82
7,Salmonella_enterica,0.9810111716045352,103
8,Staphylococcus_aureus,0.9862110946821736,40
9,Staphylococcus_aureus_plasmid1,0.9998421966230078,1
10,Staphylococcus_aureus_plasmid2,0.9995487364620939,1
11,Staphylococcus_aureus_plasmid3,0.9996658870698296,1
