{"sample_id":"ENN","ReferenceTables":{"Bacillus_subtilis":{"assembler":"MINIA","contiguity":0.032648182244899925,"multiplicity":1.0002818826624198,"validity":1.0,"parsimony":1.0002818826624198,"identity":1.0,"lowest_identity":1.0,"breadth_of_coverage":0.9768449137190142,"L90":66,"aligned_contigs":116,"NA50":65138,"NG50":64960,"aligned_basepairs":3951999,"Ns":0},"Enterococcus_faecalis":{"assembler":"MINIA","contiguity":0.045908612943313255,"multiplicity":1.0007457503779287,"validity":1.0,"parsimony":1.0007457503779287,"identity":0.9999803671345834,"lowest_identity":0.9967213114754099,"breadth_of_coverage":0.973631752672391,"L90":103,"aligned_contigs":167,"NA50":30453,"NG50":30452,"aligned_basepairs":2770364,"Ns":0},"Escherichia_coli_plasmid":{"assembler":"MINIA","contiguity":0.06264146827020099,"multiplicity":1.0024820163637362,"validity":1.0,"parsimony":1.0024820163637362,"identity":1.0,"lowest_identity":1.0,"breadth_of_coverage":0.8277200541783705,"L90":0,"aligned_contigs":33,"NA50":3190,"NG50":3109,"aligned_basepairs":91055,"Ns":0},"Escherichia_coli":{"assembler":"MINIA","contiguity":0.011346290810029054,"multiplicity":1.0022979122658686,"validity":1.0,"parsimony":1.0022979122658686,"identity":0.999972453819207,"lowest_identity":0.9912232583653319,"breadth_of_coverage":0.7917411089944798,"L90":0,"aligned_contigs":1123,"NA50":4465,"NG50":3211,"aligned_basepairs":3772990,"Ns":0},"Lactobacillus_fermentum":{"assembler":"MINIA","contiguity":0.03464433776143068,"multiplicity":1.0003546012360875,"validity":1.0,"parsimony":1.0003546012360875,"identity":1.0,"lowest_identity":1.0,"breadth_of_coverage":0.9206175508428186,"L90":206,"aligned_contigs":237,"NA50":11209,"NG50":10836,"aligned_basepairs":1754083,"Ns":0},"Listeria_monocytogenes":{"assembler":"MINIA","contiguity":0.054075369727123436,"multiplicity":1.0006053302362627,"validity":1.0,"parsimony":1.0006053302362627,"identity":0.9999441559166806,"lowest_identity":0.9929078014184397,"breadth_of_coverage":0.9633671552249041,"L90":75,"aligned_contigs":127,"NA50":46368,"NG50":44353,"aligned_basepairs":2882724,"Ns":0},"Pseudomonas_aeruginosa":{"assembler":"MINIA","contiguity":0.015603629387853653,"multiplicity":1.001057802826167,"validity":1.0,"parsimony":1.001057802826167,"identity":0.9999823105083693,"lowest_identity":0.9929615592853276,"breadth_of_coverage":0.9596453646981228,"L90":340,"aligned_contigs":527,"NA50":21921,"NG50":21139,"aligned_basepairs":6518228,"Ns":0},"Salmonella_enterica":{"assembler":"MINIA","contiguity":0.011955679987965744,"multiplicity":1.0023663933974147,"validity":1.0,"parsimony":1.0023663933974147,"identity":0.9999811961335805,"lowest_identity":0.9934354485776805,"breadth_of_coverage":0.8037515027062369,"L90":0,"aligned_contigs":1083,"NA50":4996,"NG50":3551,"aligned_basepairs":3825653,"Ns":0},"Staphylococcus_aureus":{"assembler":"MINIA","contiguity":0.033342896446200136,"multiplicity":1.0005914076694578,"validity":0.9999996156970832,"parsimony":1.000591792199802,"identity":0.9999993787469326,"lowest_identity":0.9998912807131985,"breadth_of_coverage":0.9565227785992246,"L90":112,"aligned_contigs":175,"NA50":29647,"NG50":29165,"aligned_basepairs":2600575,"Ns":0},"Staphylococcus_aureus_plasmid1":{"assembler":"MINIA","contiguity":0.9998421966230078,"multiplicity":1.0,"validity":1.0,"parsimony":1.0,"identity":1.0,"lowest_identity":1.0,"breadth_of_coverage":0.9998421966230078,"L90":0,"aligned_contigs":1,"NA50":6336,"NG50":6336,"aligned_basepairs":6336,"Ns":0},"Staphylococcus_aureus_plasmid2":{"assembler":"MINIA","contiguity":0.0,"multiplicity":0,"validity":0,"parsimony":0,"identity":0,"lowest_identity":0,"breadth_of_coverage":0.0,"L90":0,"aligned_contigs":0,"NA50":0,"NG50":0,"aligned_basepairs":0,"Ns":0},"Staphylococcus_aureus_plasmid3":{"assembler":"MINIA","contiguity":0.0,"multiplicity":0,"validity":0,"parsimony":0,"identity":0,"lowest_identity":0,"breadth_of_coverage":0.0,"L90":0,"aligned_contigs":0,"NA50":0,"NG50":0,"aligned_basepairs":0,"Ns":0}}}