{"sample_id":"ENN","ReferenceTables":{"Bacillus_subtilis":{"assembler":"ABySS","contiguity":0.10626033665070148,"multiplicity":1.000437969225897,"validity":0.9999989982218438,"parsimony":1.0004389714438051,"identity":0.9999101583249156,"lowest_identity":0.9982537326464682,"breadth_of_coverage":0.9865216625054348,"L90":16,"aligned_contigs":26,"NA50":255341,"NG50":255341,"aligned_basepairs":3991148,"Ns":47},"Enterococcus_faecalis":{"assembler":"ABySS","contiguity":0.18946668859686117,"multiplicity":1.0153146942152267,"validity":1.0,"parsimony":1.0153146942152267,"identity":0.9999711774003073,"lowest_identity":0.9996626668594285,"breadth_of_coverage":0.9940493260682535,"L90":9,"aligned_contigs":19,"NA50":241090,"NG50":241090,"aligned_basepairs":2828460,"Ns":0},"Escherichia_coli_plasmid":{"assembler":"ABySS","contiguity":0.023471233648767804,"multiplicity":1.0,"validity":1.0,"parsimony":1.0,"identity":0.9923527275551609,"lowest_identity":0.9715447154471545,"breadth_of_coverage":0.09549392311398365,"L90":0,"aligned_contigs":6,"NA50":1638,"NG50":0,"aligned_basepairs":10505,"Ns":108},"Escherichia_coli":{"assembler":"ABySS","contiguity":0.027284608285415346,"multiplicity":1.0162883120358401,"validity":0.9998338379581071,"parsimony":1.0164572086411248,"identity":0.998684210757718,"lowest_identity":0.7959875671093529,"breadth_of_coverage":0.9865000753341668,"L90":111,"aligned_contigs":191,"NA50":45414,"NG50":45414,"aligned_basepairs":4701101,"Ns":0},"Lactobacillus_fermentum":{"assembler":"ABySS","contiguity":0.0652095985321201,"multiplicity":1.017892713126644,"validity":1.0,"parsimony":1.017892713126644,"identity":0.9999189307336699,"lowest_identity":0.9977435897435898,"breadth_of_coverage":0.9830580796112806,"L90":41,"aligned_contigs":72,"NA50":42368,"NG50":42368,"aligned_basepairs":1873053,"Ns":0},"Listeria_monocytogenes":{"assembler":"ABySS","contiguity":0.24411213691483125,"multiplicity":1.0123375801232002,"validity":1.0,"parsimony":1.0123375801232002,"identity":0.999993462344177,"lowest_identity":0.9999712513467375,"breadth_of_coverage":0.9898083173647932,"L90":8,"aligned_contigs":14,"NA50":351502,"NG50":351502,"aligned_basepairs":2961845,"Ns":1},"Pseudomonas_aeruginosa":{"assembler":"ABySS","contiguity":0.004465036298295283,"multiplicity":1.0242281959050679,"validity":0.9981022778017937,"parsimony":1.0261755921054638,"identity":0.9980487456153844,"lowest_identity":0.593480466768138,"breadth_of_coverage":0.965120952603893,"L90":999,"aligned_contigs":1401,"NA50":6483,"NG50":6479,"aligned_basepairs":6555420,"Ns":2170},"Salmonella_enterica":{"assembler":"ABySS","contiguity":0.06347103395853476,"multiplicity":1.0079099564358862,"validity":0.9999983114696799,"parsimony":1.0079116583252812,"identity":0.9987555330050498,"lowest_identity":0.9826784574710548,"breadth_of_coverage":0.9875858921883647,"L90":41,"aligned_contigs":77,"NA50":116811,"NG50":116811,"aligned_basepairs":4700658,"Ns":2},"Staphylococcus_aureus":{"assembler":"ABySS","contiguity":0.35038362795077205,"multiplicity":1.0064631035889509,"validity":1.0,"parsimony":1.0064631035889509,"identity":0.999875592929677,"lowest_identity":0.999106839060905,"breadth_of_coverage":0.9908514112947719,"L90":10,"aligned_contigs":20,"NA50":281333,"NG50":281333,"aligned_basepairs":2693907,"Ns":0},"Staphylococcus_aureus_plasmid1":{"assembler":"ABySS","contiguity":0.9996843932460154,"multiplicity":1.0,"validity":1.0,"parsimony":1.0,"identity":1.0,"lowest_identity":1.0,"breadth_of_coverage":0.9996843932460154,"L90":0,"aligned_contigs":1,"NA50":6335,"NG50":6335,"aligned_basepairs":6335,"Ns":0},"Staphylococcus_aureus_plasmid2":{"assembler":"ABySS","contiguity":0.9995487364620939,"multiplicity":1.0,"validity":1.0,"parsimony":1.0,"identity":1.0,"lowest_identity":1.0,"breadth_of_coverage":0.9995487364620939,"L90":0,"aligned_contigs":1,"NA50":2215,"NG50":2215,"aligned_basepairs":2215,"Ns":0},"Staphylococcus_aureus_plasmid3":{"assembler":"ABySS","contiguity":0.9996658870698296,"multiplicity":1.0,"validity":1.0,"parsimony":1.0,"identity":1.0,"lowest_identity":1.0,"breadth_of_coverage":0.9996658870698296,"L90":0,"aligned_contigs":1,"NA50":2992,"NG50":2992,"aligned_basepairs":2992,"Ns":0}}}