{"assembler":"metaSPAdes","sample_id":"ENN","global":{"contigs":640,"basepairs":30453778,"max_contig_size":1036942,"N50":238611,"mapped_reads":100.67858303017141,"Ns":0},"filtered":{"contigs":359,"basepairs":30383186,"N50":238611,"mapped_reads":100.02060157978832,"Ns":0}}