{"assembler":"MINIA","sample_id":"ENN","global":{"contigs":16570,"basepairs":30641337,"max_contig_size":161812,"N50":17820,"mapped_reads":97.22813711409883,"Ns":0},"filtered":{"contigs":3589,"basepairs":28205937,"N50":20628,"mapped_reads":92.97311414163005,"Ns":0}}