{"assembler":"SKESA","sample_id":"ENN","global":{"contigs":2322,"basepairs":30110758,"max_contig_size":630384,"N50":42115,"mapped_reads":98.5569959208872,"Ns":0},"filtered":{"contigs":1726,"basepairs":29835112,"N50":43168,"mapped_reads":97.59844197422777,"Ns":0}}