{"assembler":"ABySS","sample_id":"ENN","global":{"contigs":4769,"basepairs":31513997,"max_contig_size":952616,"N50":86573,"mapped_reads":108.31245289238214,"Ns":3879},"filtered":{"contigs":1823,"basepairs":30746773,"N50":89282,"mapped_reads":107.1043864974742,"Ns":2328}}