{"assembler":"MetaHipMer2","sample_id":"ENN","global":{"contigs":882,"basepairs":30378611,"max_contig_size":468359,"N50":99990,"mapped_reads":99.2944983310444,"Ns":0},"filtered":{"contigs":718,"basepairs":30264835,"N50":102049,"mapped_reads":98.35959636383255,"Ns":0}}