{"LNN":{"assembler":"VelvetOptimiser","mapped_reads_original":93.22914236313379,"mapped_reads_filtered":79.99659938696142}}