{"LNN":{"assembler":"BCALM2","mapped_reads_original":98.33985859671463,"mapped_reads_filtered":97.22870316432207}}