{"LNN":{"assembler":"IDBA-UD","mapped_reads_original":99.90310155310132,"mapped_reads_filtered":99.0427314018286}}