{"LNN":{"assembler":"SKESA","mapped_reads_original":95.10132973879378,"mapped_reads_filtered":91.7664250905952}}