{"LNN":{"assembler":"GATBMiniaPipeline","mapped_reads_original":100.01875919143934,"mapped_reads_filtered":98.99692786619455}}