{"LNN":{"assembler":"ABySS","mapped_reads_original":101.17505856681032,"mapped_reads_filtered":99.93493552257048}}