{"LNN":{"assembler":"MINIA","mapped_reads_original":99.06010868916213,"mapped_reads_filtered":97.55858520783084}}