{"assembler":"VelvetOptimiser","sample_id":"LNN","global":{"contigs":35804,"basepairs":19514935,"max_contig_size":847474,"N50":118621,"mapped_reads":98.81888802420578,"Ns":198470},"filtered":{"contigs":209,"basepairs":13685752,"N50":210246,"mapped_reads":97.5594193677979,"Ns":27980}}