{"assembler":"Unicycler","sample_id":"LNN","global":{"contigs":185,"basepairs":11719230,"max_contig_size":847534,"N50":242687,"mapped_reads":99.39404027617009,"Ns":0},"filtered":{"contigs":112,"basepairs":11691061,"N50":242687,"mapped_reads":98.73777798851293,"Ns":0}}