{"assembler":"MINIA","sample_id":"LNN","global":{"contigs":15000,"basepairs":16401028,"max_contig_size":177038,"N50":26474,"mapped_reads":99.05974701078044,"Ns":0},"filtered":{"contigs":762,"basepairs":13501500,"N50":33550,"mapped_reads":97.55832806077333,"Ns":0}}