{"assembler":"BCALM2","sample_id":"ENN","global":{"contigs":25377,"basepairs":31047581,"max_contig_size":161812,"N50":17395,"mapped_reads":96.57067354873251,"Ns":0},"filtered":{"contigs":3575,"basepairs":28174748,"N50":20700,"mapped_reads":92.63068970674504,"Ns":0}}