{"assembler":"VelvetOptimiser","sample_id":"ENN","global":{"contigs":10924,"basepairs":30526881,"max_contig_size":847809,"N50":30453,"mapped_reads":97.17871608678341,"Ns":8788},"filtered":{"contigs":2994,"basepairs":28485306,"N50":34664,"mapped_reads":93.14591700590981,"Ns":8283}}