{"assembler":"MetaHipMer2","sample_id":"ENN","global":{"contigs":883,"basepairs":30378729,"max_contig_size":468359,"N50":99990,"mapped_reads":99.29415117735184,"Ns":0},"filtered":{"contigs":719,"basepairs":30264953,"N50":102049,"mapped_reads":98.35980124142161,"Ns":0}}