{"sample_id":"LHS","ReferenceTables":{"Bacillus_subtilis":{"assembler":"MEGAHIT","contiguity":0.030581284665088193,"multiplicity":1.0002811210583855,"validity":1.0000742953089943,"parsimony":1.0002068103843498,"identity":0.9994076636740721,"lowest_identity":0.9079401611047181,"breadth_of_coverage":0.9812498625075605,"L90":147,"aligned_contigs":223,"NA50":26511,"NG50":26209,"aligned_basepairs":3969820,"Ns":0},"Enterococcus_faecalis":{"assembler":"MEGAHIT","contiguity":0.0,"multiplicity":0,"validity":0,"parsimony":0,"identity":0,"lowest_identity":0,"breadth_of_coverage":0.0,"L90":0,"aligned_contigs":0,"NA50":0,"NG50":0,"aligned_basepairs":0,"Ns":0},"Escherichia_coli_plasmid":{"assembler":"MEGAHIT","contiguity":0.0,"multiplicity":0,"validity":0,"parsimony":0,"identity":0,"lowest_identity":0,"breadth_of_coverage":0.0,"L90":0,"aligned_contigs":0,"NA50":0,"NG50":0,"aligned_basepairs":0,"Ns":0},"Escherichia_coli":{"assembler":"MEGAHIT","contiguity":0.0007103235508035575,"multiplicity":1.0,"validity":0.989278876834716,"parsimony":1.0108373113146691,"identity":0.979943946797259,"lowest_identity":0.9668989547038328,"breadth_of_coverage":0.0016265045324308342,"L90":0,"aligned_contigs":4,"NA50":1684,"NG50":0,"aligned_basepairs":7751,"Ns":0},"Lactobacillus_fermentum":{"assembler":"MEGAHIT","contiguity":0.0,"multiplicity":0,"validity":0,"parsimony":0,"identity":0,"lowest_identity":0,"breadth_of_coverage":0.0,"L90":0,"aligned_contigs":0,"NA50":0,"NG50":0,"aligned_basepairs":0,"Ns":0},"Listeria_monocytogenes":{"assembler":"MEGAHIT","contiguity":0.2112893512840444,"multiplicity":1.0001013448118719,"validity":1.0003145737879955,"parsimony":0.9997868380790293,"identity":0.9856724687368019,"lowest_identity":0.7621035058430717,"breadth_of_coverage":0.9892555730594965,"L90":8,"aligned_contigs":17,"NA50":447826,"NG50":447826,"aligned_basepairs":2960191,"Ns":0},"Pseudomonas_aeruginosa":{"assembler":"MEGAHIT","contiguity":0.06899944496218528,"multiplicity":1.0008131258993154,"validity":1.0005758709621264,"parsimony":1.0002371183875949,"identity":0.9998819053255167,"lowest_identity":0.9921875,"breadth_of_coverage":0.9909434612275906,"L90":31,"aligned_contigs":82,"NA50":215542,"NG50":215542,"aligned_basepairs":6730815,"Ns":0},"Salmonella_enterica":{"assembler":"MEGAHIT","contiguity":0.00030736934281787304,"multiplicity":1.0,"validity":0.964403427818062,"parsimony":1.0369104579630894,"identity":0.964403427818062,"lowest_identity":0.964403427818062,"breadth_of_coverage":0.00030736934281787304,"L90":0,"aligned_contigs":1,"NA50":1517,"NG50":0,"aligned_basepairs":1463,"Ns":0},"Staphylococcus_aureus":{"assembler":"MEGAHIT","contiguity":0.0,"multiplicity":0,"validity":0,"parsimony":0,"identity":0,"lowest_identity":0,"breadth_of_coverage":0.0,"L90":0,"aligned_contigs":0,"NA50":0,"NG50":0,"aligned_basepairs":0,"Ns":0},"Staphylococcus_aureus_plasmid1":{"assembler":"MEGAHIT","contiguity":0.0,"multiplicity":0,"validity":0,"parsimony":0,"identity":0,"lowest_identity":0,"breadth_of_coverage":0.0,"L90":0,"aligned_contigs":0,"NA50":0,"NG50":0,"aligned_basepairs":0,"Ns":0},"Staphylococcus_aureus_plasmid2":{"assembler":"MEGAHIT","contiguity":0.0,"multiplicity":0,"validity":0,"parsimony":0,"identity":0,"lowest_identity":0,"breadth_of_coverage":0.0,"L90":0,"aligned_contigs":0,"NA50":0,"NG50":0,"aligned_basepairs":0,"Ns":0},"Staphylococcus_aureus_plasmid3":{"assembler":"MEGAHIT","contiguity":0.0,"multiplicity":0,"validity":0,"parsimony":0,"identity":0,"lowest_identity":0,"breadth_of_coverage":0.0,"L90":0,"aligned_contigs":0,"NA50":0,"NG50":0,"aligned_basepairs":0,"Ns":0}}}