{"sample_id":"LHS","ReferenceTables":{"Bacillus_subtilis":{"assembler":"IDBA-UD","contiguity":0.011161543543886474,"multiplicity":1.0010797923343382,"validity":1.0004100465726582,"parsimony":1.0006694712472894,"identity":0.9999135305810457,"lowest_identity":0.9620886981402003,"breadth_of_coverage":0.9728759858980339,"L90":288,"aligned_contigs":419,"NA50":14006,"NG50":13374,"aligned_basepairs":3935942,"Ns":0},"Enterococcus_faecalis":{"assembler":"IDBA-UD","contiguity":0.0,"multiplicity":0,"validity":0,"parsimony":0,"identity":0,"lowest_identity":0,"breadth_of_coverage":0.0,"L90":0,"aligned_contigs":0,"NA50":0,"NG50":0,"aligned_basepairs":0,"Ns":0},"Escherichia_coli_plasmid":{"assembler":"IDBA-UD","contiguity":0.0,"multiplicity":0,"validity":0,"parsimony":0,"identity":0,"lowest_identity":0,"breadth_of_coverage":0.0,"L90":0,"aligned_contigs":0,"NA50":0,"NG50":0,"aligned_basepairs":0,"Ns":0},"Escherichia_coli":{"assembler":"IDBA-UD","contiguity":0.00026461388406596336,"multiplicity":1.0,"validity":1.0,"parsimony":1.0,"identity":0.9988104678826328,"lowest_identity":0.9976209357652657,"breadth_of_coverage":0.0004799143163036147,"L90":0,"aligned_contigs":2,"NA50":1261,"NG50":0,"aligned_basepairs":2287,"Ns":0},"Lactobacillus_fermentum":{"assembler":"IDBA-UD","contiguity":0.0,"multiplicity":0,"validity":0,"parsimony":0,"identity":0,"lowest_identity":0,"breadth_of_coverage":0.0,"L90":0,"aligned_contigs":0,"NA50":0,"NG50":0,"aligned_basepairs":0,"Ns":0},"Listeria_monocytogenes":{"assembler":"IDBA-UD","contiguity":0.2112769863872512,"multiplicity":1.0000605373347948,"validity":1.0,"parsimony":1.0000605373347948,"identity":0.9997358166567597,"lowest_identity":0.9944521497919556,"breadth_of_coverage":0.9881400588569087,"L90":10,"aligned_contigs":21,"NA50":351148,"NG50":351148,"aligned_basepairs":2956853,"Ns":0},"Pseudomonas_aeruginosa":{"assembler":"IDBA-UD","contiguity":0.03746402191884081,"multiplicity":1.0004405072625482,"validity":1.0000434214619902,"parsimony":1.0003970685592607,"identity":0.9996968744131001,"lowest_identity":0.9745148010194079,"breadth_of_coverage":0.9862734878900171,"L90":57,"aligned_contigs":128,"NA50":131851,"NG50":124419,"aligned_basepairs":6699095,"Ns":0},"Salmonella_enterica":{"assembler":"IDBA-UD","contiguity":0.00030736934281787304,"multiplicity":1.0,"validity":0.964403427818062,"parsimony":1.0369104579630894,"identity":0.964403427818062,"lowest_identity":0.964403427818062,"breadth_of_coverage":0.00030736934281787304,"L90":0,"aligned_contigs":1,"NA50":1517,"NG50":0,"aligned_basepairs":1463,"Ns":0},"Staphylococcus_aureus":{"assembler":"IDBA-UD","contiguity":0.0,"multiplicity":0,"validity":0,"parsimony":0,"identity":0,"lowest_identity":0,"breadth_of_coverage":0.0,"L90":0,"aligned_contigs":0,"NA50":0,"NG50":0,"aligned_basepairs":0,"Ns":0},"Staphylococcus_aureus_plasmid1":{"assembler":"IDBA-UD","contiguity":0.0,"multiplicity":0,"validity":0,"parsimony":0,"identity":0,"lowest_identity":0,"breadth_of_coverage":0.0,"L90":0,"aligned_contigs":0,"NA50":0,"NG50":0,"aligned_basepairs":0,"Ns":0},"Staphylococcus_aureus_plasmid2":{"assembler":"IDBA-UD","contiguity":0.0,"multiplicity":0,"validity":0,"parsimony":0,"identity":0,"lowest_identity":0,"breadth_of_coverage":0.0,"L90":0,"aligned_contigs":0,"NA50":0,"NG50":0,"aligned_basepairs":0,"Ns":0},"Staphylococcus_aureus_plasmid3":{"assembler":"IDBA-UD","contiguity":0.0,"multiplicity":0,"validity":0,"parsimony":0,"identity":0,"lowest_identity":0,"breadth_of_coverage":0.0,"L90":0,"aligned_contigs":0,"NA50":0,"NG50":0,"aligned_basepairs":0,"Ns":0}}}