{"sample_id":"LHS","ReferenceTables":{"Bacillus_subtilis":{"assembler":"GATBMiniaPipeline","contiguity":0.09783282254119645,"multiplicity":1.0,"validity":1.0,"parsimony":1.0,"identity":1.0,"lowest_identity":1.0,"breadth_of_coverage":0.983663302829168,"L90":14,"aligned_contigs":27,"NA50":269695,"NG50":269695,"aligned_basepairs":3979584,"Ns":0},"Enterococcus_faecalis":{"assembler":"GATBMiniaPipeline","contiguity":0.15580665159668686,"multiplicity":1.0006127296448548,"validity":1.0,"parsimony":1.0006127296448548,"identity":0.9999628884869612,"lowest_identity":0.9990458015267175,"breadth_of_coverage":0.9894141123613196,"L90":23,"aligned_contigs":45,"NA50":128464,"NG50":128464,"aligned_basepairs":2815271,"Ns":0},"Escherichia_coli_plasmid":{"assembler":"GATBMiniaPipeline","contiguity":0.48301471724526623,"multiplicity":1.0009231053263177,"validity":1.0,"parsimony":1.0009231053263177,"identity":1.0,"lowest_identity":1.0,"breadth_of_coverage":0.9847555155581008,"L90":2,"aligned_contigs":3,"NA50":28767,"NG50":28767,"aligned_basepairs":108330,"Ns":0},"Escherichia_coli":{"assembler":"GATBMiniaPipeline","contiguity":0.027645121094951687,"multiplicity":1.0011314501979875,"validity":1.0,"parsimony":1.0011314501979875,"identity":1.0,"lowest_identity":1.0,"breadth_of_coverage":0.9683130644554095,"L90":103,"aligned_contigs":188,"NA50":59572,"NG50":56798,"aligned_basepairs":4614432,"Ns":0},"Lactobacillus_fermentum":{"assembler":"GATBMiniaPipeline","contiguity":0.06396624632019705,"multiplicity":1.00078882787653,"validity":1.0,"parsimony":1.00078882787653,"identity":1.0,"lowest_identity":1.0,"breadth_of_coverage":0.940797750314512,"L90":54,"aligned_contigs":88,"NA50":40366,"NG50":40071,"aligned_basepairs":1792533,"Ns":0},"Listeria_monocytogenes":{"assembler":"GATBMiniaPipeline","contiguity":0.2112776547600508,"multiplicity":1.0000102890150018,"validity":1.0,"parsimony":1.0000102890150018,"identity":1.0,"lowest_identity":1.0,"breadth_of_coverage":0.9743976457236506,"L90":10,"aligned_contigs":18,"NA50":475379,"NG50":475379,"aligned_basepairs":2915731,"Ns":0},"Pseudomonas_aeruginosa":{"assembler":"GATBMiniaPipeline","contiguity":0.0685258225086237,"multiplicity":1.0005405111627468,"validity":1.0,"parsimony":1.0005405111627468,"identity":1.0,"lowest_identity":1.0,"breadth_of_coverage":0.9887424492037342,"L90":36,"aligned_contigs":99,"NA50":211558,"NG50":211019,"aligned_basepairs":6715865,"Ns":0},"Salmonella_enterica":{"assembler":"GATBMiniaPipeline","contiguity":0.0594859473593759,"multiplicity":1.0012250910530467,"validity":0.9999989249773976,"parsimony":1.0012261673938068,"identity":0.9999975954498216,"lowest_identity":0.9996080583209218,"breadth_of_coverage":0.9759699362108818,"L90":84,"aligned_contigs":163,"NA50":64533,"NG50":60333,"aligned_basepairs":4645369,"Ns":0},"Staphylococcus_aureus":{"assembler":"GATBMiniaPipeline","contiguity":0.06690316980410331,"multiplicity":1.0006698681045054,"validity":1.0,"parsimony":1.0006698681045054,"identity":1.0,"lowest_identity":1.0,"breadth_of_coverage":0.9823064021362523,"L90":40,"aligned_contigs":66,"NA50":53354,"NG50":53354,"aligned_basepairs":2670675,"Ns":0},"Staphylococcus_aureus_plasmid1":{"assembler":"GATBMiniaPipeline","contiguity":0.4188101625374783,"multiplicity":1.0,"validity":1.0,"parsimony":1.0,"identity":1.0,"lowest_identity":1.0,"breadth_of_coverage":0.8369891115669875,"L90":0,"aligned_contigs":2,"NA50":2654,"NG50":2650,"aligned_basepairs":5304,"Ns":0},"Staphylococcus_aureus_plasmid2":{"assembler":"GATBMiniaPipeline","contiguity":0.5888989169675091,"multiplicity":1.0,"validity":1.0,"parsimony":1.0,"identity":1.0,"lowest_identity":1.0,"breadth_of_coverage":0.5888989169675091,"L90":0,"aligned_contigs":1,"NA50":1305,"NG50":1305,"aligned_basepairs":1305,"Ns":0},"Staphylococcus_aureus_plasmid3":{"assembler":"GATBMiniaPipeline","contiguity":0.0,"multiplicity":0,"validity":0,"parsimony":0,"identity":0,"lowest_identity":0,"breadth_of_coverage":0.0,"L90":0,"aligned_contigs":0,"NA50":0,"NG50":0,"aligned_basepairs":0,"Ns":0}}}