{"ERR2984773":{"assembler":"IDBA-UD","mapped_reads_original":84.35903626004485,"mapped_reads_filtered":81.59697240901184}}