{"ERR2984773":{"assembler":"IDBA-UD","mapped_reads_original":84.35540537264343,"mapped_reads_filtered":81.59591387444027}}