{"ERR2984773":{"assembler":"VelvetOptimiser","mapped_reads_original":2.0285847586273698,"mapped_reads_filtered":0.005321128088260385}}