{"ERR2984773":{"assembler":"MEGAHIT","mapped_reads_original":86.16611981404849,"mapped_reads_filtered":84.1384854601171}}