{"ERR2984773":{"assembler":"MetaHipMer2","mapped_reads_original":25.534909957976176,"mapped_reads_filtered":3.976356662866186}}