{"ERR2984773":{"assembler":"GATBMiniaPipeline","mapped_reads_original":84.06437665801514,"mapped_reads_filtered":82.83607249072388}}