{"ERR2984773":{"assembler":"GATBMiniaPipeline","mapped_reads_original":84.06945876216788,"mapped_reads_filtered":82.84195134132834}}