{"ERR2984773":{"assembler":"MINIA","mapped_reads_original":80.66339613630329,"mapped_reads_filtered":74.39082189063151}}