{"ERR2984773":{"assembler":"MetaHipMer2","mapped_reads_original":25.539656290409983,"mapped_reads_filtered":3.9685371655471813}}