{"sample_id":"ENN","ReferenceTables":{"Bacillus_subtilis":{"assembler":"MINIA","contiguity":0.032648182244899925,"multiplicity":1.0002818826624198,"validity":1.0,"parsimony":1.0002818826624198,"identity":1.0,"lowest_identity":1.0,"breadth_of_coverage":0.9768449137190142,"L90":66,"aligned_contigs":116,"NA50":65138,"NG50":64960,"aligned_basepairs":3951999,"Ns":0},"Enterococcus_faecalis":{"assembler":"MINIA","contiguity":0.045908612943313255,"multiplicity":1.0007335477418542,"validity":1.0,"parsimony":1.0007335477418542,"identity":0.9999835407202581,"lowest_identity":0.9972677595628415,"breadth_of_coverage":0.9610819880002475,"L90":107,"aligned_contigs":166,"NA50":30453,"NG50":30356,"aligned_basepairs":2734655,"Ns":0},"Escherichia_coli_plasmid":{"assembler":"MINIA","contiguity":0.06264146827020099,"multiplicity":1.0024820163637362,"validity":1.0,"parsimony":1.0024820163637362,"identity":1.0,"lowest_identity":1.0,"breadth_of_coverage":0.8277200541783705,"L90":0,"aligned_contigs":33,"NA50":3190,"NG50":3109,"aligned_basepairs":91055,"Ns":0},"Escherichia_coli":{"assembler":"MINIA","contiguity":0.011346290810029054,"multiplicity":1.0022910300116712,"validity":1.0,"parsimony":1.0022910300116712,"identity":0.9999792085717988,"lowest_identity":0.9906747120131651,"breadth_of_coverage":0.7914632749084344,"L90":0,"aligned_contigs":1122,"NA50":4469,"NG50":3211,"aligned_basepairs":3771666,"Ns":0},"Lactobacillus_fermentum":{"assembler":"MINIA","contiguity":0.03464433776143068,"multiplicity":1.0004367312660247,"validity":1.0,"parsimony":1.0004367312660247,"identity":1.0,"lowest_identity":1.0,"breadth_of_coverage":0.9205419735027945,"L90":206,"aligned_contigs":237,"NA50":11209,"NG50":10836,"aligned_basepairs":1753939,"Ns":0},"Listeria_monocytogenes":{"assembler":"MINIA","contiguity":0.054075369727123436,"multiplicity":1.000618482377878,"validity":1.0,"parsimony":1.000618482377878,"identity":0.9999194587628866,"lowest_identity":0.9896907216494846,"breadth_of_coverage":0.9753009515623549,"L90":72,"aligned_contigs":128,"NA50":46368,"NG50":44353,"aligned_basepairs":2918434,"Ns":0},"Pseudomonas_aeruginosa":{"assembler":"MINIA","contiguity":0.015603629387853653,"multiplicity":1.0010571886758846,"validity":1.0,"parsimony":1.0010571886758846,"identity":0.9999842233877951,"lowest_identity":0.995124593716143,"breadth_of_coverage":0.9596458063727763,"L90":340,"aligned_contigs":527,"NA50":21921,"NG50":21139,"aligned_basepairs":6518231,"Ns":0},"Salmonella_enterica":{"assembler":"MINIA","contiguity":0.011955679987965744,"multiplicity":1.0023637233529126,"validity":1.0,"parsimony":1.0023637233529126,"identity":0.9999780420615962,"lowest_identity":0.9921225382932166,"breadth_of_coverage":0.8040372322388631,"L90":0,"aligned_contigs":1084,"NA50":4996,"NG50":3551,"aligned_basepairs":3827013,"Ns":0},"Staphylococcus_aureus":{"assembler":"MINIA","contiguity":0.033342896446200136,"multiplicity":1.0005914076694578,"validity":0.9999996156970832,"parsimony":1.000591792199802,"identity":0.9999993787469326,"lowest_identity":0.9998912807131985,"breadth_of_coverage":0.9565227785992246,"L90":112,"aligned_contigs":175,"NA50":29647,"NG50":29165,"aligned_basepairs":2600575,"Ns":0},"Staphylococcus_aureus_plasmid1":{"assembler":"MINIA","contiguity":0.9998421966230078,"multiplicity":1.0,"validity":1.0,"parsimony":1.0,"identity":1.0,"lowest_identity":1.0,"breadth_of_coverage":0.9998421966230078,"L90":0,"aligned_contigs":1,"NA50":6336,"NG50":6336,"aligned_basepairs":6336,"Ns":0},"Staphylococcus_aureus_plasmid2":{"assembler":"MINIA","contiguity":0.0,"multiplicity":0,"validity":0,"parsimony":0,"identity":0,"lowest_identity":0,"breadth_of_coverage":0.0,"L90":0,"aligned_contigs":0,"NA50":0,"NG50":0,"aligned_basepairs":0,"Ns":0},"Staphylococcus_aureus_plasmid3":{"assembler":"MINIA","contiguity":0.0,"multiplicity":0,"validity":0,"parsimony":0,"identity":0,"lowest_identity":0,"breadth_of_coverage":0.0,"L90":0,"aligned_contigs":0,"NA50":0,"NG50":0,"aligned_basepairs":0,"Ns":0}}}