{"sample_id":"ENN","ReferenceTables":{"Bacillus_subtilis":{"assembler":"metaSPAdes","contiguity":0.2552934898164139,"multiplicity":0.9992973801960515,"validity":1.0,"parsimony":0.9992973801960515,"identity":0.9996381347921433,"lowest_identity":0.9943875866622648,"breadth_of_coverage":0.9857267399251102,"L90":9,"aligned_contigs":18,"NA50":343843,"NG50":343843,"aligned_basepairs":3987932,"Ns":0},"Enterococcus_faecalis":{"assembler":"metaSPAdes","contiguity":0.23480666284294044,"multiplicity":1.0001553920509516,"validity":1.0,"parsimony":1.0001553920509516,"identity":0.9997454560456104,"lowest_identity":0.9956634865568084,"breadth_of_coverage":0.9906111354779938,"L90":9,"aligned_contigs":21,"NA50":238611,"NG50":238611,"aligned_basepairs":2818677,"Ns":0},"Escherichia_coli_plasmid":{"assembler":"metaSPAdes","contiguity":0.18599725472015416,"multiplicity":1.000132135306554,"validity":1.0,"parsimony":1.000132135306554,"identity":1.0,"lowest_identity":1.0,"breadth_of_coverage":0.9631387093548592,"L90":6,"aligned_contigs":9,"NA50":15437,"NG50":12657,"aligned_basepairs":105952,"Ns":0},"Escherichia_coli":{"assembler":"metaSPAdes","contiguity":0.10446099977462703,"multiplicity":1.0001569619720436,"validity":1.0,"parsimony":1.0001569619720436,"identity":0.9994311925593872,"lowest_identity":0.9874723655121592,"breadth_of_coverage":0.9772832862652174,"L90":33,"aligned_contigs":82,"NA50":138793,"NG50":138793,"aligned_basepairs":4657179,"Ns":0},"Lactobacillus_fermentum":{"assembler":"metaSPAdes","contiguity":0.06391901048268203,"multiplicity":1.0004493991583372,"validity":1.0,"parsimony":1.0004493991583372,"identity":0.9998329237719664,"lowest_identity":0.9909245604083948,"breadth_of_coverage":0.9424761970742123,"L90":48,"aligned_contigs":80,"NA50":46069,"NG50":40650,"aligned_basepairs":1795731,"Ns":0},"Listeria_monocytogenes":{"assembler":"metaSPAdes","contiguity":0.21125058566166569,"multiplicity":1.0000379716956929,"validity":1.0,"parsimony":1.0000379716956929,"identity":0.9995804744338066,"lowest_identity":0.9972363945578231,"breadth_of_coverage":0.9769037095358752,"L90":9,"aligned_contigs":16,"NA50":351096,"NG50":351096,"aligned_basepairs":2923230,"Ns":0},"Pseudomonas_aeruginosa":{"assembler":"metaSPAdes","contiguity":0.1321409589934529,"multiplicity":1.000116558295204,"validity":1.0,"parsimony":1.000116558295204,"identity":0.9995083127895226,"lowest_identity":0.9818662636947487,"breadth_of_coverage":0.9902710851799015,"L90":24,"aligned_contigs":56,"NA50":257869,"NG50":257869,"aligned_basepairs":6726248,"Ns":0},"Salmonella_enterica":{"assembler":"metaSPAdes","contiguity":0.11137253962711456,"multiplicity":1.0001257913839747,"validity":0.9999604293225992,"parsimony":1.0001653686051233,"identity":0.9980986922913357,"lowest_identity":0.9348694316436252,"breadth_of_coverage":0.9820704718276984,"L90":25,"aligned_contigs":56,"NA50":198784,"NG50":198784,"aligned_basepairs":4674406,"Ns":0},"Staphylococcus_aureus":{"assembler":"metaSPAdes","contiguity":0.3813993776620396,"multiplicity":1.0000264782607884,"validity":1.0,"parsimony":1.0000264782607884,"identity":0.9997323481242683,"lowest_identity":0.9964028776978417,"breadth_of_coverage":0.9862677377353077,"L90":8,"aligned_contigs":19,"NA50":360908,"NG50":360908,"aligned_basepairs":2681445,"Ns":0},"Staphylococcus_aureus_plasmid1":{"assembler":"metaSPAdes","contiguity":0.9998421966230078,"multiplicity":1.0,"validity":1.0,"parsimony":1.0,"identity":1.0,"lowest_identity":1.0,"breadth_of_coverage":0.9998421966230078,"L90":0,"aligned_contigs":1,"NA50":6336,"NG50":6336,"aligned_basepairs":6336,"Ns":0},"Staphylococcus_aureus_plasmid2":{"assembler":"metaSPAdes","contiguity":0.9368231046931408,"multiplicity":1.0,"validity":1.0,"parsimony":1.0,"identity":0.9995183044315993,"lowest_identity":0.9995183044315993,"breadth_of_coverage":0.9368231046931408,"L90":0,"aligned_contigs":1,"NA50":2076,"NG50":2076,"aligned_basepairs":2076,"Ns":0},"Staphylococcus_aureus_plasmid3":{"assembler":"metaSPAdes","contiguity":0.5603073838957567,"multiplicity":1.0183823529411764,"validity":1.0,"parsimony":1.0183823529411764,"identity":1.0,"lowest_identity":1.0,"breadth_of_coverage":0.9996658870698296,"L90":1,"aligned_contigs":2,"NA50":1677,"NG50":1677,"aligned_basepairs":2992,"Ns":0}}}