{"sample_id":"ENN","ReferenceTables":{"Bacillus_subtilis":{"assembler":"MetaHipMer2","contiguity":0.09783183383151942,"multiplicity":1.0000243998885152,"validity":1.0,"parsimony":1.0000243998885152,"identity":1.0,"lowest_identity":1.0,"breadth_of_coverage":0.9826360334747435,"L90":15,"aligned_contigs":27,"NA50":257264,"NG50":257264,"aligned_basepairs":3975428,"Ns":0},"Enterococcus_faecalis":{"assembler":"MetaHipMer2","contiguity":0.13575563577883118,"multiplicity":1.0005282650246934,"validity":1.0,"parsimony":1.0005282650246934,"identity":0.9999993071253498,"lowest_identity":0.9999688206407358,"breadth_of_coverage":0.9879443675950449,"L90":26,"aligned_contigs":45,"NA50":118895,"NG50":118895,"aligned_basepairs":2811089,"Ns":0},"Escherichia_coli_plasmid":{"assembler":"MetaHipMer2","contiguity":0.1863790486059978,"multiplicity":1.0002064506442199,"validity":1.0,"parsimony":1.0002064506442199,"identity":1.0,"lowest_identity":1.0,"breadth_of_coverage":0.9686929013608225,"L90":7,"aligned_contigs":10,"NA50":12578,"NG50":12578,"aligned_basepairs":106563,"Ns":0},"Escherichia_coli":{"assembler":"MetaHipMer2","contiguity":0.027640924205434386,"multiplicity":1.0010418118595301,"validity":0.9999809441770494,"parsimony":1.0010608878985727,"identity":0.9999872671995442,"lowest_identity":0.9983566146261298,"breadth_of_coverage":0.9680371189696468,"L90":107,"aligned_contigs":191,"NA50":59122,"NG50":56794,"aligned_basepairs":4613117,"Ns":0},"Lactobacillus_fermentum":{"assembler":"MetaHipMer2","contiguity":0.06396414694964082,"multiplicity":1.000555549339271,"validity":1.0,"parsimony":1.000555549339271,"identity":1.0,"lowest_identity":1.0,"breadth_of_coverage":0.9381142299010199,"L90":55,"aligned_contigs":87,"NA50":40362,"NG50":40067,"aligned_basepairs":1787420,"Ns":0},"Listeria_monocytogenes":{"assembler":"MetaHipMer2","contiguity":0.15651920803170224,"multiplicity":1.0000864795710889,"validity":1.0,"parsimony":1.0000864795710889,"identity":1.0,"lowest_identity":1.0,"breadth_of_coverage":0.9738134878967711,"L90":13,"aligned_contigs":24,"NA50":193935,"NG50":193935,"aligned_basepairs":2913983,"Ns":0},"Pseudomonas_aeruginosa":{"assembler":"MetaHipMer2","contiguity":0.06803291359518751,"multiplicity":1.000597818142411,"validity":0.9999281491748089,"parsimony":1.0006697170873275,"identity":0.9999545316512968,"lowest_identity":0.9961472709836134,"breadth_of_coverage":0.9890217348097045,"L90":42,"aligned_contigs":101,"NA50":187706,"NG50":187706,"aligned_basepairs":6717762,"Ns":0},"Salmonella_enterica":{"assembler":"MetaHipMer2","contiguity":0.05948510697839759,"multiplicity":1.0010785655035712,"validity":0.9999928977104586,"parsimony":1.0010856755038944,"identity":0.9999849312495144,"lowest_identity":0.9978815803410656,"breadth_of_coverage":0.9751255634229221,"L90":86,"aligned_contigs":161,"NA50":60329,"NG50":58958,"aligned_basepairs":4641350,"Ns":0},"Staphylococcus_aureus":{"assembler":"MetaHipMer2","contiguity":0.06690169855596996,"multiplicity":1.0006516345792251,"validity":1.0,"parsimony":1.0006516345792251,"identity":0.9999626517273574,"lowest_identity":0.9974603174603175,"breadth_of_coverage":0.9810058187863674,"L90":41,"aligned_contigs":68,"NA50":53350,"NG50":53350,"aligned_basepairs":2667139,"Ns":0},"Staphylococcus_aureus_plasmid1":{"assembler":"MetaHipMer2","contiguity":0.9995265898690232,"multiplicity":1.0,"validity":1.0,"parsimony":1.0,"identity":1.0,"lowest_identity":1.0,"breadth_of_coverage":0.9995265898690232,"L90":0,"aligned_contigs":1,"NA50":6334,"NG50":6334,"aligned_basepairs":6334,"Ns":0},"Staphylococcus_aureus_plasmid2":{"assembler":"MetaHipMer2","contiguity":0.9986462093862816,"multiplicity":1.0,"validity":1.0,"parsimony":1.0,"identity":1.0,"lowest_identity":1.0,"breadth_of_coverage":0.9986462093862816,"L90":0,"aligned_contigs":1,"NA50":2213,"NG50":2213,"aligned_basepairs":2213,"Ns":0},"Staphylococcus_aureus_plasmid3":{"assembler":"MetaHipMer2","contiguity":0.9989976612094889,"multiplicity":1.0,"validity":1.0,"parsimony":1.0,"identity":1.0,"lowest_identity":1.0,"breadth_of_coverage":0.9989976612094889,"L90":0,"aligned_contigs":1,"NA50":2990,"NG50":2990,"aligned_basepairs":2990,"Ns":0}}}